step,segment,human_task,human_action,human_action_index,human_micro,human_x,human_y,human_holding,robot_task,robot_holding,ir_called,most_likely,confidence,p_item_3,p_item_6,p_item_4,p_item_7,p_item_5,p_ac_activation,p_coffee_break,p_unknown
0,seg1_deliver_item_3,"deliver_item(?item=item_3,?kitting_table=kitting_table_0)",move_to,0,step,82.6,540.1,,deliver_item,,True,coffee_break,0.1994,0.1994,0.1994,0.001,0.001,0.001,0.1994,0.1994,0.1994
1,seg1_deliver_item_3,"deliver_item(?item=item_3,?kitting_table=kitting_table_0)",move_to,0,step,65.3,530.2,,deliver_item,,True,item_3,0.4789,0.4789,0.1589,0.001,0.001,0.001,0.1197,0.1197,0.1197
2,seg1_deliver_item_3,"deliver_item(?item=item_3,?kitting_table=kitting_table_0)",move_to,0,step,47.9,520.2,,deliver_item,,True,item_3,0.4789,0.4789,0.1589,0.001,0.001,0.001,0.1197,0.1197,0.1197
3,seg1_deliver_item_3,"deliver_item(?item=item_3,?kitting_table=kitting_table_0)",move_to,0,step,30.5,510.3,,deliver_item,,True,item_3,0.4789,0.4789,0.1589,0.001,0.001,0.001,0.1197,0.1197,0.1197
4,seg1_deliver_item_3,"deliver_item(?item=item_3,?kitting_table=kitting_table_0)",move_to,0,step,13.2,500.4,,deliver_item,,True,item_3,0.4789,0.4789,0.1589,0.001,0.001,0.001,0.1197,0.1197,0.1197
5,seg1_deliver_item_3,"deliver_item(?item=item_3,?kitting_table=kitting_table_0)",move_to,0,step,-4.2,490.5,,deliver_item,,True,item_3,0.4789,0.4789,0.1589,0.001,0.001,0.001,0.1197,0.1197,0.1197
6,seg1_deliver_item_3,"deliver_item(?item=item_3,?kitting_table=kitting_table_0)",move_to,0,step,-21.6,480.5,,deliver_item,,True,item_3,0.4789,0.4789,0.1589,0.001,0.001,0.001,0.1197,0.1197,0.1197
7,seg1_deliver_item_3,"deliver_item(?item=item_3,?kitting_table=kitting_table_0)",move_to,0,step,-38.9,470.6,,deliver_item,,True,item_3,0.4789,0.4789,0.1589,0.001,0.001,0.001,0.1197,0.1197,0.1197
8,seg1_deliver_item_3,"deliver_item(?item=item_3,?kitting_table=kitting_table_0)",move_to,0,step,-56.3,460.7,,deliver_item,,True,item_3,0.4789,0.4789,0.1589,0.001,0.001,0.001,0.1197,0.1197,0.1197
9,seg1_deliver_item_3,"deliver_item(?item=item_3,?kitting_table=kitting_table_0)",move_to,0,step,-73.6,450.8,,deliver_item,,True,item_3,0.4789,0.4789,0.1589,0.001,0.001,0.001,0.1197,0.1197,0.1197
10,seg1_deliver_item_3,"deliver_item(?item=item_3,?kitting_table=kitting_table_0)",move_to,0,step,-91.0,440.8,,deliver_item,,True,item_3,0.4789,0.4789,0.1589,0.001,0.001,0.001,0.1197,0.1197,0.1197
11,seg1_deliver_item_3,"deliver_item(?item=item_3,?kitting_table=kitting_table_0)",move_to,0,step,-108.4,430.9,,deliver_item,,True,item_3,0.4789,0.4789,0.1589,0.001,0.001,0.001,0.1197,0.1197,0.1197
12,seg1_deliver_item_3,"deliver_item(?item=item_3,?kitting_table=kitting_table_0)",move_to,0,step,-125.7,421.0,,deliver_item,,True,item_3,0.4789,0.4789,0.1589,0.001,0.001,0.001,0.1197,0.1197,0.1197
13,seg1_deliver_item_3,"deliver_item(?item=item_3,?kitting_table=kitting_table_0)",move_to,0,step,-143.1,411.1,,deliver_item,,True,item_3,0.4789,0.4789,0.1589,0.001,0.001,0.001,0.1197,0.1197,0.1197
14,seg1_deliver_item_3,"deliver_item(?item=item_3,?kitting_table=kitting_table_0)",move_to,0,step,-160.5,401.2,,deliver_item,,True,item_3,0.4789,0.4789,0.1589,0.001,0.001,0.001,0.1197,0.1197,0.1197
15,seg1_deliver_item_3,"deliver_item(?item=item_3,?kitting_table=kitting_table_0)",move_to,0,step,-177.8,391.2,,deliver_item,,True,item_3,0.4789,0.4789,0.1589,0.001,0.001,0.001,0.1197,0.1197,0.1197
16,seg1_deliver_item_3,"deliver_item(?item=item_3,?kitting_table=kitting_table_0)",move_to,0,step,-195.2,381.3,,deliver_item,,True,item_3,0.4789,0.4789,0.1589,0.001,0.001,0.001,0.1197,0.1197,0.1197
17,seg1_deliver_item_3,"deliver_item(?item=item_3,?kitting_table=kitting_table_0)",move_to,0,step,-212.6,371.4,,deliver_item,,True,item_3,0.4789,0.4789,0.1589,0.001,0.001,0.001,0.1197,0.1197,0.1197
18,seg1_deliver_item_3,"deliver_item(?item=item_3,?kitting_table=kitting_table_0)",move_to,0,step,-229.9,361.5,,deliver_item,,True,item_3,0.4789,0.4789,0.1589,0.001,0.001,0.001,0.1197,0.1197,0.1197
19,seg1_deliver_item_3,"deliver_item(?item=item_3,?kitting_table=kitting_table_0)",move_to,0,step,-247.3,351.5,,deliver_item,,True,item_3,0.4789,0.4789,0.1589,0.001,0.001,0.001,0.1197,0.1197,0.1197
20,seg1_deliver_item_3,"deliver_item(?item=item_3,?kitting_table=kitting_table_0)",move_to,0,step,-264.7,341.6,,deliver_item,,True,item_3,0.4789,0.4789,0.1589,0.001,0.001,0.001,0.1197,0.1197,0.1197
21,seg1_deliver_item_3,"deliver_item(?item=item_3,?kitting_table=kitting_table_0)",move_to,0,step,-282.0,331.7,,deliver_item,,True,item_3,0.4789,0.4789,0.1589,0.001,0.001,0.001,0.1197,0.1197,0.1197
22,seg1_deliver_item_3,"deliver_item(?item=item_3,?kitting_table=kitting_table_0)",move_to,0,step,-299.4,321.8,,deliver_item,,True,item_3,0.4789,0.4789,0.1589,0.001,0.001,0.001,0.1197,0.1197,0.1197
23,seg1_deliver_item_3,"deliver_item(?item=item_3,?kitting_table=kitting_table_0)",move_to,0,step,-316.8,311.9,,deliver_item,,True,item_3,0.4789,0.4789,0.1589,0.001,0.001,0.001,0.1197,0.1197,0.1197
24,seg1_deliver_item_3,"deliver_item(?item=item_3,?kitting_table=kitting_table_0)",move_to,0,step,-334.1,301.9,,deliver_item,,True,item_3,0.4789,0.4789,0.1589,0.001,0.001,0.001,0.1197,0.1197,0.1197
25,seg1_deliver_item_3,"deliver_item(?item=item_3,?kitting_table=kitting_table_0)",move_to,0,step,-351.5,292.0,,deliver_item,,True,item_3,0.4789,0.4789,0.1589,0.001,0.001,0.001,0.1197,0.1197,0.1197
26,seg1_deliver_item_3,"deliver_item(?item=item_3,?kitting_table=kitting_table_0)",move_to,0,step,-368.9,282.1,,deliver_item,,True,item_3,0.4789,0.4789,0.1589,0.001,0.001,0.001,0.1197,0.1197,0.1197
27,seg1_deliver_item_3,"deliver_item(?item=item_3,?kitting_table=kitting_table_0)",move_to,0,step,-386.2,272.2,,deliver_item,,True,item_3,0.4789,0.4789,0.1589,0.001,0.001,0.001,0.1197,0.1197,0.1197
28,seg1_deliver_item_3,"deliver_item(?item=item_3,?kitting_table=kitting_table_0)",move_to,0,step,-403.6,262.2,,deliver_item,,True,item_3,0.4789,0.4789,0.1589,0.001,0.001,0.001,0.1197,0.1197,0.1197
29,seg1_deliver_item_3,"deliver_item(?item=item_3,?kitting_table=kitting_table_0)",move_to,0,step,-420.9,252.3,,deliver_item,,True,item_3,0.4789,0.4789,0.1589,0.001,0.001,0.001,0.1197,0.1197,0.1197
30,seg1_deliver_item_3,"deliver_item(?item=item_3,?kitting_table=kitting_table_0)",move_to,0,step,-438.3,242.4,,deliver_item,,True,item_3,0.4789,0.4789,0.1589,0.001,0.001,0.001,0.1197,0.1197,0.1197
31,seg1_deliver_item_3,"deliver_item(?item=item_3,?kitting_table=kitting_table_0)",move_to,0,step,-455.7,232.5,,deliver_item,,True,item_3,0.4789,0.4789,0.1589,0.001,0.001,0.001,0.1197,0.1197,0.1197
32,seg1_deliver_item_3,"deliver_item(?item=item_3,?kitting_table=kitting_table_0)",move_to,0,step,-473.0,222.5,,deliver_item,,True,item_3,0.4789,0.4789,0.1589,0.001,0.001,0.001,0.1197,0.1197,0.1197
33,seg1_deliver_item_3,"deliver_item(?item=item_3,?kitting_table=kitting_table_0)",move_to,0,step,-490.4,212.6,,deliver_item,,True,item_3,0.4789,0.4789,0.1589,0.001,0.001,0.001,0.1197,0.1197,0.1197
34,seg1_deliver_item_3,"deliver_item(?item=item_3,?kitting_table=kitting_table_0)",move_to,0,step,-507.8,202.7,,deliver_item,,True,item_3,0.4789,0.4789,0.1589,0.001,0.001,0.001,0.1197,0.1197,0.1197
35,seg1_deliver_item_3,"deliver_item(?item=item_3,?kitting_table=kitting_table_0)",move_to,0,step,-525.1,192.8,,deliver_item,,True,item_3,0.4789,0.4789,0.1589,0.001,0.001,0.001,0.1197,0.1197,0.1197
36,seg1_deliver_item_3,"deliver_item(?item=item_3,?kitting_table=kitting_table_0)",move_to,0,step,-542.5,182.9,,deliver_item,,True,item_3,0.4789,0.4789,0.1589,0.001,0.001,0.001,0.1197,0.1197,0.1197
37,seg1_deliver_item_3,"deliver_item(?item=item_3,?kitting_table=kitting_table_0)",move_to,0,step,-559.9,172.9,,deliver_item,,True,item_3,0.4789,0.4789,0.1589,0.001,0.001,0.001,0.1197,0.1197,0.1197
38,seg1_deliver_item_3,"deliver_item(?item=item_3,?kitting_table=kitting_table_0)",move_to,0,step,-577.2,163.0,,deliver_item,,True,item_3,0.4789,0.4789,0.1589,0.001,0.001,0.001,0.1197,0.1197,0.1197
39,seg1_deliver_item_3,"deliver_item(?item=item_3,?kitting_table=kitting_table_0)",move_to,0,step,-594.6,153.1,,deliver_item,,True,item_3,0.4789,0.4789,0.1589,0.001,0.001,0.001,0.1197,0.1197,0.1197
40,seg1_deliver_item_3,"deliver_item(?item=item_3,?kitting_table=kitting_table_0)",move_to,0,step,-612.0,143.2,,deliver_item,,True,item_3,0.4789,0.4789,0.1589,0.001,0.001,0.001,0.1197,0.1197,0.1197
41,seg1_deliver_item_3,"deliver_item(?item=item_3,?kitting_table=kitting_table_0)",move_to,0,step,-629.3,133.2,,deliver_item,,True,item_3,0.4789,0.4789,0.1589,0.001,0.001,0.001,0.1197,0.1197,0.1197
42,seg1_deliver_item_3,"deliver_item(?item=item_3,?kitting_table=kitting_table_0)",move_to,0,step,-646.7,123.3,,deliver_item,,True,item_3,0.4789,0.4789,0.1589,0.001,0.001,0.001,0.1197,0.1197,0.1197
43,seg1_deliver_item_3,"deliver_item(?item=item_3,?kitting_table=kitting_table_0)",move_to,0,step,-664.1,113.4,,deliver_item,,True,item_3,0.4789,0.4789,0.1589,0.001,0.001,0.001,0.1197,0.1197,0.1197
44,seg1_deliver_item_3,"deliver_item(?item=item_3,?kitting_table=kitting_table_0)",move_to,0,step,-681.4,103.5,,deliver_item,,True,item_3,0.4789,0.4789,0.1589,0.001,0.001,0.001,0.1197,0.1197,0.1197
45,seg1_deliver_item_3,"deliver_item(?item=item_3,?kitting_table=kitting_table_0)",move_to,0,step,-698.8,93.6,,deliver_item,,True,item_3,0.4789,0.4789,0.1589,0.001,0.001,0.001,0.1197,0.1197,0.1197
46,seg1_deliver_item_3,"deliver_item(?item=item_3,?kitting_table=kitting_table_0)",move_to,0,step,-716.1,83.6,,deliver_item,,True,item_3,0.4789,0.4789,0.1589,0.001,0.001,0.001,0.1197,0.1197,0.1197
47,seg1_deliver_item_3,"deliver_item(?item=item_3,?kitting_table=kitting_table_0)",move_to,0,step,-733.5,73.7,,deliver_item,,True,item_3,0.4789,0.4789,0.1589,0.001,0.001,0.001,0.1197,0.1197,0.1197
48,seg1_deliver_item_3,"deliver_item(?item=item_3,?kitting_table=kitting_table_0)",move_to,0,step,-750.9,63.8,,deliver_item,,True,item_3,0.4789,0.4789,0.1589,0.001,0.001,0.001,0.1197,0.1197,0.1197
49,seg1_deliver_item_3,"deliver_item(?item=item_3,?kitting_table=kitting_table_0)",move_to,0,step,-768.2,53.9,,deliver_item,,True,item_3,0.4789,0.4789,0.1589,0.001,0.001,0.001,0.1197,0.1197,0.1197
50,seg1_deliver_item_3,"deliver_item(?item=item_3,?kitting_table=kitting_table_0)",move_to,0,step,-785.6,43.9,,deliver_item,,True,item_3,0.4789,0.4789,0.1589,0.001,0.001,0.001,0.1197,0.1197,0.1197
51,seg1_deliver_item_3,"deliver_item(?item=item_3,?kitting_table=kitting_table_0)",move_to,0,step,-803.0,34.0,,deliver_item,,True,item_3,0.4789,0.4789,0.1589,0.001,0.001,0.001,0.1197,0.1197,0.1197
52,seg1_deliver_item_3,"deliver_item(?item=item_3,?kitting_table=kitting_table_0)",move_to,0,step,-820.3,24.1,,deliver_item,,True,item_3,0.4789,0.4789,0.1589,0.001,0.001,0.001,0.1197,0.1197,0.1197
53,seg1_deliver_item_3,"deliver_item(?item=item_3,?kitting_table=kitting_table_0)",move_to,0,step,-837.7,14.2,,deliver_item,,True,item_3,0.4789,0.4789,0.1589,0.001,0.001,0.001,0.1197,0.1197,0.1197
54,seg1_deliver_item_3,"deliver_item(?item=item_3,?kitting_table=kitting_table_0)",move_to,0,step,-855.1,4.2,,deliver_item,,True,item_3,0.4789,0.4789,0.1589,0.001,0.001,0.001,0.1197,0.1197,0.1197
55,seg1_deliver_item_3,"deliver_item(?item=item_3,?kitting_table=kitting_table_0)",move_to,0,step,-872.4,-5.7,,deliver_item,,True,item_3,0.647,0.647,0.1074,0.001,0.001,0.001,0.0809,0.0809,0.0809
56,seg1_deliver_item_3,"deliver_item(?item=item_3,?kitting_table=kitting_table_0)",move_to,0,step,-889.8,-15.6,,deliver_item,,True,item_3,0.647,0.647,0.1074,0.001,0.001,0.001,0.0809,0.0809,0.0809
57,seg1_deliver_item_3,"deliver_item(?item=item_3,?kitting_table=kitting_table_0)",move_to,0,step,-907.2,-25.5,,deliver_item,,True,item_3,0.647,0.647,0.1074,0.001,0.001,0.001,0.0809,0.0809,0.0809
58,seg1_deliver_item_3,"deliver_item(?item=item_3,?kitting_table=kitting_table_0)",move_to,0,step,-924.5,-35.4,,deliver_item,,True,item_3,0.647,0.647,0.1074,0.001,0.001,0.001,0.0809,0.0809,0.0809
59,seg1_deliver_item_3,"deliver_item(?item=item_3,?kitting_table=kitting_table_0)",move_to,1,,-924.5,-35.4,,deliver_item,,True,item_3,0.647,0.647,0.1074,0.001,0.001,0.001,0.0809,0.0809,0.0809
60,seg1_deliver_item_3,"deliver_item(?item=item_3,?kitting_table=kitting_table_0)",pick_up,1,grasp,-924.5,-35.4,item_3,deliver_item,,True,item_3,0.5691,0.5691,0.001,0.001,0.001,0.001,0.1423,0.1423,0.1423
61,seg1_deliver_item_3,"deliver_item(?item=item_3,?kitting_table=kitting_table_0)",pick_up,2,,-924.5,-35.4,item_3,deliver_item,,True,item_3,0.5691,0.5691,0.001,0.001,0.001,0.001,0.1423,0.1423,0.1423
62,seg1_deliver_item_3,"deliver_item(?item=item_3,?kitting_table=kitting_table_0)",move_to,2,step,-907.2,-25.4,item_3,deliver_item,,True,item_3,0.5691,0.5691,0.001,0.001,0.001,0.001,0.1423,0.1423,0.1423
63,seg1_deliver_item_3,"deliver_item(?item=item_3,?kitting_table=kitting_table_0)",move_to,2,step,-889.9,-15.4,item_3,deliver_item,,True,item_3,0.5691,0.5691,0.001,0.001,0.001,0.001,0.1423,0.1423,0.1423
64,seg1_deliver_item_3,"deliver_item(?item=item_3,?kitting_table=kitting_table_0)",move_to,2,step,-872.6,-5.4,item_3,deliver_item,,True,item_3,0.5691,0.5691,0.001,0.001,0.001,0.001,0.1423,0.1423,0.1423
65,seg1_deliver_item_3,"deliver_item(?item=item_3,?kitting_table=kitting_table_0)",move_to,2,step,-855.3,4.6,item_3,deliver_item,,True,item_3,0.5691,0.5691,0.001,0.001,0.001,0.001,0.1423,0.1423,0.1423
66,seg1_deliver_item_3,"deliver_item(?item=item_3,?kitting_table=kitting_table_0)",move_to,2,step,-838.0,14.7,item_3,deliver_item,,True,item_3,0.5691,0.5691,0.001,0.001,0.001,0.001,0.1423,0.1423,0.1423
67,seg1_deliver_item_3,"deliver_item(?item=item_3,?kitting_table=kitting_table_0)",move_to,2,step,-820.7,24.7,item_3,deliver_item,,True,item_3,0.5691,0.5691,0.001,0.001,0.001,0.001,0.1423,0.1423,0.1423
68,seg1_deliver_item_3,"deliver_item(?item=item_3,?kitting_table=kitting_table_0)",move_to,2,step,-803.4,34.7,item_3,deliver_item,,True,item_3,0.5691,0.5691,0.001,0.001,0.001,0.001,0.1423,0.1423,0.1423
69,seg1_deliver_item_3,"deliver_item(?item=item_3,?kitting_table=kitting_table_0)",move_to,2,step,-786.1,44.7,item_3,deliver_item,,True,item_3,0.5691,0.5691,0.001,0.001,0.001,0.001,0.1423,0.1423,0.1423
70,seg1_deliver_item_3,"deliver_item(?item=item_3,?kitting_table=kitting_table_0)",move_to,2,step,-768.8,54.8,item_3,deliver_item,,True,item_3,0.5691,0.5691,0.001,0.001,0.001,0.001,0.1423,0.1423,0.1423
71,seg1_deliver_item_3,"deliver_item(?item=item_3,?kitting_table=kitting_table_0)",move_to,2,step,-751.5,64.8,item_3,deliver_item,,True,item_3,0.5691,0.5691,0.001,0.001,0.001,0.001,0.1423,0.1423,0.1423
72,seg1_deliver_item_3,"deliver_item(?item=item_3,?kitting_table=kitting_table_0)",move_to,2,step,-734.2,74.8,item_3,deliver_item,,True,item_3,0.5691,0.5691,0.001,0.001,0.001,0.001,0.1423,0.1423,0.1423
73,seg1_deliver_item_3,"deliver_item(?item=item_3,?kitting_table=kitting_table_0)",move_to,2,step,-716.8,84.8,item_3,deliver_item,,True,item_3,0.5691,0.5691,0.001,0.001,0.001,0.001,0.1423,0.1423,0.1423
74,seg1_deliver_item_3,"deliver_item(?item=item_3,?kitting_table=kitting_table_0)",move_to,2,step,-699.5,94.9,item_3,deliver_item,,True,item_3,0.5691,0.5691,0.001,0.001,0.001,0.001,0.1423,0.1423,0.1423
75,seg1_deliver_item_3,"deliver_item(?item=item_3,?kitting_table=kitting_table_0)",move_to,2,step,-682.2,104.9,item_3,deliver_item,,True,item_3,0.5691,0.5691,0.001,0.001,0.001,0.001,0.1423,0.1423,0.1423
76,seg1_deliver_item_3,"deliver_item(?item=item_3,?kitting_table=kitting_table_0)",move_to,2,step,-664.9,114.9,item_3,deliver_item,,True,item_3,0.5691,0.5691,0.001,0.001,0.001,0.001,0.1423,0.1423,0.1423
77,seg1_deliver_item_3,"deliver_item(?item=item_3,?kitting_table=kitting_table_0)",move_to,2,step,-647.6,124.9,item_3,deliver_item,,True,item_3,0.5691,0.5691,0.001,0.001,0.001,0.001,0.1423,0.1423,0.1423
78,seg1_deliver_item_3,"deliver_item(?item=item_3,?kitting_table=kitting_table_0)",move_to,2,step,-630.3,135.0,item_3,deliver_item,,True,item_3,0.5691,0.5691,0.001,0.001,0.001,0.001,0.1423,0.1423,0.1423
79,seg1_deliver_item_3,"deliver_item(?item=item_3,?kitting_table=kitting_table_0)",move_to,2,step,-613.0,145.0,item_3,deliver_item,,True,item_3,0.5691,0.5691,0.001,0.001,0.001,0.001,0.1423,0.1423,0.1423
80,seg1_deliver_item_3,"deliver_item(?item=item_3,?kitting_table=kitting_table_0)",move_to,2,step,-595.7,155.0,item_3,deliver_item,,True,item_3,0.5691,0.5691,0.001,0.001,0.001,0.001,0.1423,0.1423,0.1423
81,seg1_deliver_item_3,"deliver_item(?item=item_3,?kitting_table=kitting_table_0)",move_to,2,step,-578.4,165.0,item_3,deliver_item,,True,item_3,0.5691,0.5691,0.001,0.001,0.001,0.001,0.1423,0.1423,0.1423
82,seg1_deliver_item_3,"deliver_item(?item=item_3,?kitting_table=kitting_table_0)",move_to,2,step,-561.1,175.0,item_3,deliver_item,,True,item_3,0.5691,0.5691,0.001,0.001,0.001,0.001,0.1423,0.1423,0.1423
83,seg1_deliver_item_3,"deliver_item(?item=item_3,?kitting_table=kitting_table_0)",move_to,2,step,-543.8,185.1,item_3,deliver_item,,True,item_3,0.5691,0.5691,0.001,0.001,0.001,0.001,0.1423,0.1423,0.1423
84,seg1_deliver_item_3,"deliver_item(?item=item_3,?kitting_table=kitting_table_0)",move_to,2,step,-526.5,195.1,item_3,deliver_item,,True,item_3,0.5691,0.5691,0.001,0.001,0.001,0.001,0.1423,0.1423,0.1423
85,seg1_deliver_item_3,"deliver_item(?item=item_3,?kitting_table=kitting_table_0)",move_to,2,step,-509.2,205.1,item_3,deliver_item,,True,item_3,0.5691,0.5691,0.001,0.001,0.001,0.001,0.1423,0.1423,0.1423
86,seg1_deliver_item_3,"deliver_item(?item=item_3,?kitting_table=kitting_table_0)",move_to,2,step,-491.9,215.1,item_3,deliver_item,,True,item_3,0.5691,0.5691,0.001,0.001,0.001,0.001,0.1423,0.1423,0.1423
87,seg1_deliver_item_3,"deliver_item(?item=item_3,?kitting_table=kitting_table_0)",move_to,2,step,-474.5,225.2,item_3,deliver_item,,True,item_3,0.5691,0.5691,0.001,0.001,0.001,0.001,0.1423,0.1423,0.1423
88,seg1_deliver_item_3,"deliver_item(?item=item_3,?kitting_table=kitting_table_0)",move_to,2,step,-457.2,235.2,item_3,deliver_item,,True,item_3,0.5691,0.5691,0.001,0.001,0.001,0.001,0.1423,0.1423,0.1423
89,seg1_deliver_item_3,"deliver_item(?item=item_3,?kitting_table=kitting_table_0)",move_to,2,step,-439.9,245.2,item_3,deliver_item,,True,item_3,0.5691,0.5691,0.001,0.001,0.001,0.001,0.1423,0.1423,0.1423
90,seg1_deliver_item_3,"deliver_item(?item=item_3,?kitting_table=kitting_table_0)",move_to,2,step,-422.6,255.2,item_3,deliver_item,,True,item_3,0.5691,0.5691,0.001,0.001,0.001,0.001,0.1423,0.1423,0.1423
91,seg1_deliver_item_3,"deliver_item(?item=item_3,?kitting_table=kitting_table_0)",move_to,2,step,-405.3,265.3,item_3,deliver_item,,True,item_3,0.5691,0.5691,0.001,0.001,0.001,0.001,0.1423,0.1423,0.1423
92,seg1_deliver_item_3,"deliver_item(?item=item_3,?kitting_table=kitting_table_0)",move_to,2,step,-388.0,275.3,item_3,deliver_item,,True,item_3,0.5691,0.5691,0.001,0.001,0.001,0.001,0.1423,0.1423,0.1423
93,seg1_deliver_item_3,"deliver_item(?item=item_3,?kitting_table=kitting_table_0)",move_to,2,step,-370.7,285.3,item_3,deliver_item,,True,item_3,0.5691,0.5691,0.001,0.001,0.001,0.001,0.1423,0.1423,0.1423
94,seg1_deliver_item_3,"deliver_item(?item=item_3,?kitting_table=kitting_table_0)",move_to,2,step,-353.4,295.3,item_3,deliver_item,,True,item_3,0.5691,0.5691,0.001,0.001,0.001,0.001,0.1423,0.1423,0.1423
95,seg1_deliver_item_3,"deliver_item(?item=item_3,?kitting_table=kitting_table_0)",move_to,2,step,-336.1,305.4,item_3,deliver_item,,True,item_3,0.5691,0.5691,0.001,0.001,0.001,0.001,0.1423,0.1423,0.1423
96,seg1_deliver_item_3,"deliver_item(?item=item_3,?kitting_table=kitting_table_0)",move_to,2,step,-318.8,315.4,item_3,deliver_item,,True,item_3,0.5691,0.5691,0.001,0.001,0.001,0.001,0.1423,0.1423,0.1423
97,seg1_deliver_item_3,"deliver_item(?item=item_3,?kitting_table=kitting_table_0)",move_to,2,step,-301.5,325.4,item_3,deliver_item,item_4,True,item_3,0.5691,0.5691,0.001,0.001,0.001,0.001,0.1423,0.1423,0.1423
98,seg1_deliver_item_3,"deliver_item(?item=item_3,?kitting_table=kitting_table_0)",move_to,2,step,-284.2,335.4,item_3,deliver_item,item_4,True,item_3,0.5691,0.5691,0.001,0.001,0.001,0.001,0.1423,0.1423,0.1423
99,seg1_deliver_item_3,"deliver_item(?item=item_3,?kitting_table=kitting_table_0)",move_to,2,step,-266.9,345.4,item_3,deliver_item,item_4,True,item_3,0.5691,0.5691,0.001,0.001,0.001,0.001,0.1423,0.1423,0.1423
100,seg1_deliver_item_3,"deliver_item(?item=item_3,?kitting_table=kitting_table_0)",move_to,2,step,-249.6,355.5,item_3,deliver_item,item_4,True,item_3,0.5691,0.5691,0.001,0.001,0.001,0.001,0.1423,0.1423,0.1423
101,seg1_deliver_item_3,"deliver_item(?item=item_3,?kitting_table=kitting_table_0)",move_to,2,step,-232.2,365.5,item_3,deliver_item,item_4,True,item_3,0.5691,0.5691,0.001,0.001,0.001,0.001,0.1423,0.1423,0.1423
102,seg1_deliver_item_3,"deliver_item(?item=item_3,?kitting_table=kitting_table_0)",move_to,2,step,-214.9,375.5,item_3,deliver_item,item_4,True,item_3,0.5691,0.5691,0.001,0.001,0.001,0.001,0.1423,0.1423,0.1423
103,seg1_deliver_item_3,"deliver_item(?item=item_3,?kitting_table=kitting_table_0)",move_to,2,step,-197.6,385.5,item_3,deliver_item,item_4,True,item_3,0.5691,0.5691,0.001,0.001,0.001,0.001,0.1423,0.1423,0.1423
104,seg1_deliver_item_3,"deliver_item(?item=item_3,?kitting_table=kitting_table_0)",move_to,2,step,-180.3,395.6,item_3,deliver_item,item_4,True,item_3,0.5691,0.5691,0.001,0.001,0.001,0.001,0.1423,0.1423,0.1423
105,seg1_deliver_item_3,"deliver_item(?item=item_3,?kitting_table=kitting_table_0)",move_to,2,step,-163.0,405.6,item_3,deliver_item,item_4,True,item_3,0.5691,0.5691,0.001,0.001,0.001,0.001,0.1423,0.1423,0.1423
106,seg1_deliver_item_3,"deliver_item(?item=item_3,?kitting_table=kitting_table_0)",move_to,2,step,-145.7,415.6,item_3,deliver_item,item_4,True,item_3,0.5691,0.5691,0.001,0.001,0.001,0.001,0.1423,0.1423,0.1423
107,seg1_deliver_item_3,"deliver_item(?item=item_3,?kitting_table=kitting_table_0)",move_to,2,step,-128.4,425.6,item_3,deliver_item,item_4,True,item_3,0.5691,0.5691,0.001,0.001,0.001,0.001,0.1423,0.1423,0.1423
108,seg1_deliver_item_3,"deliver_item(?item=item_3,?kitting_table=kitting_table_0)",move_to,2,step,-111.1,435.7,item_3,deliver_item,item_4,True,item_3,0.5691,0.5691,0.001,0.001,0.001,0.001,0.1423,0.1423,0.1423
109,seg1_deliver_item_3,"deliver_item(?item=item_3,?kitting_table=kitting_table_0)",move_to,2,step,-93.8,445.7,item_3,deliver_item,item_4,True,item_3,0.5691,0.5691,0.001,0.001,0.001,0.001,0.1423,0.1423,0.1423
110,seg1_deliver_item_3,"deliver_item(?item=item_3,?kitting_table=kitting_table_0)",move_to,2,step,-76.5,455.7,item_3,deliver_item,item_4,True,item_3,0.5691,0.5691,0.001,0.001,0.001,0.001,0.1423,0.1423,0.1423
111,seg1_deliver_item_3,"deliver_item(?item=item_3,?kitting_table=kitting_table_0)",move_to,2,step,-59.2,465.7,item_3,deliver_item,item_4,True,item_3,0.5691,0.5691,0.001,0.001,0.001,0.001,0.1423,0.1423,0.1423
112,seg1_deliver_item_3,"deliver_item(?item=item_3,?kitting_table=kitting_table_0)",move_to,2,step,-41.9,475.7,item_3,deliver_item,item_4,True,item_3,0.5691,0.5691,0.001,0.001,0.001,0.001,0.1423,0.1423,0.1423
113,seg1_deliver_item_3,"deliver_item(?item=item_3,?kitting_table=kitting_table_0)",move_to,2,step,-24.6,485.8,item_3,deliver_item,item_4,True,item_3,0.5691,0.5691,0.001,0.001,0.001,0.001,0.1423,0.1423,0.1423
114,seg1_deliver_item_3,"deliver_item(?item=item_3,?kitting_table=kitting_table_0)",move_to,3,,-24.6,485.8,item_3,deliver_item,item_4,True,item_3,0.5691,0.5691,0.001,0.001,0.001,0.001,0.1423,0.1423,0.1423
115,seg1_deliver_item_3,"deliver_item(?item=item_3,?kitting_table=kitting_table_0)",place,3,release,-24.6,485.8,,deliver_item,item_4,True,item_3,0.5023,0.5023,0.3063,0.001,0.001,0.001,0.0628,0.0628,0.0628
116,seg1_deliver_item_3,"deliver_item(?item=item_3,?kitting_table=kitting_table_0)",place,4,,-24.6,485.8,,deliver_item,item_4,True,item_3,0.5023,0.5023,0.3063,0.001,0.001,0.001,0.0628,0.0628,0.0628
117,seg2_coffee,coffee_break(?coffee_machine=coffee_machine_0),,4,,-24.6,485.8,,deliver_item,item_4,True,item_3,0.5023,0.5023,0.3063,0.001,0.001,0.001,0.0628,0.0628,0.0628
118,seg2_coffee,coffee_break(?coffee_machine=coffee_machine_0),move_to,0,step,-25.0,465.8,,deliver_item,item_4,True,item_6,0.5691,0.3143,0.5691,0.001,0.001,0.001,0.0379,0.0379,0.0379
119,seg2_coffee,coffee_break(?coffee_machine=coffee_machine_0),move_to,0,step,-25.4,445.8,,deliver_item,item_4,True,item_6,0.5691,0.3143,0.5691,0.001,0.001,0.001,0.0379,0.0379,0.0379
120,seg2_coffee,coffee_break(?coffee_machine=coffee_machine_0),move_to,0,step,-25.8,425.8,,deliver_item,item_4,True,item_6,0.5691,0.3143,0.5691,0.001,0.001,0.001,0.0379,0.0379,0.0379
121,seg2_coffee,coffee_break(?coffee_machine=coffee_machine_0),move_to,0,step,-26.2,405.8,,deliver_item,item_4,True,item_6,0.5691,0.3143,0.5691,0.001,0.001,0.001,0.0379,0.0379,0.0379
122,seg2_coffee,coffee_break(?coffee_machine=coffee_machine_0),move_to,0,step,-26.7,385.8,,deliver_item,item_4,True,item_6,0.5691,0.3143,0.5691,0.001,0.001,0.001,0.0379,0.0379,0.0379
123,seg2_coffee,coffee_break(?coffee_machine=coffee_machine_0),move_to,0,step,-27.1,365.8,,deliver_item,item_4,True,item_6,0.5691,0.3143,0.5691,0.001,0.001,0.001,0.0379,0.0379,0.0379
124,seg2_coffee,coffee_break(?coffee_machine=coffee_machine_0),move_to,0,step,-27.5,345.8,,deliver_item,item_4,True,item_6,0.5691,0.3143,0.5691,0.001,0.001,0.001,0.0379,0.0379,0.0379
125,seg2_coffee,coffee_break(?coffee_machine=coffee_machine_0),move_to,0,step,-27.9,325.8,,deliver_item,item_4,True,item_6,0.5691,0.3143,0.5691,0.001,0.001,0.001,0.0379,0.0379,0.0379
126,seg2_coffee,coffee_break(?coffee_machine=coffee_machine_0),move_to,0,step,-28.3,305.8,,deliver_item,item_4,True,item_6,0.5691,0.3143,0.5691,0.001,0.001,0.001,0.0379,0.0379,0.0379
127,seg2_coffee,coffee_break(?coffee_machine=coffee_machine_0),move_to,0,step,-28.8,285.8,,deliver_item,item_4,True,item_6,0.5691,0.3143,0.5691,0.001,0.001,0.001,0.0379,0.0379,0.0379
128,seg2_coffee,coffee_break(?coffee_machine=coffee_machine_0),move_to,0,step,-29.2,265.8,,deliver_item,item_4,True,item_6,0.5691,0.3143,0.5691,0.001,0.001,0.001,0.0379,0.0379,0.0379
129,seg2_coffee,coffee_break(?coffee_machine=coffee_machine_0),move_to,0,step,-29.6,245.8,,deliver_item,item_4,True,item_6,0.5691,0.3143,0.5691,0.001,0.001,0.001,0.0379,0.0379,0.0379
130,seg2_coffee,coffee_break(?coffee_machine=coffee_machine_0),move_to,0,step,-30.0,225.8,,deliver_item,item_4,True,item_6,0.5691,0.3143,0.5691,0.001,0.001,0.001,0.0379,0.0379,0.0379
131,seg2_coffee,coffee_break(?coffee_machine=coffee_machine_0),move_to,0,step,-30.4,205.8,,deliver_item,item_4,True,item_6,0.5691,0.3143,0.5691,0.001,0.001,0.001,0.0379,0.0379,0.0379
132,seg2_coffee,coffee_break(?coffee_machine=coffee_machine_0),move_to,0,step,-30.9,185.8,,deliver_item,item_4,True,item_6,0.5691,0.3143,0.5691,0.001,0.001,0.001,0.0379,0.0379,0.0379
133,seg2_coffee,coffee_break(?coffee_machine=coffee_machine_0),move_to,0,step,-31.3,165.8,,deliver_item,item_4,True,item_6,0.5691,0.3143,0.5691,0.001,0.001,0.001,0.0379,0.0379,0.0379
134,seg2_coffee,coffee_break(?coffee_machine=coffee_machine_0),move_to,0,step,-31.7,145.8,,deliver_item,item_4,True,item_6,0.5691,0.3143,0.5691,0.001,0.001,0.001,0.0379,0.0379,0.0379
135,seg2_coffee,coffee_break(?coffee_machine=coffee_machine_0),move_to,0,step,-32.1,125.9,,deliver_item,item_4,True,item_6,0.5691,0.3143,0.5691,0.001,0.001,0.001,0.0379,0.0379,0.0379
136,seg2_coffee,coffee_break(?coffee_machine=coffee_machine_0),move_to,0,step,-32.5,105.9,,deliver_item,item_4,True,item_6,0.5691,0.3143,0.5691,0.001,0.001,0.001,0.0379,0.0379,0.0379
137,seg2_coffee,coffee_break(?coffee_machine=coffee_machine_0),move_to,0,step,-33.0,85.9,,deliver_item,item_4,True,item_6,0.5691,0.3143,0.5691,0.001,0.001,0.001,0.0379,0.0379,0.0379
138,seg2_coffee,coffee_break(?coffee_machine=coffee_machine_0),move_to,0,step,-33.4,65.9,,deliver_item,item_4,True,item_6,0.5691,0.3143,0.5691,0.001,0.001,0.001,0.0379,0.0379,0.0379
139,seg2_coffee,coffee_break(?coffee_machine=coffee_machine_0),move_to,0,step,-33.8,45.9,,deliver_item,item_4,True,item_6,0.5691,0.3143,0.5691,0.001,0.001,0.001,0.0379,0.0379,0.0379
140,seg2_coffee,coffee_break(?coffee_machine=coffee_machine_0),move_to,0,step,-34.2,25.9,,deliver_item,item_4,True,item_6,0.5691,0.3143,0.5691,0.001,0.001,0.001,0.0379,0.0379,0.0379
141,seg2_coffee,coffee_break(?coffee_machine=coffee_machine_0),move_to,0,step,-34.6,5.9,,deliver_item,item_4,True,item_6,0.5691,0.3143,0.5691,0.001,0.001,0.001,0.0379,0.0379,0.0379
142,seg2_coffee,coffee_break(?coffee_machine=coffee_machine_0),move_to,0,step,-35.1,-14.1,,deliver_item,item_4,True,item_6,0.6756,0.1866,0.6756,0.001,0.001,0.001,0.045,0.045,0.045
143,seg2_coffee,coffee_break(?coffee_machine=coffee_machine_0),move_to,0,step,-35.5,-34.1,,deliver_item,item_4,True,item_6,0.6756,0.1866,0.6756,0.001,0.001,0.001,0.045,0.045,0.045
144,seg2_coffee,coffee_break(?coffee_machine=coffee_machine_0),move_to,0,step,-35.9,-54.1,,deliver_item,,True,item_6,0.6756,0.1866,0.6756,0.001,0.001,0.001,0.045,0.045,0.045
145,seg2_coffee,coffee_break(?coffee_machine=coffee_machine_0),move_to,0,step,-36.3,-74.1,,deliver_item,,True,item_6,0.6756,0.1866,0.6756,0.001,0.001,0.001,0.045,0.045,0.045
146,seg2_coffee,coffee_break(?coffee_machine=coffee_machine_0),move_to,0,step,-36.7,-94.1,,,,True,item_6,0.6756,0.1866,0.6756,0.001,0.001,0.001,0.045,0.045,0.045
147,seg2_coffee,coffee_break(?coffee_machine=coffee_machine_0),move_to,0,step,-37.1,-114.1,,deliver_item,,True,item_6,0.6756,0.1866,0.6756,0.001,0.001,0.001,0.045,0.045,0.045
148,seg2_coffee,coffee_break(?coffee_machine=coffee_machine_0),move_to,0,step,-37.6,-134.1,,deliver_item,,True,item_6,0.6756,0.1866,0.6756,0.001,0.001,0.001,0.045,0.045,0.045
149,seg2_coffee,coffee_break(?coffee_machine=coffee_machine_0),move_to,0,step,-38.0,-154.1,,deliver_item,,True,item_6,0.6756,0.1866,0.6756,0.001,0.001,0.001,0.045,0.045,0.045
150,seg2_coffee,coffee_break(?coffee_machine=coffee_machine_0),move_to,0,step,-38.4,-174.1,,deliver_item,,True,item_6,0.6756,0.1866,0.6756,0.001,0.001,0.001,0.045,0.045,0.045
151,seg2_coffee,coffee_break(?coffee_machine=coffee_machine_0),move_to,0,step,-38.8,-194.1,,deliver_item,,True,item_6,0.6756,0.1866,0.6756,0.001,0.001,0.001,0.045,0.045,0.045
152,seg2_coffee,coffee_break(?coffee_machine=coffee_machine_0),move_to,0,step,-39.2,-214.1,,deliver_item,,True,item_6,0.6756,0.1866,0.6756,0.001,0.001,0.001,0.045,0.045,0.045
153,seg2_coffee,coffee_break(?coffee_machine=coffee_machine_0),move_to,0,step,-39.7,-234.1,,deliver_item,,True,item_6,0.6756,0.1866,0.6756,0.001,0.001,0.001,0.045,0.045,0.045
154,seg2_coffee,coffee_break(?coffee_machine=coffee_machine_0),move_to,1,,-39.7,-234.1,,deliver_item,,True,item_6,0.6756,0.1866,0.6756,0.001,0.001,0.001,0.045,0.045,0.045
155,seg2_coffee,coffee_break(?coffee_machine=coffee_machine_0),wait_at,1,stand,-39.7,-234.1,,deliver_item,,True,item_6,0.6756,0.1866,0.6756,0.001,0.001,0.001,0.045,0.045,0.045
156,seg2_coffee,coffee_break(?coffee_machine=coffee_machine_0),wait_at,1,stand,-39.7,-234.1,,deliver_item,,True,item_6,0.6756,0.1866,0.6756,0.001,0.001,0.001,0.045,0.045,0.045
157,seg2_coffee,coffee_break(?coffee_machine=coffee_machine_0),wait_at,1,stand,-39.7,-234.1,,deliver_item,,True,item_6,0.6756,0.1866,0.6756,0.001,0.001,0.001,0.045,0.045,0.045
158,seg2_coffee,coffee_break(?coffee_machine=coffee_machine_0),wait_at,1,stand,-39.7,-234.1,,deliver_item,,True,item_6,0.6756,0.1866,0.6756,0.001,0.001,0.001,0.045,0.045,0.045
159,seg2_coffee,coffee_break(?coffee_machine=coffee_machine_0),wait_at,1,stand,-39.7,-234.1,,deliver_item,,True,item_6,0.6756,0.1866,0.6756,0.001,0.001,0.001,0.045,0.045,0.045
160,seg2_coffee,coffee_break(?coffee_machine=coffee_machine_0),wait_at,1,stand,-39.7,-234.1,,deliver_item,,True,item_6,0.6756,0.1866,0.6756,0.001,0.001,0.001,0.045,0.045,0.045
161,seg2_coffee,coffee_break(?coffee_machine=coffee_machine_0),wait_at,1,stand,-39.7,-234.1,,deliver_item,,True,item_6,0.6756,0.1866,0.6756,0.001,0.001,0.001,0.045,0.045,0.045
162,seg2_coffee,coffee_break(?coffee_machine=coffee_machine_0),wait_at,1,stand,-39.7,-234.1,,deliver_item,,True,item_6,0.6756,0.1866,0.6756,0.001,0.001,0.001,0.045,0.045,0.045
163,seg2_coffee,coffee_break(?coffee_machine=coffee_machine_0),wait_at,1,stand,-39.7,-234.1,,deliver_item,,True,item_6,0.6756,0.1866,0.6756,0.001,0.001,0.001,0.045,0.045,0.045
164,seg2_coffee,coffee_break(?coffee_machine=coffee_machine_0),wait_at,1,stand,-39.7,-234.1,,deliver_item,,True,item_6,0.6756,0.1866,0.6756,0.001,0.001,0.001,0.045,0.045,0.045
165,seg2_coffee,coffee_break(?coffee_machine=coffee_machine_0),wait_at,1,stand,-39.7,-234.1,,deliver_item,,True,item_6,0.6756,0.1866,0.6756,0.001,0.001,0.001,0.045,0.045,0.045
166,seg2_coffee,coffee_break(?coffee_machine=coffee_machine_0),wait_at,1,stand,-39.7,-234.1,,deliver_item,,True,item_6,0.6756,0.1866,0.6756,0.001,0.001,0.001,0.045,0.045,0.045
167,seg2_coffee,coffee_break(?coffee_machine=coffee_machine_0),wait_at,1,stand,-39.7,-234.1,,deliver_item,,True,item_6,0.6756,0.1866,0.6756,0.001,0.001,0.001,0.045,0.045,0.045
168,seg2_coffee,coffee_break(?coffee_machine=coffee_machine_0),wait_at,1,stand,-39.7,-234.1,,deliver_item,,True,item_6,0.6756,0.1866,0.6756,0.001,0.001,0.001,0.045,0.045,0.045
169,seg2_coffee,coffee_break(?coffee_machine=coffee_machine_0),wait_at,1,stand,-39.7,-234.1,,deliver_item,,True,item_6,0.6756,0.1866,0.6756,0.001,0.001,0.001,0.045,0.045,0.045
170,seg2_coffee,coffee_break(?coffee_machine=coffee_machine_0),wait_at,1,stand,-39.7,-234.1,,deliver_item,,True,item_6,0.6756,0.1866,0.6756,0.001,0.001,0.001,0.045,0.045,0.045
171,seg2_coffee,coffee_break(?coffee_machine=coffee_machine_0),wait_at,1,stand,-39.7,-234.1,,deliver_item,,True,item_6,0.6756,0.1866,0.6756,0.001,0.001,0.001,0.045,0.045,0.045
172,seg2_coffee,coffee_break(?coffee_machine=coffee_machine_0),wait_at,1,stand,-39.7,-234.1,,deliver_item,,True,item_6,0.6756,0.1866,0.6756,0.001,0.001,0.001,0.045,0.045,0.045
173,seg2_coffee,coffee_break(?coffee_machine=coffee_machine_0),wait_at,1,stand,-39.7,-234.1,,deliver_item,,True,item_6,0.6756,0.1866,0.6756,0.001,0.001,0.001,0.045,0.045,0.045
174,seg2_coffee,coffee_break(?coffee_machine=coffee_machine_0),wait_at,1,stand,-39.7,-234.1,,deliver_item,,True,item_6,0.6756,0.1866,0.6756,0.001,0.001,0.001,0.045,0.045,0.045
175,seg2_coffee,coffee_break(?coffee_machine=coffee_machine_0),wait_at,1,stand,-39.7,-234.1,,deliver_item,,True,item_6,0.6756,0.1866,0.6756,0.001,0.001,0.001,0.045,0.045,0.045
176,seg2_coffee,coffee_break(?coffee_machine=coffee_machine_0),wait_at,1,stand,-39.7,-234.1,,deliver_item,,True,item_6,0.6756,0.1866,0.6756,0.001,0.001,0.001,0.045,0.045,0.045
177,seg2_coffee,coffee_break(?coffee_machine=coffee_machine_0),wait_at,1,stand,-39.7,-234.1,,deliver_item,,True,item_6,0.6756,0.1866,0.6756,0.001,0.001,0.001,0.045,0.045,0.045
178,seg2_coffee,coffee_break(?coffee_machine=coffee_machine_0),wait_at,1,stand,-39.7,-234.1,,deliver_item,,True,item_6,0.6756,0.1866,0.6756,0.001,0.001,0.001,0.045,0.045,0.045
179,seg2_coffee,coffee_break(?coffee_machine=coffee_machine_0),wait_at,1,stand,-39.7,-234.1,,deliver_item,,True,item_6,0.6756,0.1866,0.6756,0.001,0.001,0.001,0.045,0.045,0.045
180,seg2_coffee,coffee_break(?coffee_machine=coffee_machine_0),wait_at,1,stand,-39.7,-234.1,,deliver_item,,True,item_6,0.6756,0.1866,0.6756,0.001,0.001,0.001,0.045,0.045,0.045
181,seg2_coffee,coffee_break(?coffee_machine=coffee_machine_0),wait_at,1,stand,-39.7,-234.1,,deliver_item,,True,item_6,0.6756,0.1866,0.6756,0.001,0.001,0.001,0.045,0.045,0.045
182,seg2_coffee,coffee_break(?coffee_machine=coffee_machine_0),wait_at,1,stand,-39.7,-234.1,,deliver_item,,True,item_6,0.6756,0.1866,0.6756,0.001,0.001,0.001,0.045,0.045,0.045
183,seg2_coffee,coffee_break(?coffee_machine=coffee_machine_0),wait_at,1,stand,-39.7,-234.1,,deliver_item,,True,item_6,0.6756,0.1866,0.6756,0.001,0.001,0.001,0.045,0.045,0.045
184,seg2_coffee,coffee_break(?coffee_machine=coffee_machine_0),wait_at,1,stand,-39.7,-234.1,,deliver_item,,True,item_6,0.6756,0.1866,0.6756,0.001,0.001,0.001,0.045,0.045,0.045
185,seg2_coffee,coffee_break(?coffee_machine=coffee_machine_0),wait_at,2,,-39.7,-234.1,,deliver_item,,True,item_6,0.6756,0.1866,0.6756,0.001,0.001,0.001,0.045,0.045,0.045
186,seg3a_toward_shelf_6,ac_activation(?ac_switch=wander_0),,2,,-39.7,-234.1,,deliver_item,,True,item_6,0.6756,0.1866,0.6756,0.001,0.001,0.001,0.045,0.045,0.045
187,seg3a_toward_shelf_6,ac_activation(?ac_switch=wander_0),move_to,0,step,-19.7,-232.9,,deliver_item,,True,item_6,0.8261,0.1297,0.8261,0.001,0.001,0.001,0.0137,0.0137,0.0137
188,seg3a_toward_shelf_6,ac_activation(?ac_switch=wander_0),move_to,0,step,0.3,-231.6,,deliver_item,,True,item_6,0.9035,0.0709,0.9035,0.001,0.001,0.001,0.0075,0.0075,0.0075
189,seg3a_toward_shelf_6,ac_activation(?ac_switch=wander_0),move_to,0,step,20.2,-230.4,,deliver_item,,True,item_6,0.9035,0.0709,0.9035,0.001,0.001,0.001,0.0075,0.0075,0.0075
190,seg3a_toward_shelf_6,ac_activation(?ac_switch=wander_0),move_to,0,step,40.2,-229.2,,deliver_item,,True,item_6,0.9035,0.0709,0.9035,0.001,0.001,0.001,0.0075,0.0075,0.0075
191,seg3a_toward_shelf_6,ac_activation(?ac_switch=wander_0),move_to,0,step,60.1,-228.0,,deliver_item,,True,item_6,0.9035,0.0709,0.9035,0.001,0.001,0.001,0.0075,0.0075,0.0075
192,seg3a_toward_shelf_6,ac_activation(?ac_switch=wander_0),move_to,0,step,80.1,-226.8,,deliver_item,,True,item_6,0.9035,0.0709,0.9035,0.001,0.001,0.001,0.0075,0.0075,0.0075
193,seg3a_toward_shelf_6,ac_activation(?ac_switch=wander_0),move_to,0,step,100.1,-225.6,,deliver_item,,True,item_6,0.9035,0.0709,0.9035,0.001,0.001,0.001,0.0075,0.0075,0.0075
194,seg3a_toward_shelf_6,ac_activation(?ac_switch=wander_0),move_to,0,step,120.0,-224.4,,deliver_item,item_7,True,item_6,0.9035,0.0709,0.9035,0.001,0.001,0.001,0.0075,0.0075,0.0075
195,seg3a_toward_shelf_6,ac_activation(?ac_switch=wander_0),move_to,0,step,140.0,-223.1,,deliver_item,item_7,True,item_6,0.9035,0.0709,0.9035,0.001,0.001,0.001,0.0075,0.0075,0.0075
196,seg3a_toward_shelf_6,ac_activation(?ac_switch=wander_0),move_to,0,step,160.0,-221.9,,deliver_item,item_7,True,item_6,0.9035,0.0709,0.9035,0.001,0.001,0.001,0.0075,0.0075,0.0075
197,seg3a_toward_shelf_6,ac_activation(?ac_switch=wander_0),move_to,0,step,179.9,-220.7,,deliver_item,item_7,True,item_6,0.9035,0.0709,0.9035,0.001,0.001,0.001,0.0075,0.0075,0.0075
198,seg3a_toward_shelf_6,ac_activation(?ac_switch=wander_0),move_to,0,step,199.9,-219.5,,deliver_item,item_7,True,item_6,0.9035,0.0709,0.9035,0.001,0.001,0.001,0.0075,0.0075,0.0075
199,seg3a_toward_shelf_6,ac_activation(?ac_switch=wander_0),move_to,0,step,219.9,-218.3,,deliver_item,item_7,True,item_6,0.9035,0.0709,0.9035,0.001,0.001,0.001,0.0075,0.0075,0.0075
200,seg3a_toward_shelf_6,ac_activation(?ac_switch=wander_0),move_to,0,step,239.8,-217.1,,deliver_item,item_7,True,item_6,0.9035,0.0709,0.9035,0.001,0.001,0.001,0.0075,0.0075,0.0075
201,seg3a_toward_shelf_6,ac_activation(?ac_switch=wander_0),move_to,0,step,259.8,-215.9,,deliver_item,item_7,True,item_6,0.9035,0.0709,0.9035,0.001,0.001,0.001,0.0075,0.0075,0.0075
202,seg3a_toward_shelf_6,ac_activation(?ac_switch=wander_0),move_to,0,step,279.7,-214.6,,deliver_item,item_7,True,item_6,0.9035,0.0709,0.9035,0.001,0.001,0.001,0.0075,0.0075,0.0075
203,seg3a_toward_shelf_6,ac_activation(?ac_switch=wander_0),move_to,0,step,299.7,-213.4,,deliver_item,item_7,True,item_6,0.9035,0.0709,0.9035,0.001,0.001,0.001,0.0075,0.0075,0.0075
204,seg3a_toward_shelf_6,ac_activation(?ac_switch=wander_0),move_to,0,step,319.7,-212.2,,deliver_item,item_7,True,item_6,0.9035,0.0709,0.9035,0.001,0.001,0.001,0.0075,0.0075,0.0075
205,seg3a_toward_shelf_6,ac_activation(?ac_switch=wander_0),move_to,0,step,339.6,-211.0,,deliver_item,item_7,True,item_6,0.9035,0.0709,0.9035,0.001,0.001,0.001,0.0075,0.0075,0.0075
206,seg3a_toward_shelf_6,ac_activation(?ac_switch=wander_0),move_to,1,,339.6,-211.0,,deliver_item,item_7,True,item_6,0.9035,0.0709,0.9035,0.001,0.001,0.001,0.0075,0.0075,0.0075
207,seg3a_toward_shelf_6,ac_activation(?ac_switch=wander_0),wait_at,1,stand,339.6,-211.0,,deliver_item,item_7,True,item_6,0.9035,0.0709,0.9035,0.001,0.001,0.001,0.0075,0.0075,0.0075
208,seg3a_toward_shelf_6,ac_activation(?ac_switch=wander_0),wait_at,2,,339.6,-211.0,,deliver_item,item_7,True,item_6,0.9035,0.0709,0.9035,0.001,0.001,0.001,0.0075,0.0075,0.0075
209,seg3b_turn_away,ac_activation(?ac_switch=wander_1),,2,,339.6,-211.0,,deliver_item,item_7,True,item_6,0.9035,0.0709,0.9035,0.001,0.001,0.001,0.0075,0.0075,0.0075
210,seg3b_turn_away,ac_activation(?ac_switch=wander_1),move_to,0,step,333.5,-230.0,,deliver_item,item_7,True,item_6,0.9415,0.037,0.9415,0.001,0.001,0.001,0.0062,0.0062,0.0062
211,seg3b_turn_away,ac_activation(?ac_switch=wander_1),move_to,0,step,327.3,-249.1,,deliver_item,item_7,True,item_6,0.9415,0.037,0.9415,0.001,0.001,0.001,0.0062,0.0062,0.0062
212,seg3b_turn_away,ac_activation(?ac_switch=wander_1),move_to,0,step,321.2,-268.1,,deliver_item,item_7,True,item_6,0.9415,0.037,0.9415,0.001,0.001,0.001,0.0062,0.0062,0.0062
213,seg3b_turn_away,ac_activation(?ac_switch=wander_1),move_to,0,step,315.0,-287.1,,deliver_item,item_7,True,item_6,0.9415,0.037,0.9415,0.001,0.001,0.001,0.0062,0.0062,0.0062
214,seg3b_turn_away,ac_activation(?ac_switch=wander_1),move_to,0,step,308.9,-306.1,,deliver_item,item_7,True,item_6,0.9415,0.037,0.9415,0.001,0.001,0.001,0.0062,0.0062,0.0062
215,seg3b_turn_away,ac_activation(?ac_switch=wander_1),move_to,0,step,302.7,-325.2,,deliver_item,item_7,True,item_6,0.9415,0.037,0.9415,0.001,0.001,0.001,0.0062,0.0062,0.0062
216,seg3b_turn_away,ac_activation(?ac_switch=wander_1),move_to,0,step,296.6,-344.2,,deliver_item,item_7,True,item_6,0.9415,0.037,0.9415,0.001,0.001,0.001,0.0062,0.0062,0.0062
217,seg3b_turn_away,ac_activation(?ac_switch=wander_1),move_to,0,step,290.4,-363.2,,deliver_item,item_7,True,item_6,0.9415,0.037,0.9415,0.001,0.001,0.001,0.0062,0.0062,0.0062
218,seg3b_turn_away,ac_activation(?ac_switch=wander_1),move_to,0,step,284.2,-382.3,,deliver_item,item_7,True,item_6,0.9415,0.037,0.9415,0.001,0.001,0.001,0.0062,0.0062,0.0062
219,seg3b_turn_away,ac_activation(?ac_switch=wander_1),move_to,0,step,278.1,-401.3,,deliver_item,item_7,True,item_6,0.9415,0.037,0.9415,0.001,0.001,0.001,0.0062,0.0062,0.0062
220,seg3b_turn_away,ac_activation(?ac_switch=wander_1),move_to,0,step,271.9,-420.3,,deliver_item,item_7,True,item_6,0.9415,0.037,0.9415,0.001,0.001,0.001,0.0062,0.0062,0.0062
221,seg3b_turn_away,ac_activation(?ac_switch=wander_1),move_to,0,step,265.8,-439.4,,deliver_item,item_7,True,item_6,0.9415,0.037,0.9415,0.001,0.001,0.001,0.0062,0.0062,0.0062
222,seg3b_turn_away,ac_activation(?ac_switch=wander_1),move_to,0,step,259.6,-458.4,,deliver_item,item_7,True,item_6,0.9415,0.037,0.9415,0.001,0.001,0.001,0.0062,0.0062,0.0062
223,seg3b_turn_away,ac_activation(?ac_switch=wander_1),move_to,0,step,253.5,-477.4,,deliver_item,item_7,True,item_6,0.9415,0.037,0.9415,0.001,0.001,0.001,0.0062,0.0062,0.0062
224,seg3b_turn_away,ac_activation(?ac_switch=wander_1),move_to,0,step,247.3,-496.4,,deliver_item,item_7,True,item_6,0.9415,0.037,0.9415,0.001,0.001,0.001,0.0062,0.0062,0.0062
225,seg3b_turn_away,ac_activation(?ac_switch=wander_1),move_to,0,step,241.2,-515.5,,deliver_item,item_7,True,item_6,0.9415,0.037,0.9415,0.001,0.001,0.001,0.0062,0.0062,0.0062
226,seg3b_turn_away,ac_activation(?ac_switch=wander_1),move_to,0,step,235.0,-534.5,,deliver_item,item_7,True,item_6,0.9415,0.037,0.9415,0.001,0.001,0.001,0.0062,0.0062,0.0062
227,seg3b_turn_away,ac_activation(?ac_switch=wander_1),move_to,1,,235.0,-534.5,,deliver_item,item_7,True,item_6,0.9415,0.037,0.9415,0.001,0.001,0.001,0.0062,0.0062,0.0062
228,seg3b_turn_away,ac_activation(?ac_switch=wander_1),wait_at,1,stand,235.0,-534.5,,deliver_item,item_7,True,item_6,0.9415,0.037,0.9415,0.001,0.001,0.001,0.0062,0.0062,0.0062
229,seg3b_turn_away,ac_activation(?ac_switch=wander_1),wait_at,2,,235.0,-534.5,,deliver_item,item_7,True,item_6,0.9415,0.037,0.9415,0.001,0.001,0.001,0.0062,0.0062,0.0062
230,seg4_deliver_item_6,"deliver_item(?item=item_6,?kitting_table=kitting_table_0)",,2,,235.0,-534.5,,deliver_item,item_7,True,item_6,0.9415,0.037,0.9415,0.001,0.001,0.001,0.0062,0.0062,0.0062
231,seg4_deliver_item_6,"deliver_item(?item=item_6,?kitting_table=kitting_table_0)",move_to,0,step,252.6,-525.0,,deliver_item,item_7,True,item_6,0.9678,0.0244,0.9678,0.001,0.001,0.001,0.0016,0.0016,0.0016
232,seg4_deliver_item_6,"deliver_item(?item=item_6,?kitting_table=kitting_table_0)",move_to,0,step,270.2,-515.6,,deliver_item,item_7,True,item_6,0.9678,0.0244,0.9678,0.001,0.001,0.001,0.0016,0.0016,0.0016
233,seg4_deliver_item_6,"deliver_item(?item=item_6,?kitting_table=kitting_table_0)",move_to,0,step,287.9,-506.1,,deliver_item,item_7,True,item_6,0.9678,0.0244,0.9678,0.001,0.001,0.001,0.0016,0.0016,0.0016
234,seg4_deliver_item_6,"deliver_item(?item=item_6,?kitting_table=kitting_table_0)",move_to,0,step,305.5,-496.6,,deliver_item,item_7,True,item_6,0.9678,0.0244,0.9678,0.001,0.001,0.001,0.0016,0.0016,0.0016
235,seg4_deliver_item_6,"deliver_item(?item=item_6,?kitting_table=kitting_table_0)",move_to,0,step,323.1,-487.1,,deliver_item,item_7,True,item_6,0.9678,0.0244,0.9678,0.001,0.001,0.001,0.0016,0.0016,0.0016
236,seg4_deliver_item_6,"deliver_item(?item=item_6,?kitting_table=kitting_table_0)",move_to,0,step,340.7,-477.7,,deliver_item,item_7,True,item_6,0.9678,0.0244,0.9678,0.001,0.001,0.001,0.0016,0.0016,0.0016
237,seg4_deliver_item_6,"deliver_item(?item=item_6,?kitting_table=kitting_table_0)",move_to,0,step,358.3,-468.2,,deliver_item,item_7,True,item_6,0.9678,0.0244,0.9678,0.001,0.001,0.001,0.0016,0.0016,0.0016
238,seg4_deliver_item_6,"deliver_item(?item=item_6,?kitting_table=kitting_table_0)",move_to,0,step,375.9,-458.7,,deliver_item,item_7,True,item_6,0.9678,0.0244,0.9678,0.001,0.001,0.001,0.0016,0.0016,0.0016
239,seg4_deliver_item_6,"deliver_item(?item=item_6,?kitting_table=kitting_table_0)",move_to,0,step,393.5,-449.2,,deliver_item,item_7,True,item_6,0.9678,0.0244,0.9678,0.001,0.001,0.001,0.0016,0.0016,0.0016
240,seg4_deliver_item_6,"deliver_item(?item=item_6,?kitting_table=kitting_table_0)",move_to,0,step,411.2,-439.8,,deliver_item,item_7,True,item_6,0.9678,0.0244,0.9678,0.001,0.001,0.001,0.0016,0.0016,0.0016
241,seg4_deliver_item_6,"deliver_item(?item=item_6,?kitting_table=kitting_table_0)",move_to,0,step,428.8,-430.3,,deliver_item,item_7,True,item_6,0.9678,0.0244,0.9678,0.001,0.001,0.001,0.0016,0.0016,0.0016
242,seg4_deliver_item_6,"deliver_item(?item=item_6,?kitting_table=kitting_table_0)",move_to,0,step,446.4,-420.8,,deliver_item,,True,item_6,0.9678,0.0244,0.9678,0.001,0.001,0.001,0.0016,0.0016,0.0016
243,seg4_deliver_item_6,"deliver_item(?item=item_6,?kitting_table=kitting_table_0)",move_to,0,step,464.0,-411.4,,deliver_item,,True,item_6,0.9678,0.0244,0.9678,0.001,0.001,0.001,0.0016,0.0016,0.0016
244,seg4_deliver_item_6,"deliver_item(?item=item_6,?kitting_table=kitting_table_0)",move_to,0,step,481.6,-401.9,,,,True,item_6,0.9678,0.0244,0.9678,0.001,0.001,0.001,0.0016,0.0016,0.0016
245,seg4_deliver_item_6,"deliver_item(?item=item_6,?kitting_table=kitting_table_0)",move_to,0,step,499.2,-392.4,,deliver_item,,True,item_6,0.9678,0.0244,0.9678,0.001,0.001,0.001,0.0016,0.0016,0.0016
246,seg4_deliver_item_6,"deliver_item(?item=item_6,?kitting_table=kitting_table_0)",move_to,0,step,516.8,-382.9,,deliver_item,,True,item_6,0.9678,0.0244,0.9678,0.001,0.001,0.001,0.0016,0.0016,0.0016
247,seg4_deliver_item_6,"deliver_item(?item=item_6,?kitting_table=kitting_table_0)",move_to,0,step,534.5,-373.5,,deliver_item,,True,item_6,0.9678,0.0244,0.9678,0.001,0.001,0.001,0.0016,0.0016,0.0016
248,seg4_deliver_item_6,"deliver_item(?item=item_6,?kitting_table=kitting_table_0)",move_to,0,step,552.1,-364.0,,deliver_item,,True,item_6,0.9678,0.0244,0.9678,0.001,0.001,0.001,0.0016,0.0016,0.0016
249,seg4_deliver_item_6,"deliver_item(?item=item_6,?kitting_table=kitting_table_0)",move_to,0,step,569.7,-354.5,,deliver_item,,True,item_6,0.9678,0.0244,0.9678,0.001,0.001,0.001,0.0016,0.0016,0.0016
250,seg4_deliver_item_6,"deliver_item(?item=item_6,?kitting_table=kitting_table_0)",move_to,0,step,587.3,-345.0,,deliver_item,,True,item_6,0.9678,0.0244,0.9678,0.001,0.001,0.001,0.0016,0.0016,0.0016
251,seg4_deliver_item_6,"deliver_item(?item=item_6,?kitting_table=kitting_table_0)",move_to,0,step,604.9,-335.6,,deliver_item,,True,item_6,0.9678,0.0244,0.9678,0.001,0.001,0.001,0.0016,0.0016,0.0016
252,seg4_deliver_item_6,"deliver_item(?item=item_6,?kitting_table=kitting_table_0)",move_to,0,step,622.5,-326.1,,deliver_item,,True,item_6,0.9678,0.0244,0.9678,0.001,0.001,0.001,0.0016,0.0016,0.0016
253,seg4_deliver_item_6,"deliver_item(?item=item_6,?kitting_table=kitting_table_0)",move_to,0,step,640.1,-316.6,,deliver_item,,True,item_6,0.9678,0.0244,0.9678,0.001,0.001,0.001,0.0016,0.0016,0.0016
254,seg4_deliver_item_6,"deliver_item(?item=item_6,?kitting_table=kitting_table_0)",move_to,0,step,657.8,-307.2,,deliver_item,,True,item_6,0.9678,0.0244,0.9678,0.001,0.001,0.001,0.0016,0.0016,0.0016
255,seg4_deliver_item_6,"deliver_item(?item=item_6,?kitting_table=kitting_table_0)",move_to,0,step,675.4,-297.7,,deliver_item,,True,item_6,0.9678,0.0244,0.9678,0.001,0.001,0.001,0.0016,0.0016,0.0016
256,seg4_deliver_item_6,"deliver_item(?item=item_6,?kitting_table=kitting_table_0)",move_to,0,step,693.0,-288.2,,deliver_item,,True,item_6,0.9678,0.0244,0.9678,0.001,0.001,0.001,0.0016,0.0016,0.0016
257,seg4_deliver_item_6,"deliver_item(?item=item_6,?kitting_table=kitting_table_0)",move_to,0,step,710.6,-278.7,,deliver_item,,True,item_6,0.9678,0.0244,0.9678,0.001,0.001,0.001,0.0016,0.0016,0.0016
258,seg4_deliver_item_6,"deliver_item(?item=item_6,?kitting_table=kitting_table_0)",move_to,0,step,728.2,-269.3,,deliver_item,,True,item_6,0.9678,0.0244,0.9678,0.001,0.001,0.001,0.0016,0.0016,0.0016
259,seg4_deliver_item_6,"deliver_item(?item=item_6,?kitting_table=kitting_table_0)",move_to,0,step,745.8,-259.8,,deliver_item,,True,item_6,0.9678,0.0244,0.9678,0.001,0.001,0.001,0.0016,0.0016,0.0016
260,seg4_deliver_item_6,"deliver_item(?item=item_6,?kitting_table=kitting_table_0)",move_to,0,step,763.4,-250.3,,deliver_item,,True,item_6,0.9678,0.0244,0.9678,0.001,0.001,0.001,0.0016,0.0016,0.0016
261,seg4_deliver_item_6,"deliver_item(?item=item_6,?kitting_table=kitting_table_0)",move_to,0,step,781.1,-240.8,,deliver_item,,True,item_6,0.9678,0.0244,0.9678,0.001,0.001,0.001,0.0016,0.0016,0.0016
262,seg4_deliver_item_6,"deliver_item(?item=item_6,?kitting_table=kitting_table_0)",move_to,0,step,798.7,-231.4,,deliver_item,,True,item_6,0.9678,0.0244,0.9678,0.001,0.001,0.001,0.0016,0.0016,0.0016
263,seg4_deliver_item_6,"deliver_item(?item=item_6,?kitting_table=kitting_table_0)",move_to,0,step,816.3,-221.9,,deliver_item,,True,item_6,0.9678,0.0244,0.9678,0.001,0.001,0.001,0.0016,0.0016,0.0016
264,seg4_deliver_item_6,"deliver_item(?item=item_6,?kitting_table=kitting_table_0)",move_to,0,step,833.9,-212.4,,deliver_item,,True,item_6,0.9678,0.0244,0.9678,0.001,0.001,0.001,0.0016,0.0016,0.0016
265,seg4_deliver_item_6,"deliver_item(?item=item_6,?kitting_table=kitting_table_0)",move_to,0,step,851.5,-203.0,,deliver_item,,True,item_6,0.9678,0.0244,0.9678,0.001,0.001,0.001,0.0016,0.0016,0.0016
266,seg4_deliver_item_6,"deliver_item(?item=item_6,?kitting_table=kitting_table_0)",move_to,0,step,869.1,-193.5,,deliver_item,,True,item_6,0.9678,0.0244,0.9678,0.001,0.001,0.001,0.0016,0.0016,0.0016
267,seg4_deliver_item_6,"deliver_item(?item=item_6,?kitting_table=kitting_table_0)",move_to,0,step,886.7,-184.0,,deliver_item,,True,item_6,0.9678,0.0244,0.9678,0.001,0.001,0.001,0.0016,0.0016,0.0016
268,seg4_deliver_item_6,"deliver_item(?item=item_6,?kitting_table=kitting_table_0)",move_to,0,step,904.4,-174.5,,deliver_item,,True,item_6,0.9678,0.0244,0.9678,0.001,0.001,0.001,0.0016,0.0016,0.0016
269,seg4_deliver_item_6,"deliver_item(?item=item_6,?kitting_table=kitting_table_0)",move_to,0,step,922.0,-165.1,,deliver_item,,True,item_6,0.9678,0.0244,0.9678,0.001,0.001,0.001,0.0016,0.0016,0.0016
270,seg4_deliver_item_6,"deliver_item(?item=item_6,?kitting_table=kitting_table_0)",move_to,0,step,939.6,-155.6,,deliver_item,,True,item_6,0.9678,0.0244,0.9678,0.001,0.001,0.001,0.0016,0.0016,0.0016
271,seg4_deliver_item_6,"deliver_item(?item=item_6,?kitting_table=kitting_table_0)",move_to,1,,939.6,-155.6,,deliver_item,,True,item_6,0.9678,0.0244,0.9678,0.001,0.001,0.001,0.0016,0.0016,0.0016
272,seg4_deliver_item_6,"deliver_item(?item=item_6,?kitting_table=kitting_table_0)",pick_up,1,grasp,939.6,-155.6,item_6,deliver_item,,True,item_6,0.9863,0.001,0.9863,0.001,0.001,0.001,0.0032,0.0032,0.0032
273,seg4_deliver_item_6,"deliver_item(?item=item_6,?kitting_table=kitting_table_0)",pick_up,2,,939.6,-155.6,item_6,deliver_item,,True,item_6,0.9863,0.001,0.9863,0.001,0.001,0.001,0.0032,0.0032,0.0032
274,seg4_deliver_item_6,"deliver_item(?item=item_6,?kitting_table=kitting_table_0)",move_to,2,step,923.2,-144.2,item_6,deliver_item,,True,item_6,0.9863,0.001,0.9863,0.001,0.001,0.001,0.0032,0.0032,0.0032
275,seg4_deliver_item_6,"deliver_item(?item=item_6,?kitting_table=kitting_table_0)",move_to,2,step,906.8,-132.7,item_6,deliver_item,,True,item_6,0.9863,0.001,0.9863,0.001,0.001,0.001,0.0032,0.0032,0.0032
276,seg4_deliver_item_6,"deliver_item(?item=item_6,?kitting_table=kitting_table_0)",move_to,2,step,890.4,-121.3,item_6,deliver_item,,True,item_6,0.9863,0.001,0.9863,0.001,0.001,0.001,0.0032,0.0032,0.0032
277,seg4_deliver_item_6,"deliver_item(?item=item_6,?kitting_table=kitting_table_0)",move_to,2,step,874.0,-109.8,item_6,deliver_item,,True,item_6,0.9863,0.001,0.9863,0.001,0.001,0.001,0.0032,0.0032,0.0032
278,seg4_deliver_item_6,"deliver_item(?item=item_6,?kitting_table=kitting_table_0)",move_to,2,step,857.6,-98.4,item_6,deliver_item,,True,item_6,0.9863,0.001,0.9863,0.001,0.001,0.001,0.0032,0.0032,0.0032
279,seg4_deliver_item_6,"deliver_item(?item=item_6,?kitting_table=kitting_table_0)",move_to,2,step,841.2,-86.9,item_6,deliver_item,,True,item_6,0.9863,0.001,0.9863,0.001,0.001,0.001,0.0032,0.0032,0.0032
280,seg4_deliver_item_6,"deliver_item(?item=item_6,?kitting_table=kitting_table_0)",move_to,2,step,824.8,-75.5,item_6,deliver_item,,True,item_6,0.9863,0.001,0.9863,0.001,0.001,0.001,0.0032,0.0032,0.0032
281,seg4_deliver_item_6,"deliver_item(?item=item_6,?kitting_table=kitting_table_0)",move_to,2,step,808.4,-64.0,item_6,deliver_item,,True,item_6,0.9863,0.001,0.9863,0.001,0.001,0.001,0.0032,0.0032,0.0032
282,seg4_deliver_item_6,"deliver_item(?item=item_6,?kitting_table=kitting_table_0)",move_to,2,step,792.0,-52.6,item_6,deliver_item,,True,item_6,0.9863,0.001,0.9863,0.001,0.001,0.001,0.0032,0.0032,0.0032
283,seg4_deliver_item_6,"deliver_item(?item=item_6,?kitting_table=kitting_table_0)",move_to,2,step,775.6,-41.2,item_6,deliver_item,,True,item_6,0.9863,0.001,0.9863,0.001,0.001,0.001,0.0032,0.0032,0.0032
284,seg4_deliver_item_6,"deliver_item(?item=item_6,?kitting_table=kitting_table_0)",move_to,2,step,759.2,-29.7,item_6,deliver_item,,True,item_6,0.9863,0.001,0.9863,0.001,0.001,0.001,0.0032,0.0032,0.0032
285,seg4_deliver_item_6,"deliver_item(?item=item_6,?kitting_table=kitting_table_0)",move_to,2,step,742.8,-18.3,item_6,deliver_item,,True,item_6,0.9863,0.001,0.9863,0.001,0.001,0.001,0.0032,0.0032,0.0032
286,seg4_deliver_item_6,"deliver_item(?item=item_6,?kitting_table=kitting_table_0)",move_to,2,step,726.4,-6.8,item_6,deliver_item,,True,item_6,0.9863,0.001,0.9863,0.001,0.001,0.001,0.0032,0.0032,0.0032
287,seg4_deliver_item_6,"deliver_item(?item=item_6,?kitting_table=kitting_table_0)",move_to,2,step,710.0,4.6,item_6,deliver_item,,True,item_6,0.9863,0.001,0.9863,0.001,0.001,0.001,0.0032,0.0032,0.0032
288,seg4_deliver_item_6,"deliver_item(?item=item_6,?kitting_table=kitting_table_0)",move_to,2,step,693.6,16.1,item_6,deliver_item,,True,item_6,0.9863,0.001,0.9863,0.001,0.001,0.001,0.0032,0.0032,0.0032
289,seg4_deliver_item_6,"deliver_item(?item=item_6,?kitting_table=kitting_table_0)",move_to,2,step,677.2,27.5,item_6,deliver_item,,True,item_6,0.9863,0.001,0.9863,0.001,0.001,0.001,0.0032,0.0032,0.0032
290,seg4_deliver_item_6,"deliver_item(?item=item_6,?kitting_table=kitting_table_0)",move_to,2,step,660.8,39.0,item_6,deliver_item,,True,item_6,0.9863,0.001,0.9863,0.001,0.001,0.001,0.0032,0.0032,0.0032
291,seg4_deliver_item_6,"deliver_item(?item=item_6,?kitting_table=kitting_table_0)",move_to,2,step,644.4,50.4,item_6,deliver_item,,True,item_6,0.9863,0.001,0.9863,0.001,0.001,0.001,0.0032,0.0032,0.0032
292,seg4_deliver_item_6,"deliver_item(?item=item_6,?kitting_table=kitting_table_0)",move_to,2,step,628.0,61.8,item_6,deliver_item,,True,item_6,0.9863,0.001,0.9863,0.001,0.001,0.001,0.0032,0.0032,0.0032
293,seg4_deliver_item_6,"deliver_item(?item=item_6,?kitting_table=kitting_table_0)",move_to,2,step,611.6,73.3,item_6,deliver_item,,True,item_6,0.9863,0.001,0.9863,0.001,0.001,0.001,0.0032,0.0032,0.0032
294,seg4_deliver_item_6,"deliver_item(?item=item_6,?kitting_table=kitting_table_0)",move_to,2,step,595.2,84.7,item_6,deliver_item,,True,item_6,0.9863,0.001,0.9863,0.001,0.001,0.001,0.0032,0.0032,0.0032
295,seg4_deliver_item_6,"deliver_item(?item=item_6,?kitting_table=kitting_table_0)",move_to,2,step,578.7,96.2,item_6,deliver_item,,True,item_6,0.9863,0.001,0.9863,0.001,0.001,0.001,0.0032,0.0032,0.0032
296,seg4_deliver_item_6,"deliver_item(?item=item_6,?kitting_table=kitting_table_0)",move_to,2,step,562.3,107.6,item_6,deliver_item,,True,item_6,0.9863,0.001,0.9863,0.001,0.001,0.001,0.0032,0.0032,0.0032
297,seg4_deliver_item_6,"deliver_item(?item=item_6,?kitting_table=kitting_table_0)",move_to,2,step,545.9,119.1,item_6,deliver_item,,True,item_6,0.9863,0.001,0.9863,0.001,0.001,0.001,0.0032,0.0032,0.0032
298,seg4_deliver_item_6,"deliver_item(?item=item_6,?kitting_table=kitting_table_0)",move_to,2,step,529.5,130.5,item_6,deliver_item,,True,item_6,0.9863,0.001,0.9863,0.001,0.001,0.001,0.0032,0.0032,0.0032
299,seg4_deliver_item_6,"deliver_item(?item=item_6,?kitting_table=kitting_table_0)",move_to,2,step,513.1,142.0,item_6,deliver_item,,True,item_6,0.9863,0.001,0.9863,0.001,0.001,0.001,0.0032,0.0032,0.0032
300,seg4_deliver_item_6,"deliver_item(?item=item_6,?kitting_table=kitting_table_0)",move_to,2,step,496.7,153.4,item_6,deliver_item,,True,item_6,0.9863,0.001,0.9863,0.001,0.001,0.001,0.0032,0.0032,0.0032
301,seg4_deliver_item_6,"deliver_item(?item=item_6,?kitting_table=kitting_table_0)",move_to,2,step,480.3,164.8,item_6,deliver_item,,True,item_6,0.9863,0.001,0.9863,0.001,0.001,0.001,0.0032,0.0032,0.0032
302,seg4_deliver_item_6,"deliver_item(?item=item_6,?kitting_table=kitting_table_0)",move_to,2,step,463.9,176.3,item_6,deliver_item,,True,item_6,0.9863,0.001,0.9863,0.001,0.001,0.001,0.0032,0.0032,0.0032
303,seg4_deliver_item_6,"deliver_item(?item=item_6,?kitting_table=kitting_table_0)",move_to,2,step,447.5,187.7,item_6,deliver_item,,True,item_6,0.9863,0.001,0.9863,0.001,0.001,0.001,0.0032,0.0032,0.0032
304,seg4_deliver_item_6,"deliver_item(?item=item_6,?kitting_table=kitting_table_0)",move_to,2,step,431.1,199.2,item_6,deliver_item,,True,item_6,0.9863,0.001,0.9863,0.001,0.001,0.001,0.0032,0.0032,0.0032
305,seg4_deliver_item_6,"deliver_item(?item=item_6,?kitting_table=kitting_table_0)",move_to,2,step,414.7,210.6,item_6,deliver_item,,True,item_6,0.9863,0.001,0.9863,0.001,0.001,0.001,0.0032,0.0032,0.0032
306,seg4_deliver_item_6,"deliver_item(?item=item_6,?kitting_table=kitting_table_0)",move_to,2,step,398.3,222.1,item_6,deliver_item,,True,item_6,0.9863,0.001,0.9863,0.001,0.001,0.001,0.0032,0.0032,0.0032
307,seg4_deliver_item_6,"deliver_item(?item=item_6,?kitting_table=kitting_table_0)",move_to,2,step,381.9,233.5,item_6,deliver_item,,True,item_6,0.9863,0.001,0.9863,0.001,0.001,0.001,0.0032,0.0032,0.0032
308,seg4_deliver_item_6,"deliver_item(?item=item_6,?kitting_table=kitting_table_0)",move_to,2,step,365.5,245.0,item_6,deliver_item,,True,item_6,0.9863,0.001,0.9863,0.001,0.001,0.001,0.0032,0.0032,0.0032
309,seg4_deliver_item_6,"deliver_item(?item=item_6,?kitting_table=kitting_table_0)",move_to,2,step,349.1,256.4,item_6,deliver_item,,True,item_6,0.9863,0.001,0.9863,0.001,0.001,0.001,0.0032,0.0032,0.0032
310,seg4_deliver_item_6,"deliver_item(?item=item_6,?kitting_table=kitting_table_0)",move_to,2,step,332.7,267.8,item_6,deliver_item,item_5,True,item_6,0.9863,0.001,0.9863,0.001,0.001,0.001,0.0032,0.0032,0.0032
311,seg4_deliver_item_6,"deliver_item(?item=item_6,?kitting_table=kitting_table_0)",move_to,2,step,316.3,279.3,item_6,deliver_item,item_5,True,item_6,0.9863,0.001,0.9863,0.001,0.001,0.001,0.0032,0.0032,0.0032
312,seg4_deliver_item_6,"deliver_item(?item=item_6,?kitting_table=kitting_table_0)",move_to,2,step,299.9,290.7,item_6,deliver_item,item_5,True,item_6,0.9863,0.001,0.9863,0.001,0.001,0.001,0.0032,0.0032,0.0032
313,seg4_deliver_item_6,"deliver_item(?item=item_6,?kitting_table=kitting_table_0)",move_to,2,step,283.5,302.2,item_6,deliver_item,item_5,True,item_6,0.9863,0.001,0.9863,0.001,0.001,0.001,0.0032,0.0032,0.0032
314,seg4_deliver_item_6,"deliver_item(?item=item_6,?kitting_table=kitting_table_0)",move_to,2,step,267.1,313.6,item_6,deliver_item,item_5,True,item_6,0.9863,0.001,0.9863,0.001,0.001,0.001,0.0032,0.0032,0.0032
315,seg4_deliver_item_6,"deliver_item(?item=item_6,?kitting_table=kitting_table_0)",move_to,2,step,250.7,325.1,item_6,deliver_item,item_5,True,item_6,0.9863,0.001,0.9863,0.001,0.001,0.001,0.0032,0.0032,0.0032
316,seg4_deliver_item_6,"deliver_item(?item=item_6,?kitting_table=kitting_table_0)",move_to,2,step,234.3,336.5,item_6,deliver_item,item_5,True,item_6,0.9863,0.001,0.9863,0.001,0.001,0.001,0.0032,0.0032,0.0032
317,seg4_deliver_item_6,"deliver_item(?item=item_6,?kitting_table=kitting_table_0)",move_to,2,step,217.9,348.0,item_6,deliver_item,item_5,True,item_6,0.9863,0.001,0.9863,0.001,0.001,0.001,0.0032,0.0032,0.0032
318,seg4_deliver_item_6,"deliver_item(?item=item_6,?kitting_table=kitting_table_0)",move_to,2,step,201.5,359.4,item_6,deliver_item,item_5,True,item_6,0.9863,0.001,0.9863,0.001,0.001,0.001,0.0032,0.0032,0.0032
319,seg4_deliver_item_6,"deliver_item(?item=item_6,?kitting_table=kitting_table_0)",move_to,2,step,185.1,370.8,item_6,deliver_item,item_5,True,item_6,0.9863,0.001,0.9863,0.001,0.001,0.001,0.0032,0.0032,0.0032
320,seg4_deliver_item_6,"deliver_item(?item=item_6,?kitting_table=kitting_table_0)",move_to,2,step,168.7,382.3,item_6,deliver_item,item_5,True,item_6,0.9863,0.001,0.9863,0.001,0.001,0.001,0.0032,0.0032,0.0032
321,seg4_deliver_item_6,"deliver_item(?item=item_6,?kitting_table=kitting_table_0)",move_to,2,step,152.3,393.7,item_6,deliver_item,item_5,True,item_6,0.9863,0.001,0.9863,0.001,0.001,0.001,0.0032,0.0032,0.0032
322,seg4_deliver_item_6,"deliver_item(?item=item_6,?kitting_table=kitting_table_0)",move_to,2,step,135.9,405.2,item_6,deliver_item,item_5,True,item_6,0.9863,0.001,0.9863,0.001,0.001,0.001,0.0032,0.0032,0.0032
323,seg4_deliver_item_6,"deliver_item(?item=item_6,?kitting_table=kitting_table_0)",move_to,2,step,119.5,416.6,item_6,deliver_item,item_5,True,item_6,0.9863,0.001,0.9863,0.001,0.001,0.001,0.0032,0.0032,0.0032
324,seg4_deliver_item_6,"deliver_item(?item=item_6,?kitting_table=kitting_table_0)",move_to,2,step,103.1,428.1,item_6,deliver_item,item_5,True,item_6,0.9863,0.001,0.9863,0.001,0.001,0.001,0.0032,0.0032,0.0032
325,seg4_deliver_item_6,"deliver_item(?item=item_6,?kitting_table=kitting_table_0)",move_to,2,step,86.7,439.5,item_6,deliver_item,item_5,True,item_6,0.9863,0.001,0.9863,0.001,0.001,0.001,0.0032,0.0032,0.0032
326,seg4_deliver_item_6,"deliver_item(?item=item_6,?kitting_table=kitting_table_0)",move_to,2,step,70.3,451.0,item_6,deliver_item,item_5,True,item_6,0.9863,0.001,0.9863,0.001,0.001,0.001,0.0032,0.0032,0.0032
327,seg4_deliver_item_6,"deliver_item(?item=item_6,?kitting_table=kitting_table_0)",move_to,2,step,53.9,462.4,item_6,deliver_item,item_5,True,item_6,0.9863,0.001,0.9863,0.001,0.001,0.001,0.0032,0.0032,0.0032
328,seg4_deliver_item_6,"deliver_item(?item=item_6,?kitting_table=kitting_table_0)",move_to,2,step,37.5,473.8,item_6,deliver_item,item_5,True,item_6,0.9863,0.001,0.9863,0.001,0.001,0.001,0.0032,0.0032,0.0032
329,seg4_deliver_item_6,"deliver_item(?item=item_6,?kitting_table=kitting_table_0)",move_to,2,step,21.1,485.3,item_6,deliver_item,item_5,True,item_6,0.9863,0.001,0.9863,0.001,0.001,0.001,0.0032,0.0032,0.0032
330,seg4_deliver_item_6,"deliver_item(?item=item_6,?kitting_table=kitting_table_0)",move_to,3,,21.1,485.3,item_6,deliver_item,item_5,True,item_6,0.9863,0.001,0.9863,0.001,0.001,0.001,0.0032,0.0032,0.0032
331,seg4_deliver_item_6,"deliver_item(?item=item_6,?kitting_table=kitting_table_0)",place,3,release,21.1,485.3,,deliver_item,item_5,True,item_6,0.8229,0.166,0.8229,0.001,0.001,0.001,0.0027,0.0027,0.0027
332,seg4_deliver_item_6,"deliver_item(?item=item_6,?kitting_table=kitting_table_0)",place,4,,21.1,485.3,,deliver_item,item_5,True,item_6,0.8229,0.166,0.8229,0.001,0.001,0.001,0.0027,0.0027,0.0027
333,done,,,4,,21.1,485.3,,deliver_item,item_5,True,item_6,0.8229,0.166,0.8229,0.001,0.001,0.001,0.0027,0.0027,0.0027
334,done,,,4,,21.1,485.3,,deliver_item,item_5,True,item_6,0.8229,0.166,0.8229,0.001,0.001,0.001,0.0027,0.0027,0.0027
335,done,,,4,,21.1,485.3,,deliver_item,item_5,True,item_6,0.8229,0.166,0.8229,0.001,0.001,0.001,0.0027,0.0027,0.0027
336,done,,,4,,21.1,485.3,,deliver_item,item_5,True,item_6,0.8229,0.166,0.8229,0.001,0.001,0.001,0.0027,0.0027,0.0027
337,done,,,4,,21.1,485.3,,deliver_item,item_5,True,item_6,0.8229,0.166,0.8229,0.001,0.001,0.001,0.0027,0.0027,0.0027
338,done,,,4,,21.1,485.3,,deliver_item,item_5,True,item_6,0.8229,0.166,0.8229,0.001,0.001,0.001,0.0027,0.0027,0.0027
339,done,,,4,,21.1,485.3,,deliver_item,item_5,True,item_6,0.8229,0.166,0.8229,0.001,0.001,0.001,0.0027,0.0027,0.0027
340,done,,,4,,21.1,485.3,,deliver_item,item_5,True,item_6,0.8229,0.166,0.8229,0.001,0.001,0.001,0.0027,0.0027,0.0027
341,done,,,4,,21.1,485.3,,deliver_item,item_5,True,item_6,0.8229,0.166,0.8229,0.001,0.001,0.001,0.0027,0.0027,0.0027
342,done,,,4,,21.1,485.3,,deliver_item,item_5,True,item_6,0.8229,0.166,0.8229,0.001,0.001,0.001,0.0027,0.0027,0.0027
343,done,,,4,,21.1,485.3,,deliver_item,item_5,True,item_6,0.8229,0.166,0.8229,0.001,0.001,0.001,0.0027,0.0027,0.0027
344,done,,,4,,21.1,485.3,,deliver_item,item_5,True,item_6,0.8229,0.166,0.8229,0.001,0.001,0.001,0.0027,0.0027,0.0027
345,done,,,4,,21.1,485.3,,deliver_item,item_5,True,item_6,0.8229,0.166,0.8229,0.001,0.001,0.001,0.0027,0.0027,0.0027
346,done,,,4,,21.1,485.3,,deliver_item,item_5,True,item_6,0.8229,0.166,0.8229,0.001,0.001,0.001,0.0027,0.0027,0.0027
347,done,,,4,,21.1,485.3,,deliver_item,item_5,True,item_6,0.8229,0.166,0.8229,0.001,0.001,0.001,0.0027,0.0027,0.0027
348,done,,,4,,21.1,485.3,,deliver_item,item_5,True,item_6,0.8229,0.166,0.8229,0.001,0.001,0.001,0.0027,0.0027,0.0027
349,done,,,4,,21.1,485.3,,deliver_item,item_5,True,item_6,0.8229,0.166,0.8229,0.001,0.001,0.001,0.0027,0.0027,0.0027
350,done,,,4,,21.1,485.3,,deliver_item,item_5,True,item_6,0.8229,0.166,0.8229,0.001,0.001,0.001,0.0027,0.0027,0.0027
351,done,,,4,,21.1,485.3,,deliver_item,item_5,True,item_6,0.8229,0.166,0.8229,0.001,0.001,0.001,0.0027,0.0027,0.0027
352,done,,,4,,21.1,485.3,,deliver_item,item_5,True,item_6,0.8229,0.166,0.8229,0.001,0.001,0.001,0.0027,0.0027,0.0027
353,done,,,4,,21.1,485.3,,deliver_item,item_5,True,item_6,0.8229,0.166,0.8229,0.001,0.001,0.001,0.0027,0.0027,0.0027
354,done,,,4,,21.1,485.3,,deliver_item,item_5,True,item_6,0.8229,0.166,0.8229,0.001,0.001,0.001,0.0027,0.0027,0.0027
355,done,,,4,,21.1,485.3,,deliver_item,item_5,True,item_6,0.8229,0.166,0.8229,0.001,0.001,0.001,0.0027,0.0027,0.0027
356,done,,,4,,21.1,485.3,,deliver_item,item_5,True,item_6,0.8229,0.166,0.8229,0.001,0.001,0.001,0.0027,0.0027,0.0027
357,done,,,4,,21.1,485.3,,deliver_item,item_5,True,item_6,0.8229,0.166,0.8229,0.001,0.001,0.001,0.0027,0.0027,0.0027
358,done,,,4,,21.1,485.3,,deliver_item,item_5,True,item_6,0.8229,0.166,0.8229,0.001,0.001,0.001,0.0027,0.0027,0.0027
359,done,,,4,,21.1,485.3,,deliver_item,item_5,True,item_6,0.8229,0.166,0.8229,0.001,0.001,0.001,0.0027,0.0027,0.0027
360,done,,,4,,21.1,485.3,,deliver_item,item_5,True,item_6,0.8229,0.166,0.8229,0.001,0.001,0.001,0.0027,0.0027,0.0027
361,done,,,4,,21.1,485.3,,deliver_item,item_5,True,item_6,0.8229,0.166,0.8229,0.001,0.001,0.001,0.0027,0.0027,0.0027
362,done,,,4,,21.1,485.3,,deliver_item,item_5,True,item_6,0.8229,0.166,0.8229,0.001,0.001,0.001,0.0027,0.0027,0.0027
363,done,,,4,,21.1,485.3,,deliver_item,item_5,True,item_6,0.8229,0.166,0.8229,0.001,0.001,0.001,0.0027,0.0027,0.0027
364,done,,,4,,21.1,485.3,,deliver_item,item_5,True,item_6,0.8229,0.166,0.8229,0.001,0.001,0.001,0.0027,0.0027,0.0027
365,done,,,4,,21.1,485.3,,deliver_item,item_5,True,item_6,0.8229,0.166,0.8229,0.001,0.001,0.001,0.0027,0.0027,0.0027
366,done,,,4,,21.1,485.3,,deliver_item,item_5,True,item_6,0.8229,0.166,0.8229,0.001,0.001,0.001,0.0027,0.0027,0.0027
367,done,,,4,,21.1,485.3,,deliver_item,item_5,True,item_6,0.8229,0.166,0.8229,0.001,0.001,0.001,0.0027,0.0027,0.0027
368,done,,,4,,21.1,485.3,,deliver_item,item_5,True,item_6,0.8229,0.166,0.8229,0.001,0.001,0.001,0.0027,0.0027,0.0027
369,done,,,4,,21.1,485.3,,deliver_item,item_5,True,item_6,0.8229,0.166,0.8229,0.001,0.001,0.001,0.0027,0.0027,0.0027
370,done,,,4,,21.1,485.3,,deliver_item,item_5,True,item_6,0.8229,0.166,0.8229,0.001,0.001,0.001,0.0027,0.0027,0.0027
371,done,,,4,,21.1,485.3,,deliver_item,item_5,True,item_6,0.8229,0.166,0.8229,0.001,0.001,0.001,0.0027,0.0027,0.0027
372,done,,,4,,21.1,485.3,,deliver_item,item_5,True,item_6,0.8229,0.166,0.8229,0.001,0.001,0.001,0.0027,0.0027,0.0027
373,done,,,4,,21.1,485.3,,deliver_item,item_5,True,item_6,0.8229,0.166,0.8229,0.001,0.001,0.001,0.0027,0.0027,0.0027
374,done,,,4,,21.1,485.3,,deliver_item,item_5,True,item_6,0.8229,0.166,0.8229,0.001,0.001,0.001,0.0027,0.0027,0.0027
375,done,,,4,,21.1,485.3,,deliver_item,,True,item_6,0.8229,0.166,0.8229,0.001,0.001,0.001,0.0027,0.0027,0.0027
376,done,,,4,,21.1,485.3,,deliver_item,,True,item_6,0.8229,0.166,0.8229,0.001,0.001,0.001,0.0027,0.0027,0.0027
377,done,,,4,,21.1,485.3,,,,True,item_6,0.8229,0.166,0.8229,0.001,0.001,0.001,0.0027,0.0027,0.0027
378,done,,,4,,21.1,485.3,,,,True,item_6,0.8229,0.166,0.8229,0.001,0.001,0.001,0.0027,0.0027,0.0027
379,done,,,4,,21.1,485.3,,,,False,item_6,0.8229,0.166,0.8229,0.001,0.001,0.001,0.0027,0.0027,0.0027
380,done,,,4,,21.1,485.3,,,,False,item_6,0.8229,0.166,0.8229,0.001,0.001,0.001,0.0027,0.0027,0.0027
381,done,,,4,,21.1,485.3,,,,False,item_6,0.8229,0.166,0.8229,0.001,0.001,0.001,0.0027,0.0027,0.0027
382,done,,,4,,21.1,485.3,,,,False,item_6,0.8229,0.166,0.8229,0.001,0.001,0.001,0.0027,0.0027,0.0027
383,done,,,4,,21.1,485.3,,,,False,item_6,0.8229,0.166,0.8229,0.001,0.001,0.001,0.0027,0.0027,0.0027
384,done,,,4,,21.1,485.3,,,,False,item_6,0.8229,0.166,0.8229,0.001,0.001,0.001,0.0027,0.0027,0.0027
385,done,,,4,,21.1,485.3,,,,False,item_6,0.8229,0.166,0.8229,0.001,0.001,0.001,0.0027,0.0027,0.0027
386,done,,,4,,21.1,485.3,,,,False,item_6,0.8229,0.166,0.8229,0.001,0.001,0.001,0.0027,0.0027,0.0027
387,done,,,4,,21.1,485.3,,,,False,item_6,0.8229,0.166,0.8229,0.001,0.001,0.001,0.0027,0.0027,0.0027
388,done,,,4,,21.1,485.3,,,,False,item_6,0.8229,0.166,0.8229,0.001,0.001,0.001,0.0027,0.0027,0.0027
389,done,,,4,,21.1,485.3,,,,False,item_6,0.8229,0.166,0.8229,0.001,0.001,0.001,0.0027,0.0027,0.0027
390,done,,,4,,21.1,485.3,,,,False,item_6,0.8229,0.166,0.8229,0.001,0.001,0.001,0.0027,0.0027,0.0027
391,done,,,4,,21.1,485.3,,,,False,item_6,0.8229,0.166,0.8229,0.001,0.001,0.001,0.0027,0.0027,0.0027
392,done,,,4,,21.1,485.3,,,,False,item_6,0.8229,0.166,0.8229,0.001,0.001,0.001,0.0027,0.0027,0.0027
393,done,,,4,,21.1,485.3,,,,False,item_6,0.8229,0.166,0.8229,0.001,0.001,0.001,0.0027,0.0027,0.0027
394,done,,,4,,21.1,485.3,,,,False,item_6,0.8229,0.166,0.8229,0.001,0.001,0.001,0.0027,0.0027,0.0027
395,done,,,4,,21.1,485.3,,,,False,item_6,0.8229,0.166,0.8229,0.001,0.001,0.001,0.0027,0.0027,0.0027
396,done,,,4,,21.1,485.3,,,,False,item_6,0.8229,0.166,0.8229,0.001,0.001,0.001,0.0027,0.0027,0.0027
397,done,,,4,,21.1,485.3,,,,False,item_6,0.8229,0.166,0.8229,0.001,0.001,0.001,0.0027,0.0027,0.0027
398,done,,,4,,21.1,485.3,,,,False,item_6,0.8229,0.166,0.8229,0.001,0.001,0.001,0.0027,0.0027,0.0027
399,done,,,4,,21.1,485.3,,,,False,item_6,0.8229,0.166,0.8229,0.001,0.001,0.001,0.0027,0.0027,0.0027
