condition,layout,step,trigger,row_class,admitted,hypothesis,human_actual,hyp_matches_actual,human_finished,degenerate,confidence,T_h,robot_current_task,robot_holding,pool_size,current_in_pool,cost_winner_logged,cost_winner,candidate,cand,is_current_task,cost,T_r,n_segments,phases,logged_feasible,logged_min_dist,unassessed_before_ticks,unassessed_before_share
s00_off,env_layout0,0,no_current_task,counterfactual,False,"deliver_item(?item=item_3,?kitting_table=kitting_table_0)","deliver_item(?item=item_3,?kitting_table=kitting_table_0)",True,False,False,0.20022243918393354,77.79760132533269,,,3,False,"deliver_item(?item=item_7,?kitting_table=kitting_table_0)","deliver_item(?item=item_7,?kitting_table=kitting_table_0)","deliver_item(?item=item_4,?kitting_table=kitting_table_0)",item_4,False,79,78.79760132533269,4,approach_shelf|pick_up|carry_to_table|placement,,,1.0,0.012690741636554224
s00_off,env_layout0,0,no_current_task,counterfactual,False,"deliver_item(?item=item_3,?kitting_table=kitting_table_0)","deliver_item(?item=item_3,?kitting_table=kitting_table_0)",True,False,False,0.20022243918393354,77.79760132533269,,,3,False,"deliver_item(?item=item_7,?kitting_table=kitting_table_0)","deliver_item(?item=item_7,?kitting_table=kitting_table_0)","deliver_item(?item=item_6,?kitting_table=kitting_table_0)",item_6,False,47,47.31089277272629,4,approach_shelf|pick_up|carry_to_table|placement,,,0.0,0.0
s00_off,env_layout0,0,no_current_task,counterfactual,False,"deliver_item(?item=item_3,?kitting_table=kitting_table_0)","deliver_item(?item=item_3,?kitting_table=kitting_table_0)",True,False,False,0.20022243918393354,77.79760132533269,,,3,False,"deliver_item(?item=item_7,?kitting_table=kitting_table_0)","deliver_item(?item=item_7,?kitting_table=kitting_table_0)","deliver_item(?item=item_7,?kitting_table=kitting_table_0)",item_7,False,31,31.175122773890983,4,approach_shelf|pick_up|carry_to_table|placement,,,0.0,0.0
s00_off,env_layout0,7,task_committed,counterfactual,False,"deliver_item(?item=item_3,?kitting_table=kitting_table_0)","deliver_item(?item=item_3,?kitting_table=kitting_table_0)",True,False,False,0.24710909027370312,70.79760132533269,"deliver_item(?item=item_7,?kitting_table=kitting_table_0)",item_7,3,True,"deliver_item(?item=item_7,?kitting_table=kitting_table_0)","deliver_item(?item=item_7,?kitting_table=kitting_table_0)","deliver_item(?item=item_7,?kitting_table=kitting_table_0)",item_7,True,24,24.083423024705116,2,carry_to_table|placement,,,0.0,0.0
s00_off,env_layout0,7,task_committed,counterfactual,False,"deliver_item(?item=item_3,?kitting_table=kitting_table_0)","deliver_item(?item=item_3,?kitting_table=kitting_table_0)",True,False,False,0.24710909027370312,70.79760132533269,"deliver_item(?item=item_7,?kitting_table=kitting_table_0)",item_7,3,True,"deliver_item(?item=item_7,?kitting_table=kitting_table_0)","deliver_item(?item=item_7,?kitting_table=kitting_table_0)","deliver_item(?item=item_4,?kitting_table=kitting_table_0)",item_4,False,80,79.6960113434331,6,return_held_item|return_placement|approach_shelf|pick_up|carry_to_table|placement,,,8.898410018100407,0.11165439609963153
s00_off,env_layout0,7,task_committed,counterfactual,False,"deliver_item(?item=item_3,?kitting_table=kitting_table_0)","deliver_item(?item=item_3,?kitting_table=kitting_table_0)",True,False,False,0.24710909027370312,70.79760132533269,"deliver_item(?item=item_7,?kitting_table=kitting_table_0)",item_7,3,True,"deliver_item(?item=item_7,?kitting_table=kitting_table_0)","deliver_item(?item=item_7,?kitting_table=kitting_table_0)","deliver_item(?item=item_6,?kitting_table=kitting_table_0)",item_6,False,44,43.694156390730214,6,return_held_item|return_placement|approach_shelf|pick_up|carry_to_table|placement,,,0.0,0.0
s00_off,env_layout0,33,no_current_task,counterfactual,False,"deliver_item(?item=item_3,?kitting_table=kitting_table_0)","deliver_item(?item=item_3,?kitting_table=kitting_table_0)",True,False,False,0.6264616032549486,44.79760132533269,,,2,False,"deliver_item(?item=item_6,?kitting_table=kitting_table_0)","deliver_item(?item=item_6,?kitting_table=kitting_table_0)","deliver_item(?item=item_4,?kitting_table=kitting_table_0)",item_4,False,73,73.48333047724478,4,approach_shelf|pick_up|carry_to_table|placement,,,28.685729151912085,0.3903705638491039
s00_off,env_layout0,33,no_current_task,counterfactual,False,"deliver_item(?item=item_3,?kitting_table=kitting_table_0)","deliver_item(?item=item_3,?kitting_table=kitting_table_0)",True,False,False,0.6264616032549486,44.79760132533269,,,2,False,"deliver_item(?item=item_6,?kitting_table=kitting_table_0)","deliver_item(?item=item_6,?kitting_table=kitting_table_0)","deliver_item(?item=item_6,?kitting_table=kitting_table_0)",item_6,False,61,61.17433413656631,4,approach_shelf|pick_up|carry_to_table|placement,,,16.376732811233616,0.26770594306223267
s00_off,env_layout0,39,theta_crossed,primary,True,"deliver_item(?item=item_3,?kitting_table=kitting_table_0)","deliver_item(?item=item_3,?kitting_table=kitting_table_0)",True,False,False,0.96677944446194,38.79760132533269,"deliver_item(?item=item_6,?kitting_table=kitting_table_0)",,2,True,"deliver_item(?item=item_6,?kitting_table=kitting_table_0)","deliver_item(?item=item_6,?kitting_table=kitting_table_0)","deliver_item(?item=item_6,?kitting_table=kitting_table_0)",item_6,True,55,55.17433413656631,4,approach_shelf|pick_up|carry_to_table|placement,True,133.10103522786702,16.376732811233616,0.2968179510911411
s00_off,env_layout0,39,theta_crossed,primary,True,"deliver_item(?item=item_3,?kitting_table=kitting_table_0)","deliver_item(?item=item_3,?kitting_table=kitting_table_0)",True,False,False,0.96677944446194,38.79760132533269,"deliver_item(?item=item_6,?kitting_table=kitting_table_0)",,2,True,"deliver_item(?item=item_6,?kitting_table=kitting_table_0)","deliver_item(?item=item_6,?kitting_table=kitting_table_0)","deliver_item(?item=item_4,?kitting_table=kitting_table_0)",item_4,False,72,71.64506496640371,4,approach_shelf|pick_up|carry_to_table|placement,True,275.3005220514368,32.847463641071016,0.45847489504649164
s00_off,env_layout0,63,task_committed,primary,True,"deliver_item(?item=item_3,?kitting_table=kitting_table_0)","deliver_item(?item=item_3,?kitting_table=kitting_table_0)",True,False,False,0.9950153837085672,14.909208982206618,"deliver_item(?item=item_6,?kitting_table=kitting_table_0)",item_6,2,True,"deliver_item(?item=item_6,?kitting_table=kitting_table_0)","deliver_item(?item=item_6,?kitting_table=kitting_table_0)","deliver_item(?item=item_6,?kitting_table=kitting_table_0)",item_6,True,30,30.033705586914504,2,carry_to_table|placement,True,282.4899320941578,15.124496604707886,0.5035841002349551
s00_off,env_layout0,63,task_committed,primary,True,"deliver_item(?item=item_3,?kitting_table=kitting_table_0)","deliver_item(?item=item_3,?kitting_table=kitting_table_0)",True,False,False,0.9950153837085672,14.909208982206618,"deliver_item(?item=item_6,?kitting_table=kitting_table_0)",item_6,2,True,"deliver_item(?item=item_6,?kitting_table=kitting_table_0)","deliver_item(?item=item_6,?kitting_table=kitting_table_0)","deliver_item(?item=item_4,?kitting_table=kitting_table_0)",item_4,False,76,76.26544979417903,6,return_held_item|return_placement|approach_shelf|pick_up|carry_to_table|placement,True,326.65102103903394,61.35624081197241,0.804509000832713
s00_off,env_layout0,95,no_current_task,counterfactual,False,"deliver_item(?item=item_2,?kitting_table=kitting_table_0)","deliver_item(?item=item_2,?kitting_table=kitting_table_0)",True,False,False,0.5022640765763593,46.84455443211718,,,1,False,"deliver_item(?item=item_4,?kitting_table=kitting_table_0)","deliver_item(?item=item_4,?kitting_table=kitting_table_0)","deliver_item(?item=item_4,?kitting_table=kitting_table_0)",item_4,False,73,73.18847314536538,4,approach_shelf|pick_up|carry_to_table|placement,,,26.3439187132482,0.35994628089760083
s00_off,env_layout0,109,theta_crossed,primary,True,"deliver_item(?item=item_2,?kitting_table=kitting_table_0)","deliver_item(?item=item_2,?kitting_table=kitting_table_0)",True,False,False,0.9389662171422414,32.84455443211718,"deliver_item(?item=item_4,?kitting_table=kitting_table_0)",,1,True,"deliver_item(?item=item_4,?kitting_table=kitting_table_0)","deliver_item(?item=item_4,?kitting_table=kitting_table_0)","deliver_item(?item=item_4,?kitting_table=kitting_table_0)",item_4,True,59,59.18847314536537,4,approach_shelf|pick_up|carry_to_table|placement,True,142.2786660376136,26.343918713248193,0.4450852896398967
s00_off,env_layout0,113,theta_crossed,primary,True,"deliver_item(?item=item_2,?kitting_table=kitting_table_0)","deliver_item(?item=item_2,?kitting_table=kitting_table_0)",True,False,False,0.946945551603911,29.36371297463429,"deliver_item(?item=item_4,?kitting_table=kitting_table_0)",,1,True,"deliver_item(?item=item_4,?kitting_table=kitting_table_0)","deliver_item(?item=item_4,?kitting_table=kitting_table_0)","deliver_item(?item=item_4,?kitting_table=kitting_table_0)",item_4,True,55,55.18847314536537,4,approach_shelf|pick_up|carry_to_table|placement,True,143.33851563969384,25.824760170731082,0.4679375728099809
s00_off,env_layout0,115,theta_crossed,primary,True,"deliver_item(?item=item_2,?kitting_table=kitting_table_0)","deliver_item(?item=item_2,?kitting_table=kitting_table_0)",True,False,False,0.7538472167878119,27.363712974634296,"deliver_item(?item=item_4,?kitting_table=kitting_table_0)",,1,True,"deliver_item(?item=item_4,?kitting_table=kitting_table_0)","deliver_item(?item=item_4,?kitting_table=kitting_table_0)","deliver_item(?item=item_4,?kitting_table=kitting_table_0)",item_4,True,53,53.18847314536537,4,approach_shelf|pick_up|carry_to_table|placement,True,143.33851563969387,25.824760170731075,0.4855330232953179
s00_off,env_layout0,131,task_committed,primary,True,"deliver_item(?item=item_2,?kitting_table=kitting_table_0)","deliver_item(?item=item_2,?kitting_table=kitting_table_0)",True,False,False,0.9950064588012839,11.363712974634295,"deliver_item(?item=item_4,?kitting_table=kitting_table_0)",item_4,1,True,"deliver_item(?item=item_4,?kitting_table=kitting_table_0)","deliver_item(?item=item_4,?kitting_table=kitting_table_0)","deliver_item(?item=item_4,?kitting_table=kitting_table_0)",item_4,True,35,35.40115194571842,2,carry_to_table|placement,True,460.74877942168246,24.03743897108412,0.6790016044659056
s00_on,env_layout0,0,no_current_task,counterfactual,False,"deliver_item(?item=item_3,?kitting_table=kitting_table_0)","deliver_item(?item=item_3,?kitting_table=kitting_table_0)",True,False,False,0.48764259479657657,77.79760132533269,,,3,False,"deliver_item(?item=item_7,?kitting_table=kitting_table_0)","deliver_item(?item=item_7,?kitting_table=kitting_table_0)","deliver_item(?item=item_4,?kitting_table=kitting_table_0)",item_4,False,79,78.79760132533269,4,approach_shelf|pick_up|carry_to_table|placement,,,1.0,0.012690741636554224
s00_on,env_layout0,0,no_current_task,counterfactual,False,"deliver_item(?item=item_3,?kitting_table=kitting_table_0)","deliver_item(?item=item_3,?kitting_table=kitting_table_0)",True,False,False,0.48764259479657657,77.79760132533269,,,3,False,"deliver_item(?item=item_7,?kitting_table=kitting_table_0)","deliver_item(?item=item_7,?kitting_table=kitting_table_0)","deliver_item(?item=item_6,?kitting_table=kitting_table_0)",item_6,False,47,47.31089277272629,4,approach_shelf|pick_up|carry_to_table|placement,,,0.0,0.0
s00_on,env_layout0,0,no_current_task,counterfactual,False,"deliver_item(?item=item_3,?kitting_table=kitting_table_0)","deliver_item(?item=item_3,?kitting_table=kitting_table_0)",True,False,False,0.48764259479657657,77.79760132533269,,,3,False,"deliver_item(?item=item_7,?kitting_table=kitting_table_0)","deliver_item(?item=item_7,?kitting_table=kitting_table_0)","deliver_item(?item=item_7,?kitting_table=kitting_table_0)",item_7,False,31,31.175122773890983,4,approach_shelf|pick_up|carry_to_table|placement,,,0.0,0.0
s00_on,env_layout0,7,task_committed,counterfactual,False,"deliver_item(?item=item_3,?kitting_table=kitting_table_0)","deliver_item(?item=item_3,?kitting_table=kitting_table_0)",True,False,False,0.644641603667864,70.79760132533269,"deliver_item(?item=item_7,?kitting_table=kitting_table_0)",item_7,3,True,"deliver_item(?item=item_7,?kitting_table=kitting_table_0)","deliver_item(?item=item_7,?kitting_table=kitting_table_0)","deliver_item(?item=item_7,?kitting_table=kitting_table_0)",item_7,True,24,24.083423024705116,2,carry_to_table|placement,,,0.0,0.0
s00_on,env_layout0,7,task_committed,counterfactual,False,"deliver_item(?item=item_3,?kitting_table=kitting_table_0)","deliver_item(?item=item_3,?kitting_table=kitting_table_0)",True,False,False,0.644641603667864,70.79760132533269,"deliver_item(?item=item_7,?kitting_table=kitting_table_0)",item_7,3,True,"deliver_item(?item=item_7,?kitting_table=kitting_table_0)","deliver_item(?item=item_7,?kitting_table=kitting_table_0)","deliver_item(?item=item_4,?kitting_table=kitting_table_0)",item_4,False,80,79.6960113434331,6,return_held_item|return_placement|approach_shelf|pick_up|carry_to_table|placement,,,8.898410018100407,0.11165439609963153
s00_on,env_layout0,7,task_committed,counterfactual,False,"deliver_item(?item=item_3,?kitting_table=kitting_table_0)","deliver_item(?item=item_3,?kitting_table=kitting_table_0)",True,False,False,0.644641603667864,70.79760132533269,"deliver_item(?item=item_7,?kitting_table=kitting_table_0)",item_7,3,True,"deliver_item(?item=item_7,?kitting_table=kitting_table_0)","deliver_item(?item=item_7,?kitting_table=kitting_table_0)","deliver_item(?item=item_6,?kitting_table=kitting_table_0)",item_6,False,44,43.694156390730214,6,return_held_item|return_placement|approach_shelf|pick_up|carry_to_table|placement,,,0.0,0.0
s00_on,env_layout0,11,theta_crossed,primary,True,"deliver_item(?item=item_3,?kitting_table=kitting_table_0)","deliver_item(?item=item_3,?kitting_table=kitting_table_0)",True,False,False,0.7683137591159451,66.79760132533269,"deliver_item(?item=item_7,?kitting_table=kitting_table_0)",item_7,3,True,"deliver_item(?item=item_7,?kitting_table=kitting_table_0)","deliver_item(?item=item_7,?kitting_table=kitting_table_0)","deliver_item(?item=item_7,?kitting_table=kitting_table_0)",item_7,True,20,20.08342302470512,2,carry_to_table|placement,True,355.8309798073141,0.0,0.0
s00_on,env_layout0,11,theta_crossed,primary,True,"deliver_item(?item=item_3,?kitting_table=kitting_table_0)","deliver_item(?item=item_3,?kitting_table=kitting_table_0)",True,False,False,0.7683137591159451,66.79760132533269,"deliver_item(?item=item_7,?kitting_table=kitting_table_0)",item_7,3,True,"deliver_item(?item=item_7,?kitting_table=kitting_table_0)","deliver_item(?item=item_7,?kitting_table=kitting_table_0)","deliver_item(?item=item_4,?kitting_table=kitting_table_0)",item_4,False,84,83.6162483144573,6,return_held_item|return_placement|approach_shelf|pick_up|carry_to_table|placement,True,145.4923009005327,16.818646989124602,0.20114089460070464
s00_on,env_layout0,11,theta_crossed,primary,True,"deliver_item(?item=item_3,?kitting_table=kitting_table_0)","deliver_item(?item=item_3,?kitting_table=kitting_table_0)",True,False,False,0.7683137591159451,66.79760132533269,"deliver_item(?item=item_7,?kitting_table=kitting_table_0)",item_7,3,True,"deliver_item(?item=item_7,?kitting_table=kitting_table_0)","deliver_item(?item=item_7,?kitting_table=kitting_table_0)","deliver_item(?item=item_6,?kitting_table=kitting_table_0)",item_6,False,48,47.61439336175441,6,return_held_item|return_placement|approach_shelf|pick_up|carry_to_table|placement,True,238.0153833654881,0.0,0.0
s00_on,env_layout0,33,no_current_task,primary,True,"deliver_item(?item=item_3,?kitting_table=kitting_table_0)","deliver_item(?item=item_3,?kitting_table=kitting_table_0)",True,False,False,0.9054580831686632,44.79760132533269,,,2,False,"deliver_item(?item=item_6,?kitting_table=kitting_table_0)","deliver_item(?item=item_6,?kitting_table=kitting_table_0)","deliver_item(?item=item_4,?kitting_table=kitting_table_0)",item_4,False,73,73.48333047724478,4,approach_shelf|pick_up|carry_to_table|placement,True,360.33618884523327,28.685729151912085,0.3903705638491039
s00_on,env_layout0,33,no_current_task,primary,True,"deliver_item(?item=item_3,?kitting_table=kitting_table_0)","deliver_item(?item=item_3,?kitting_table=kitting_table_0)",True,False,False,0.9054580831686632,44.79760132533269,,,2,False,"deliver_item(?item=item_6,?kitting_table=kitting_table_0)","deliver_item(?item=item_6,?kitting_table=kitting_table_0)","deliver_item(?item=item_6,?kitting_table=kitting_table_0)",item_6,False,61,61.17433413656631,4,approach_shelf|pick_up|carry_to_table|placement,True,133.101035227867,16.376732811233616,0.26770594306223267
s00_on,env_layout0,63,task_committed,primary,True,"deliver_item(?item=item_3,?kitting_table=kitting_table_0)","deliver_item(?item=item_3,?kitting_table=kitting_table_0)",True,False,False,0.9950079939803209,14.909208982206618,"deliver_item(?item=item_6,?kitting_table=kitting_table_0)",item_6,2,True,"deliver_item(?item=item_6,?kitting_table=kitting_table_0)","deliver_item(?item=item_6,?kitting_table=kitting_table_0)","deliver_item(?item=item_6,?kitting_table=kitting_table_0)",item_6,True,30,30.033705586914504,2,carry_to_table|placement,True,282.4899320941578,15.124496604707886,0.5035841002349551
s00_on,env_layout0,63,task_committed,primary,True,"deliver_item(?item=item_3,?kitting_table=kitting_table_0)","deliver_item(?item=item_3,?kitting_table=kitting_table_0)",True,False,False,0.9950079939803209,14.909208982206618,"deliver_item(?item=item_6,?kitting_table=kitting_table_0)",item_6,2,True,"deliver_item(?item=item_6,?kitting_table=kitting_table_0)","deliver_item(?item=item_6,?kitting_table=kitting_table_0)","deliver_item(?item=item_4,?kitting_table=kitting_table_0)",item_4,False,76,76.26544979417903,6,return_held_item|return_placement|approach_shelf|pick_up|carry_to_table|placement,True,326.65102103903394,61.35624081197241,0.804509000832713
s00_on,env_layout0,81,theta_crossed,primary,True,"deliver_item(?item=item_2,?kitting_table=kitting_table_0)","deliver_item(?item=item_2,?kitting_table=kitting_table_0)",True,False,False,0.9054545454545454,60.84455443211718,"deliver_item(?item=item_6,?kitting_table=kitting_table_0)",item_6,2,True,"deliver_item(?item=item_6,?kitting_table=kitting_table_0)","deliver_item(?item=item_6,?kitting_table=kitting_table_0)","deliver_item(?item=item_6,?kitting_table=kitting_table_0)",item_6,True,12,12.033705586914508,2,carry_to_table|placement,True,154.79429320225282,0.0,0.0
s00_on,env_layout0,81,theta_crossed,primary,True,"deliver_item(?item=item_2,?kitting_table=kitting_table_0)","deliver_item(?item=item_2,?kitting_table=kitting_table_0)",True,False,False,0.9054545454545454,60.84455443211718,"deliver_item(?item=item_6,?kitting_table=kitting_table_0)",item_6,2,True,"deliver_item(?item=item_6,?kitting_table=kitting_table_0)","deliver_item(?item=item_6,?kitting_table=kitting_table_0)","deliver_item(?item=item_4,?kitting_table=kitting_table_0)",item_4,False,94,94.26538439007518,6,return_held_item|return_placement|approach_shelf|pick_up|carry_to_table|placement,True,203.16099583581837,33.420829957958006,0.3545397939466393
s00_on,env_layout0,95,no_current_task,primary,True,"deliver_item(?item=item_2,?kitting_table=kitting_table_0)","deliver_item(?item=item_2,?kitting_table=kitting_table_0)",True,False,False,0.9054545454545455,46.84455443211718,,,1,False,"deliver_item(?item=item_4,?kitting_table=kitting_table_0)","deliver_item(?item=item_4,?kitting_table=kitting_table_0)","deliver_item(?item=item_4,?kitting_table=kitting_table_0)",item_4,False,73,73.18847314536538,4,approach_shelf|pick_up|carry_to_table|placement,True,142.2786660376136,26.3439187132482,0.35994628089760083
s00_on,env_layout0,131,task_committed,primary,True,"deliver_item(?item=item_2,?kitting_table=kitting_table_0)","deliver_item(?item=item_2,?kitting_table=kitting_table_0)",True,False,False,0.995004000995004,11.363712974634295,"deliver_item(?item=item_4,?kitting_table=kitting_table_0)",item_4,1,True,"deliver_item(?item=item_4,?kitting_table=kitting_table_0)","deliver_item(?item=item_4,?kitting_table=kitting_table_0)","deliver_item(?item=item_4,?kitting_table=kitting_table_0)",item_4,True,35,35.40115194571842,2,carry_to_table|placement,True,460.74877942168246,24.03743897108412,0.6790016044659056
s20_off,env_layout2,0,no_current_task,counterfactual,False,"deliver_item(?item=item_3,?kitting_table=kitting_table_0)","deliver_item(?item=item_3,?kitting_table=kitting_table_0)",True,False,False,0.20595219235101708,54.3145460808265,,,3,False,"deliver_item(?item=item_4,?kitting_table=kitting_table_0)","deliver_item(?item=item_4,?kitting_table=kitting_table_0)","deliver_item(?item=item_4,?kitting_table=kitting_table_0)",item_4,False,54,53.5154392492244,4,approach_shelf|pick_up|carry_to_table|placement,,,0.0,0.0
s20_off,env_layout2,0,no_current_task,counterfactual,False,"deliver_item(?item=item_3,?kitting_table=kitting_table_0)","deliver_item(?item=item_3,?kitting_table=kitting_table_0)",True,False,False,0.20595219235101708,54.3145460808265,,,3,False,"deliver_item(?item=item_4,?kitting_table=kitting_table_0)","deliver_item(?item=item_4,?kitting_table=kitting_table_0)","deliver_item(?item=item_6,?kitting_table=kitting_table_0)",item_6,False,71,70.50304866714181,4,approach_shelf|pick_up|carry_to_table|placement,,,16.18850258631531,0.22961422083666597
s20_off,env_layout2,0,no_current_task,counterfactual,False,"deliver_item(?item=item_3,?kitting_table=kitting_table_0)","deliver_item(?item=item_3,?kitting_table=kitting_table_0)",True,False,False,0.20595219235101708,54.3145460808265,,,3,False,"deliver_item(?item=item_4,?kitting_table=kitting_table_0)","deliver_item(?item=item_4,?kitting_table=kitting_table_0)","deliver_item(?item=item_7,?kitting_table=kitting_table_0)",item_7,False,103,103.28646137744644,4,approach_shelf|pick_up|carry_to_table|placement,,,48.97191529661994,0.47413682919834654
s20_off,env_layout2,20,theta_crossed,primary,True,"deliver_item(?item=item_3,?kitting_table=kitting_table_0)","deliver_item(?item=item_3,?kitting_table=kitting_table_0)",True,False,False,0.849552284278074,34.3145460808265,"deliver_item(?item=item_4,?kitting_table=kitting_table_0)",,3,True,"deliver_item(?item=item_6,?kitting_table=kitting_table_0)","deliver_item(?item=item_4,?kitting_table=kitting_table_0)","deliver_item(?item=item_4,?kitting_table=kitting_table_0)",item_4,True,34,33.5154392492244,4,approach_shelf|pick_up|carry_to_table|placement,False,0.0,0.0,0.0
s20_off,env_layout2,20,theta_crossed,primary,True,"deliver_item(?item=item_3,?kitting_table=kitting_table_0)","deliver_item(?item=item_3,?kitting_table=kitting_table_0)",True,False,False,0.849552284278074,34.3145460808265,"deliver_item(?item=item_4,?kitting_table=kitting_table_0)",,3,True,"deliver_item(?item=item_6,?kitting_table=kitting_table_0)","deliver_item(?item=item_4,?kitting_table=kitting_table_0)","deliver_item(?item=item_6,?kitting_table=kitting_table_0)",item_6,False,56,56.132408510641135,4,approach_shelf|pick_up|carry_to_table|placement,True,195.51363531406562,21.81786242981463,0.38868566321501374
s20_off,env_layout2,20,theta_crossed,primary,True,"deliver_item(?item=item_3,?kitting_table=kitting_table_0)","deliver_item(?item=item_3,?kitting_table=kitting_table_0)",True,False,False,0.849552284278074,34.3145460808265,"deliver_item(?item=item_4,?kitting_table=kitting_table_0)",,3,True,"deliver_item(?item=item_6,?kitting_table=kitting_table_0)","deliver_item(?item=item_4,?kitting_table=kitting_table_0)","deliver_item(?item=item_7,?kitting_table=kitting_table_0)",item_7,False,87,86.96366622951103,4,approach_shelf|pick_up|carry_to_table|placement,True,34.64122397505336,52.64912014868453,0.6054151398094818
s20_off,env_layout2,24,theta_crossed,primary,True,"deliver_item(?item=item_3,?kitting_table=kitting_table_0)","deliver_item(?item=item_3,?kitting_table=kitting_table_0)",True,False,False,0.8559891707385731,29.74272195676042,"deliver_item(?item=item_6,?kitting_table=kitting_table_0)",,3,True,"deliver_item(?item=item_4,?kitting_table=kitting_table_0)","deliver_item(?item=item_4,?kitting_table=kitting_table_0)","deliver_item(?item=item_6,?kitting_table=kitting_table_0)",item_6,True,52,52.132408510641135,4,approach_shelf|pick_up|carry_to_table|placement,True,229.00574083100238,22.389686553880715,0.4294773096721704
s20_off,env_layout2,24,theta_crossed,primary,True,"deliver_item(?item=item_3,?kitting_table=kitting_table_0)","deliver_item(?item=item_3,?kitting_table=kitting_table_0)",True,False,False,0.8559891707385731,29.74272195676042,"deliver_item(?item=item_6,?kitting_table=kitting_table_0)",,3,True,"deliver_item(?item=item_4,?kitting_table=kitting_table_0)","deliver_item(?item=item_4,?kitting_table=kitting_table_0)","deliver_item(?item=item_4,?kitting_table=kitting_table_0)",item_4,False,35,35.02267733320279,4,approach_shelf|pick_up|carry_to_table|placement,True,85.5991075288475,5.2799553764423734,0.15075818807937852
s20_off,env_layout2,24,theta_crossed,primary,True,"deliver_item(?item=item_3,?kitting_table=kitting_table_0)","deliver_item(?item=item_3,?kitting_table=kitting_table_0)",True,False,False,0.8559891707385731,29.74272195676042,"deliver_item(?item=item_6,?kitting_table=kitting_table_0)",,3,True,"deliver_item(?item=item_4,?kitting_table=kitting_table_0)","deliver_item(?item=item_4,?kitting_table=kitting_table_0)","deliver_item(?item=item_7,?kitting_table=kitting_table_0)",item_7,False,89,88.63427887239169,4,approach_shelf|pick_up|carry_to_table|placement,True,177.33069928828513,58.89155691563127,0.6644331929457955
s20_off,env_layout2,29,task_committed,counterfactual,False,"deliver_item(?item=item_3,?kitting_table=kitting_table_0)","deliver_item(?item=item_3,?kitting_table=kitting_table_0)",True,False,False,0.7102214682207048,24.742721956760427,"deliver_item(?item=item_4,?kitting_table=kitting_table_0)",item_4,3,True,"deliver_item(?item=item_4,?kitting_table=kitting_table_0)","deliver_item(?item=item_4,?kitting_table=kitting_table_0)","deliver_item(?item=item_4,?kitting_table=kitting_table_0)",item_4,True,31,30.75512482294979,2,carry_to_table|placement,,,6.012402866189362,0.1954927154677924
s20_off,env_layout2,29,task_committed,counterfactual,False,"deliver_item(?item=item_3,?kitting_table=kitting_table_0)","deliver_item(?item=item_3,?kitting_table=kitting_table_0)",True,False,False,0.7102214682207048,24.742721956760427,"deliver_item(?item=item_4,?kitting_table=kitting_table_0)",item_4,3,True,"deliver_item(?item=item_4,?kitting_table=kitting_table_0)","deliver_item(?item=item_4,?kitting_table=kitting_table_0)","deliver_item(?item=item_6,?kitting_table=kitting_table_0)",item_6,False,57,57.3709665261181,6,return_held_item|return_placement|approach_shelf|pick_up|carry_to_table|placement,,,32.628244569357676,0.5687239826176483
s20_off,env_layout2,29,task_committed,counterfactual,False,"deliver_item(?item=item_3,?kitting_table=kitting_table_0)","deliver_item(?item=item_3,?kitting_table=kitting_table_0)",True,False,False,0.7102214682207048,24.742721956760427,"deliver_item(?item=item_4,?kitting_table=kitting_table_0)",item_4,3,True,"deliver_item(?item=item_4,?kitting_table=kitting_table_0)","deliver_item(?item=item_4,?kitting_table=kitting_table_0)","deliver_item(?item=item_7,?kitting_table=kitting_table_0)",item_7,False,87,87.12852782242078,6,return_held_item|return_placement|approach_shelf|pick_up|carry_to_table|placement,,,62.38580586566035,0.7160204289553784
s20_off,env_layout2,30,theta_crossed,primary,True,"deliver_item(?item=item_3,?kitting_table=kitting_table_0)","deliver_item(?item=item_3,?kitting_table=kitting_table_0)",True,False,False,0.777428345281739,23.742721956760423,"deliver_item(?item=item_4,?kitting_table=kitting_table_0)",item_4,3,True,"deliver_item(?item=item_4,?kitting_table=kitting_table_0)","deliver_item(?item=item_4,?kitting_table=kitting_table_0)","deliver_item(?item=item_4,?kitting_table=kitting_table_0)",item_4,True,30,29.75512482294979,2,carry_to_table|placement,True,100.2480573237873,6.012402866189365,0.202062767404426
s20_off,env_layout2,30,theta_crossed,primary,True,"deliver_item(?item=item_3,?kitting_table=kitting_table_0)","deliver_item(?item=item_3,?kitting_table=kitting_table_0)",True,False,False,0.777428345281739,23.742721956760423,"deliver_item(?item=item_4,?kitting_table=kitting_table_0)",item_4,3,True,"deliver_item(?item=item_4,?kitting_table=kitting_table_0)","deliver_item(?item=item_4,?kitting_table=kitting_table_0)","deliver_item(?item=item_6,?kitting_table=kitting_table_0)",item_6,False,57,57.23745195202068,6,return_held_item|return_placement|approach_shelf|pick_up|carry_to_table|placement,True,193.6590679876973,33.49472999526026,0.5851890476071023
s20_off,env_layout2,30,theta_crossed,primary,True,"deliver_item(?item=item_3,?kitting_table=kitting_table_0)","deliver_item(?item=item_3,?kitting_table=kitting_table_0)",True,False,False,0.777428345281739,23.742721956760423,"deliver_item(?item=item_4,?kitting_table=kitting_table_0)",item_4,3,True,"deliver_item(?item=item_4,?kitting_table=kitting_table_0)","deliver_item(?item=item_4,?kitting_table=kitting_table_0)","deliver_item(?item=item_7,?kitting_table=kitting_table_0)",item_7,False,87,86.99501324832337,6,return_held_item|return_placement|approach_shelf|pick_up|carry_to_table|placement,True,193.6590679876973,63.252291291562955,0.7270795063966726
s20_off,env_layout2,62,no_current_task,counterfactual,False,"deliver_item(?item=item_2,?kitting_table=kitting_table_0)","deliver_item(?item=item_2,?kitting_table=kitting_table_0)",True,False,False,0.3811515438410458,59.597999239901064,,,2,False,"deliver_item(?item=item_6,?kitting_table=kitting_table_0)","deliver_item(?item=item_6,?kitting_table=kitting_table_0)","deliver_item(?item=item_6,?kitting_table=kitting_table_0)",item_6,False,83,83.25436828335445,4,approach_shelf|pick_up|carry_to_table|placement,,,23.656369043453388,0.28414567945479385
s20_off,env_layout2,62,no_current_task,counterfactual,False,"deliver_item(?item=item_2,?kitting_table=kitting_table_0)","deliver_item(?item=item_2,?kitting_table=kitting_table_0)",True,False,False,0.3811515438410458,59.597999239901064,,,2,False,"deliver_item(?item=item_6,?kitting_table=kitting_table_0)","deliver_item(?item=item_6,?kitting_table=kitting_table_0)","deliver_item(?item=item_7,?kitting_table=kitting_table_0)",item_7,False,89,89.1284135302834,4,approach_shelf|pick_up|carry_to_table|placement,,,29.530414290382332,0.3313243568544918
s20_off,env_layout2,87,theta_crossed,primary,True,"deliver_item(?item=item_2,?kitting_table=kitting_table_0)","deliver_item(?item=item_2,?kitting_table=kitting_table_0)",True,False,False,0.9066840677160811,34.59799923990107,"deliver_item(?item=item_6,?kitting_table=kitting_table_0)",,2,True,"deliver_item(?item=item_6,?kitting_table=kitting_table_0)","deliver_item(?item=item_6,?kitting_table=kitting_table_0)","deliver_item(?item=item_6,?kitting_table=kitting_table_0)",item_6,True,58,58.25436828335445,4,approach_shelf|pick_up|carry_to_table|placement,True,453.12738086906757,23.65636904345338,0.40608747018569813
s20_off,env_layout2,87,theta_crossed,primary,True,"deliver_item(?item=item_2,?kitting_table=kitting_table_0)","deliver_item(?item=item_2,?kitting_table=kitting_table_0)",True,False,False,0.9066840677160811,34.59799923990107,"deliver_item(?item=item_6,?kitting_table=kitting_table_0)",,2,True,"deliver_item(?item=item_6,?kitting_table=kitting_table_0)","deliver_item(?item=item_6,?kitting_table=kitting_table_0)","deliver_item(?item=item_7,?kitting_table=kitting_table_0)",item_7,False,88,87.55508514008804,4,approach_shelf|pick_up|carry_to_table|placement,True,356.7512565058609,52.95708590018697,0.604843063260754
s20_off,env_layout2,91,theta_crossed,primary,True,"deliver_item(?item=item_2,?kitting_table=kitting_table_0)","deliver_item(?item=item_2,?kitting_table=kitting_table_0)",True,False,False,0.9140902348733666,31.43334988386916,"deliver_item(?item=item_6,?kitting_table=kitting_table_0)",,2,True,"deliver_item(?item=item_6,?kitting_table=kitting_table_0)","deliver_item(?item=item_6,?kitting_table=kitting_table_0)","deliver_item(?item=item_6,?kitting_table=kitting_table_0)",item_6,True,54,54.25436828335445,4,approach_shelf|pick_up|carry_to_table|placement,True,436.42036798970594,22.821018399485293,0.4206300639295603
s20_off,env_layout2,91,theta_crossed,primary,True,"deliver_item(?item=item_2,?kitting_table=kitting_table_0)","deliver_item(?item=item_2,?kitting_table=kitting_table_0)",True,False,False,0.9140902348733666,31.43334988386916,"deliver_item(?item=item_6,?kitting_table=kitting_table_0)",,2,True,"deliver_item(?item=item_6,?kitting_table=kitting_table_0)","deliver_item(?item=item_6,?kitting_table=kitting_table_0)","deliver_item(?item=item_7,?kitting_table=kitting_table_0)",item_7,False,89,88.67054108171729,4,approach_shelf|pick_up|carry_to_table|placement,True,424.37413482166073,57.237191197848134,0.6455040253459071
s20_off,env_layout2,95,theta_crossed,primary,True,"deliver_item(?item=item_2,?kitting_table=kitting_table_0)","deliver_item(?item=item_2,?kitting_table=kitting_table_0)",True,False,False,0.7655264368924152,27.43334988386916,"deliver_item(?item=item_6,?kitting_table=kitting_table_0)",,2,True,"deliver_item(?item=item_6,?kitting_table=kitting_table_0)","deliver_item(?item=item_6,?kitting_table=kitting_table_0)","deliver_item(?item=item_6,?kitting_table=kitting_table_0)",item_6,True,50,50.25436828335445,4,approach_shelf|pick_up|carry_to_table|placement,True,436.42036798970577,22.821018399485293,0.45411014363589575
s20_off,env_layout2,95,theta_crossed,primary,True,"deliver_item(?item=item_2,?kitting_table=kitting_table_0)","deliver_item(?item=item_2,?kitting_table=kitting_table_0)",True,False,False,0.7655264368924152,27.43334988386916,"deliver_item(?item=item_6,?kitting_table=kitting_table_0)",,2,True,"deliver_item(?item=item_6,?kitting_table=kitting_table_0)","deliver_item(?item=item_6,?kitting_table=kitting_table_0)","deliver_item(?item=item_7,?kitting_table=kitting_table_0)",item_7,False,90,90.11968142990689,4,approach_shelf|pick_up|carry_to_table|placement,True,503.2871587194,62.686331546037735,0.6955898040406833
s20_off,env_layout2,103,task_committed,primary,True,"deliver_item(?item=item_2,?kitting_table=kitting_table_0)","deliver_item(?item=item_2,?kitting_table=kitting_table_0)",True,False,False,0.9816447288267522,19.433349883869163,"deliver_item(?item=item_6,?kitting_table=kitting_table_0)",item_6,2,True,"deliver_item(?item=item_6,?kitting_table=kitting_table_0)","deliver_item(?item=item_6,?kitting_table=kitting_table_0)","deliver_item(?item=item_6,?kitting_table=kitting_table_0)",item_6,True,41,40.75173105176642,2,carry_to_table|placement,True,406.3676233579452,21.318381167897257,0.5231282357261531
s20_off,env_layout2,103,task_committed,primary,True,"deliver_item(?item=item_2,?kitting_table=kitting_table_0)","deliver_item(?item=item_2,?kitting_table=kitting_table_0)",True,False,False,0.9816447288267522,19.433349883869163,"deliver_item(?item=item_6,?kitting_table=kitting_table_0)",item_6,2,True,"deliver_item(?item=item_6,?kitting_table=kitting_table_0)","deliver_item(?item=item_6,?kitting_table=kitting_table_0)","deliver_item(?item=item_7,?kitting_table=kitting_table_0)",item_7,False,96,95.74589176390938,6,return_held_item|return_placement|approach_shelf|pick_up|carry_to_table|placement,True,685.4553639341905,76.31254188004021,0.7970320237677873
s20_off,env_layout2,146,no_current_task,counterfactual,False,"deliver_item(?item=item_7,?kitting_table=kitting_table_0)",,False,True,False,0.498,88.04420529702574,,,1,False,"deliver_item(?item=item_7,?kitting_table=kitting_table_0)","deliver_item(?item=item_7,?kitting_table=kitting_table_0)","deliver_item(?item=item_7,?kitting_table=kitting_table_0)",item_7,False,89,89.19475459857468,4,approach_shelf|pick_up|carry_to_table|placement,,,1.150549301548935,0.012899293313009694
s20_off,env_layout2,190,task_committed,counterfactual,False,"deliver_item(?item=item_7,?kitting_table=kitting_table_0)",,False,True,False,0.498,85.1194926528207,"deliver_item(?item=item_7,?kitting_table=kitting_table_0)",item_7,1,True,"deliver_item(?item=item_7,?kitting_table=kitting_table_0)","deliver_item(?item=item_7,?kitting_table=kitting_table_0)","deliver_item(?item=item_7,?kitting_table=kitting_table_0)",item_7,True,43,43.26971985466541,2,carry_to_table|placement,,,0.0,0.0
s20_on,env_layout2,0,no_current_task,counterfactual,False,"deliver_item(?item=item_3,?kitting_table=kitting_table_0)","deliver_item(?item=item_3,?kitting_table=kitting_table_0)",True,False,False,0.5081816800738409,54.3145460808265,,,3,False,"deliver_item(?item=item_4,?kitting_table=kitting_table_0)","deliver_item(?item=item_4,?kitting_table=kitting_table_0)","deliver_item(?item=item_4,?kitting_table=kitting_table_0)",item_4,False,54,53.5154392492244,4,approach_shelf|pick_up|carry_to_table|placement,,,0.0,0.0
s20_on,env_layout2,0,no_current_task,counterfactual,False,"deliver_item(?item=item_3,?kitting_table=kitting_table_0)","deliver_item(?item=item_3,?kitting_table=kitting_table_0)",True,False,False,0.5081816800738409,54.3145460808265,,,3,False,"deliver_item(?item=item_4,?kitting_table=kitting_table_0)","deliver_item(?item=item_4,?kitting_table=kitting_table_0)","deliver_item(?item=item_6,?kitting_table=kitting_table_0)",item_6,False,71,70.50304866714181,4,approach_shelf|pick_up|carry_to_table|placement,,,16.18850258631531,0.22961422083666597
s20_on,env_layout2,0,no_current_task,counterfactual,False,"deliver_item(?item=item_3,?kitting_table=kitting_table_0)","deliver_item(?item=item_3,?kitting_table=kitting_table_0)",True,False,False,0.5081816800738409,54.3145460808265,,,3,False,"deliver_item(?item=item_4,?kitting_table=kitting_table_0)","deliver_item(?item=item_4,?kitting_table=kitting_table_0)","deliver_item(?item=item_7,?kitting_table=kitting_table_0)",item_7,False,103,103.28646137744644,4,approach_shelf|pick_up|carry_to_table|placement,,,48.97191529661994,0.47413682919834654
s20_on,env_layout2,6,theta_crossed,primary,True,"deliver_item(?item=item_3,?kitting_table=kitting_table_0)","deliver_item(?item=item_3,?kitting_table=kitting_table_0)",True,False,False,0.7641607972410028,48.3145460808265,"deliver_item(?item=item_4,?kitting_table=kitting_table_0)",,3,True,"deliver_item(?item=item_6,?kitting_table=kitting_table_0)","deliver_item(?item=item_4,?kitting_table=kitting_table_0)","deliver_item(?item=item_4,?kitting_table=kitting_table_0)",item_4,True,48,47.5154392492244,4,approach_shelf|pick_up|carry_to_table|placement,False,0.0,0.0,0.0
s20_on,env_layout2,6,theta_crossed,primary,True,"deliver_item(?item=item_3,?kitting_table=kitting_table_0)","deliver_item(?item=item_3,?kitting_table=kitting_table_0)",True,False,False,0.7641607972410028,48.3145460808265,"deliver_item(?item=item_4,?kitting_table=kitting_table_0)",,3,True,"deliver_item(?item=item_6,?kitting_table=kitting_table_0)","deliver_item(?item=item_4,?kitting_table=kitting_table_0)","deliver_item(?item=item_6,?kitting_table=kitting_table_0)",item_6,False,65,65.29854209002949,4,approach_shelf|pick_up|carry_to_table|placement,True,310.99717874052817,16.983996009202983,0.26009762952726456
s20_on,env_layout2,6,theta_crossed,primary,True,"deliver_item(?item=item_3,?kitting_table=kitting_table_0)","deliver_item(?item=item_3,?kitting_table=kitting_table_0)",True,False,False,0.7641607972410028,48.3145460808265,"deliver_item(?item=item_4,?kitting_table=kitting_table_0)",,3,True,"deliver_item(?item=item_6,?kitting_table=kitting_table_0)","deliver_item(?item=item_4,?kitting_table=kitting_table_0)","deliver_item(?item=item_7,?kitting_table=kitting_table_0)",item_7,False,98,98.12261206733768,4,approach_shelf|pick_up|carry_to_table|placement,True,90.18087050430493,49.80806598651118,0.5076104777187328
s20_on,env_layout2,29,task_committed,primary,True,"deliver_item(?item=item_3,?kitting_table=kitting_table_0)","deliver_item(?item=item_3,?kitting_table=kitting_table_0)",True,False,False,0.9950073372434829,24.742721956760427,"deliver_item(?item=item_6,?kitting_table=kitting_table_0)",item_6,3,True,"deliver_item(?item=item_6,?kitting_table=kitting_table_0)","deliver_item(?item=item_6,?kitting_table=kitting_table_0)","deliver_item(?item=item_6,?kitting_table=kitting_table_0)",item_6,True,41,40.89407988454162,2,carry_to_table|placement,True,303.0271585556239,16.15135792778119,0.39495589516580787
s20_on,env_layout2,29,task_committed,primary,True,"deliver_item(?item=item_3,?kitting_table=kitting_table_0)","deliver_item(?item=item_3,?kitting_table=kitting_table_0)",True,False,False,0.9950073372434829,24.742721956760427,"deliver_item(?item=item_6,?kitting_table=kitting_table_0)",item_6,3,True,"deliver_item(?item=item_6,?kitting_table=kitting_table_0)","deliver_item(?item=item_6,?kitting_table=kitting_table_0)","deliver_item(?item=item_4,?kitting_table=kitting_table_0)",item_4,False,46,45.95025289711418,6,return_held_item|return_placement|approach_shelf|pick_up|carry_to_table|placement,True,404.1506188070751,21.207530940353756,0.4615324095786566
s20_on,env_layout2,29,task_committed,primary,True,"deliver_item(?item=item_3,?kitting_table=kitting_table_0)","deliver_item(?item=item_3,?kitting_table=kitting_table_0)",True,False,False,0.9950073372434829,24.742721956760427,"deliver_item(?item=item_6,?kitting_table=kitting_table_0)",item_6,3,True,"deliver_item(?item=item_6,?kitting_table=kitting_table_0)","deliver_item(?item=item_6,?kitting_table=kitting_table_0)","deliver_item(?item=item_7,?kitting_table=kitting_table_0)",item_7,False,96,95.79006557058443,6,return_held_item|return_placement|approach_shelf|pick_up|carry_to_table|placement,True,408.27002650314904,71.04734361382401,0.7416984547470807
s20_on,env_layout2,57,theta_crossed,primary,True,"deliver_item(?item=item_2,?kitting_table=kitting_table_0)","deliver_item(?item=item_2,?kitting_table=kitting_table_0)",True,False,False,0.9054545454545454,64.59799923990107,"deliver_item(?item=item_6,?kitting_table=kitting_table_0)",item_6,3,True,"deliver_item(?item=item_6,?kitting_table=kitting_table_0)","deliver_item(?item=item_6,?kitting_table=kitting_table_0)","deliver_item(?item=item_6,?kitting_table=kitting_table_0)",item_6,True,13,12.894079884541616,2,carry_to_table|placement,True,158.72541080670683,0.0,0.0
s20_on,env_layout2,57,theta_crossed,primary,True,"deliver_item(?item=item_2,?kitting_table=kitting_table_0)","deliver_item(?item=item_2,?kitting_table=kitting_table_0)",True,False,False,0.9054545454545454,64.59799923990107,"deliver_item(?item=item_6,?kitting_table=kitting_table_0)",item_6,3,True,"deliver_item(?item=item_6,?kitting_table=kitting_table_0)","deliver_item(?item=item_6,?kitting_table=kitting_table_0)","deliver_item(?item=item_4,?kitting_table=kitting_table_0)",item_4,False,74,73.76602494807585,6,return_held_item|return_placement|approach_shelf|pick_up|carry_to_table|placement,True,163.3605141634956,9.168025708174781,0.12428520737871106
s20_on,env_layout2,57,theta_crossed,primary,True,"deliver_item(?item=item_2,?kitting_table=kitting_table_0)","deliver_item(?item=item_2,?kitting_table=kitting_table_0)",True,False,False,0.9054545454545454,64.59799923990107,"deliver_item(?item=item_6,?kitting_table=kitting_table_0)",item_6,3,True,"deliver_item(?item=item_6,?kitting_table=kitting_table_0)","deliver_item(?item=item_6,?kitting_table=kitting_table_0)","deliver_item(?item=item_7,?kitting_table=kitting_table_0)",item_7,False,124,123.6058376215461,6,return_held_item|return_placement|approach_shelf|pick_up|carry_to_table|placement,True,221.65082468838543,59.00783838164503,0.4773871486742726
s20_on,env_layout2,72,no_current_task,primary,True,"deliver_item(?item=item_2,?kitting_table=kitting_table_0)","deliver_item(?item=item_2,?kitting_table=kitting_table_0)",True,False,False,0.9054545454545454,49.597999239901064,,,2,False,"deliver_item(?item=item_4,?kitting_table=kitting_table_0)","deliver_item(?item=item_4,?kitting_table=kitting_table_0)","deliver_item(?item=item_4,?kitting_table=kitting_table_0)",item_4,False,59,59.423441851042334,4,approach_shelf|pick_up|carry_to_table|placement,True,176.5088522228254,9.82544261114127,0.16534623887607958
s20_on,env_layout2,72,no_current_task,primary,True,"deliver_item(?item=item_2,?kitting_table=kitting_table_0)","deliver_item(?item=item_2,?kitting_table=kitting_table_0)",True,False,False,0.9054545454545454,49.597999239901064,,,2,False,"deliver_item(?item=item_4,?kitting_table=kitting_table_0)","deliver_item(?item=item_4,?kitting_table=kitting_table_0)","deliver_item(?item=item_7,?kitting_table=kitting_table_0)",item_7,False,89,89.15896219833769,4,approach_shelf|pick_up|carry_to_table|placement,True,73.05477339984841,39.560962958436626,0.4437126900426642
s20_on,env_layout2,101,task_committed,primary,True,"deliver_item(?item=item_2,?kitting_table=kitting_table_0)","deliver_item(?item=item_2,?kitting_table=kitting_table_0)",True,False,False,0.995004000995004,21.43334988386916,"deliver_item(?item=item_4,?kitting_table=kitting_table_0)",item_4,2,True,"deliver_item(?item=item_4,?kitting_table=kitting_table_0)","deliver_item(?item=item_4,?kitting_table=kitting_table_0)","deliver_item(?item=item_4,?kitting_table=kitting_table_0)",item_4,True,29,28.88608856123175,2,carry_to_table|placement,True,129.0547735472518,7.452738677362593,0.2580044252638958
s20_on,env_layout2,101,task_committed,primary,True,"deliver_item(?item=item_2,?kitting_table=kitting_table_0)","deliver_item(?item=item_2,?kitting_table=kitting_table_0)",True,False,False,0.995004000995004,21.43334988386916,"deliver_item(?item=item_4,?kitting_table=kitting_table_0)",item_4,2,True,"deliver_item(?item=item_4,?kitting_table=kitting_table_0)","deliver_item(?item=item_4,?kitting_table=kitting_table_0)","deliver_item(?item=item_7,?kitting_table=kitting_table_0)",item_7,False,88,87.52929234026033,6,return_held_item|return_placement|approach_shelf|pick_up|carry_to_table|placement,True,478.76747776465675,66.09594245639117,0.755129405130463
s20_on,env_layout2,132,no_current_task,none,False,unknown,,False,True,False,0.995,,,,1,False,"deliver_item(?item=item_7,?kitting_table=kitting_table_0)","deliver_item(?item=item_7,?kitting_table=kitting_table_0)","deliver_item(?item=item_7,?kitting_table=kitting_table_0)",item_7,False,89,89.05450045827041,4,approach_shelf|pick_up|carry_to_table|placement,,,,
s20_on,env_layout2,176,task_committed,none,False,unknown,,False,True,False,0.995,,"deliver_item(?item=item_7,?kitting_table=kitting_table_0)",item_7,1,True,"deliver_item(?item=item_7,?kitting_table=kitting_table_0)","deliver_item(?item=item_7,?kitting_table=kitting_table_0)","deliver_item(?item=item_7,?kitting_table=kitting_table_0)",item_7,True,43,43.41000008630788,2,carry_to_table|placement,,,,
s30_off,env_layout3,0,no_current_task,counterfactual,False,"deliver_item(?item=item_3,?kitting_table=kitting_table_0)","deliver_item(?item=item_3,?kitting_table=kitting_table_0)",True,False,False,0.20075600015414385,74.05492465137188,,,2,False,"deliver_item(?item=item_4,?kitting_table=kitting_table_0)","deliver_item(?item=item_4,?kitting_table=kitting_table_0)","deliver_item(?item=item_2,?kitting_table=kitting_table_0)",item_2,False,86,86.2585660926488,4,approach_shelf|pick_up|carry_to_table|placement,,,12.203641441276929,0.141477443853741
s30_off,env_layout3,0,no_current_task,counterfactual,False,"deliver_item(?item=item_3,?kitting_table=kitting_table_0)","deliver_item(?item=item_3,?kitting_table=kitting_table_0)",True,False,False,0.20075600015414385,74.05492465137188,,,2,False,"deliver_item(?item=item_4,?kitting_table=kitting_table_0)","deliver_item(?item=item_4,?kitting_table=kitting_table_0)","deliver_item(?item=item_4,?kitting_table=kitting_table_0)",item_4,False,75,75.05492465137189,4,approach_shelf|pick_up|carry_to_table|placement,,,1.0000000000000142,0.013323576096371921
s30_off,env_layout3,28,theta_crossed,primary,True,"deliver_item(?item=item_3,?kitting_table=kitting_table_0)","deliver_item(?item=item_3,?kitting_table=kitting_table_0)",True,False,False,0.7746218698102085,46.05492465137188,"deliver_item(?item=item_4,?kitting_table=kitting_table_0)",,2,True,"deliver_item(?item=item_2,?kitting_table=kitting_table_0)","deliver_item(?item=item_4,?kitting_table=kitting_table_0)","deliver_item(?item=item_4,?kitting_table=kitting_table_0)",item_4,True,47,47.05492465137188,4,approach_shelf|pick_up|carry_to_table|placement,False,0.0,1.0,0.021251760732993653
s30_off,env_layout3,28,theta_crossed,primary,True,"deliver_item(?item=item_3,?kitting_table=kitting_table_0)","deliver_item(?item=item_3,?kitting_table=kitting_table_0)",True,False,False,0.7746218698102085,46.05492465137188,"deliver_item(?item=item_4,?kitting_table=kitting_table_0)",,2,True,"deliver_item(?item=item_2,?kitting_table=kitting_table_0)","deliver_item(?item=item_4,?kitting_table=kitting_table_0)","deliver_item(?item=item_2,?kitting_table=kitting_table_0)",item_2,False,59,59.22984553501192,4,approach_shelf|pick_up|carry_to_table|placement,True,130.716325118304,13.174920883640041,0.22243719808203938
s30_off,env_layout3,48,task_committed,primary,True,"deliver_item(?item=item_3,?kitting_table=kitting_table_0)","deliver_item(?item=item_3,?kitting_table=kitting_table_0)",True,False,False,0.9949617392281593,26.036371282360808,"deliver_item(?item=item_2,?kitting_table=kitting_table_0)",item_2,2,True,"deliver_item(?item=item_2,?kitting_table=kitting_table_0)","deliver_item(?item=item_2,?kitting_table=kitting_table_0)","deliver_item(?item=item_2,?kitting_table=kitting_table_0)",item_2,True,38,38.2581343420807,2,carry_to_table|placement,True,224.43526119439784,12.221763059719894,0.3194552810767093
s30_off,env_layout3,48,task_committed,primary,True,"deliver_item(?item=item_3,?kitting_table=kitting_table_0)","deliver_item(?item=item_3,?kitting_table=kitting_table_0)",True,False,False,0.9949617392281593,26.036371282360808,"deliver_item(?item=item_2,?kitting_table=kitting_table_0)",item_2,2,True,"deliver_item(?item=item_2,?kitting_table=kitting_table_0)","deliver_item(?item=item_2,?kitting_table=kitting_table_0)","deliver_item(?item=item_4,?kitting_table=kitting_table_0)",item_4,False,48,48.07267800066616,6,return_held_item|return_placement|approach_shelf|pick_up|carry_to_table|placement,True,420.726134366107,22.03630671830535,0.45839565497058404
s30_off,env_layout3,87,theta_crossed,primary,True,"deliver_item(?item=item_7,?kitting_table=kitting_table_0)","deliver_item(?item=item_7,?kitting_table=kitting_table_0)",True,False,False,0.7626708509874183,33.113494665429926,"deliver_item(?item=item_2,?kitting_table=kitting_table_0)",,1,False,"deliver_item(?item=item_4,?kitting_table=kitting_table_0)","deliver_item(?item=item_4,?kitting_table=kitting_table_0)","deliver_item(?item=item_4,?kitting_table=kitting_table_0)",item_4,False,69,68.78601593255141,4,approach_shelf|pick_up|carry_to_table|placement,True,237.34206162974257,35.67252126712148,0.5186013578995535
s30_off,env_layout3,121,task_committed,counterfactual,False,"deliver_item(?item=item_4,?kitting_table=kitting_table_0)","deliver_item(?item=item_7,?kitting_table=kitting_table_0)",False,False,False,0.3323333333333333,68.410944843684,"deliver_item(?item=item_4,?kitting_table=kitting_table_0)",item_4,1,True,"deliver_item(?item=item_4,?kitting_table=kitting_table_0)","deliver_item(?item=item_4,?kitting_table=kitting_table_0)","deliver_item(?item=item_4,?kitting_table=kitting_table_0)",item_4,True,34,34.22136938200966,2,carry_to_table|placement,,,0.0,0.0
s30_on,env_layout3,0,no_current_task,counterfactual,False,"deliver_item(?item=item_3,?kitting_table=kitting_table_0)","deliver_item(?item=item_3,?kitting_table=kitting_table_0)",True,False,False,0.48080699444377545,74.05492465137188,,,2,False,"deliver_item(?item=item_4,?kitting_table=kitting_table_0)","deliver_item(?item=item_4,?kitting_table=kitting_table_0)","deliver_item(?item=item_2,?kitting_table=kitting_table_0)",item_2,False,86,86.2585660926488,4,approach_shelf|pick_up|carry_to_table|placement,,,12.203641441276929,0.141477443853741
s30_on,env_layout3,0,no_current_task,counterfactual,False,"deliver_item(?item=item_3,?kitting_table=kitting_table_0)","deliver_item(?item=item_3,?kitting_table=kitting_table_0)",True,False,False,0.48080699444377545,74.05492465137188,,,2,False,"deliver_item(?item=item_4,?kitting_table=kitting_table_0)","deliver_item(?item=item_4,?kitting_table=kitting_table_0)","deliver_item(?item=item_4,?kitting_table=kitting_table_0)",item_4,False,75,75.05492465137189,4,approach_shelf|pick_up|carry_to_table|placement,,,1.0000000000000142,0.013323576096371921
s30_on,env_layout3,21,theta_crossed,primary,True,"deliver_item(?item=item_3,?kitting_table=kitting_table_0)","deliver_item(?item=item_3,?kitting_table=kitting_table_0)",True,False,False,0.7609593362683036,53.05492465137188,"deliver_item(?item=item_4,?kitting_table=kitting_table_0)",,2,True,"deliver_item(?item=item_2,?kitting_table=kitting_table_0)","deliver_item(?item=item_4,?kitting_table=kitting_table_0)","deliver_item(?item=item_4,?kitting_table=kitting_table_0)",item_4,True,54,54.05492465137188,4,approach_shelf|pick_up|carry_to_table|placement,False,0.0,1.0,0.018499702042866887
s30_on,env_layout3,21,theta_crossed,primary,True,"deliver_item(?item=item_3,?kitting_table=kitting_table_0)","deliver_item(?item=item_3,?kitting_table=kitting_table_0)",True,False,False,0.7609593362683036,53.05492465137188,"deliver_item(?item=item_4,?kitting_table=kitting_table_0)",,2,True,"deliver_item(?item=item_2,?kitting_table=kitting_table_0)","deliver_item(?item=item_4,?kitting_table=kitting_table_0)","deliver_item(?item=item_2,?kitting_table=kitting_table_0)",item_2,False,66,65.7922721745083,4,approach_shelf|pick_up|carry_to_table|placement,True,22.68288481907288,12.737347523136421,0.19359944720181896
s30_on,env_layout3,48,task_committed,primary,True,"deliver_item(?item=item_3,?kitting_table=kitting_table_0)","deliver_item(?item=item_3,?kitting_table=kitting_table_0)",True,False,False,0.9950066342838348,26.036371282360808,"deliver_item(?item=item_2,?kitting_table=kitting_table_0)",item_2,2,True,"deliver_item(?item=item_2,?kitting_table=kitting_table_0)","deliver_item(?item=item_2,?kitting_table=kitting_table_0)","deliver_item(?item=item_2,?kitting_table=kitting_table_0)",item_2,True,39,38.592578740975,2,carry_to_table|placement,True,231.1241491722839,12.556207458614193,0.32535290121162225
s30_on,env_layout3,48,task_committed,primary,True,"deliver_item(?item=item_3,?kitting_table=kitting_table_0)","deliver_item(?item=item_3,?kitting_table=kitting_table_0)",True,False,False,0.9950066342838348,26.036371282360808,"deliver_item(?item=item_2,?kitting_table=kitting_table_0)",item_2,2,True,"deliver_item(?item=item_2,?kitting_table=kitting_table_0)","deliver_item(?item=item_2,?kitting_table=kitting_table_0)","deliver_item(?item=item_4,?kitting_table=kitting_table_0)",item_4,False,48,47.63510464016254,6,return_held_item|return_placement|approach_shelf|pick_up|carry_to_table|placement,True,411.9746671560346,21.59873335780173,0.45342050827765396
s30_on,env_layout3,77,theta_crossed,primary,True,"deliver_item(?item=item_7,?kitting_table=kitting_table_0)","deliver_item(?item=item_7,?kitting_table=kitting_table_0)",True,False,False,0.9054545454545454,43.113494665429926,"deliver_item(?item=item_2,?kitting_table=kitting_table_0)",item_2,2,True,"deliver_item(?item=item_2,?kitting_table=kitting_table_0)","deliver_item(?item=item_2,?kitting_table=kitting_table_0)","deliver_item(?item=item_2,?kitting_table=kitting_table_0)",item_2,True,10,9.592578740974998,2,carry_to_table|placement,True,148.66461418625423,0.0,0.0
s30_on,env_layout3,77,theta_crossed,primary,True,"deliver_item(?item=item_7,?kitting_table=kitting_table_0)","deliver_item(?item=item_7,?kitting_table=kitting_table_0)",True,False,False,0.9054545454545454,43.113494665429926,"deliver_item(?item=item_2,?kitting_table=kitting_table_0)",item_2,2,True,"deliver_item(?item=item_2,?kitting_table=kitting_table_0)","deliver_item(?item=item_2,?kitting_table=kitting_table_0)","deliver_item(?item=item_4,?kitting_table=kitting_table_0)",item_4,False,77,76.57223422299093,6,return_held_item|return_placement|approach_shelf|pick_up|carry_to_table|placement,True,166.0322841814406,33.458739557561,0.43695655346980805
s30_on,env_layout3,89,no_current_task,primary,True,"deliver_item(?item=item_7,?kitting_table=kitting_table_0)","deliver_item(?item=item_7,?kitting_table=kitting_table_0)",True,False,False,0.9054545454545454,31.11349466542993,,,1,False,"deliver_item(?item=item_4,?kitting_table=kitting_table_0)","deliver_item(?item=item_4,?kitting_table=kitting_table_0)","deliver_item(?item=item_4,?kitting_table=kitting_table_0)",item_4,False,69,69.43290887636994,4,approach_shelf|pick_up|carry_to_table|placement,True,274.4955414504407,38.31941421094001,0.5518912404947682
s30_on,env_layout3,123,task_committed,none,False,unknown,,False,True,False,0.995,,"deliver_item(?item=item_4,?kitting_table=kitting_table_0)",item_4,1,True,"deliver_item(?item=item_4,?kitting_table=kitting_table_0)","deliver_item(?item=item_4,?kitting_table=kitting_table_0)","deliver_item(?item=item_4,?kitting_table=kitting_table_0)",item_4,True,34,33.57445755620987,2,carry_to_table|placement,,,,
s40_off,env_layout4,0,no_current_task,counterfactual,False,"deliver_item(?item=item_3,?kitting_table=kitting_table_0)","deliver_item(?item=item_3,?kitting_table=kitting_table_0)",True,False,False,0.15899762562240072,116.35317911248949,,,3,False,"deliver_item(?item=item_4,?kitting_table=kitting_table_0)","deliver_item(?item=item_4,?kitting_table=kitting_table_0)","deliver_item(?item=item_4,?kitting_table=kitting_table_0)",item_4,False,145,144.5279803562654,4,approach_shelf|pick_up|carry_to_table|placement,,,28.174801243775917,0.19494357545386207
s40_off,env_layout4,0,no_current_task,counterfactual,False,"deliver_item(?item=item_3,?kitting_table=kitting_table_0)","deliver_item(?item=item_3,?kitting_table=kitting_table_0)",True,False,False,0.15899762562240072,116.35317911248949,,,3,False,"deliver_item(?item=item_4,?kitting_table=kitting_table_0)","deliver_item(?item=item_4,?kitting_table=kitting_table_0)","deliver_item(?item=item_7,?kitting_table=kitting_table_0)",item_7,False,157,156.92029674402056,4,approach_shelf|pick_up|carry_to_table|placement,,,40.567117631531076,0.25852052585464463
s40_off,env_layout4,0,no_current_task,counterfactual,False,"deliver_item(?item=item_3,?kitting_table=kitting_table_0)","deliver_item(?item=item_3,?kitting_table=kitting_table_0)",True,False,False,0.15899762562240072,116.35317911248949,,,3,False,"deliver_item(?item=item_4,?kitting_table=kitting_table_0)","deliver_item(?item=item_4,?kitting_table=kitting_table_0)","deliver_item(?item=item_5,?kitting_table=kitting_table_0)",item_5,False,163,162.72685440424158,4,approach_shelf|pick_up|carry_to_table|placement,,,46.37367529175209,0.2849786254489495
s40_off,env_layout4,19,theta_crossed,primary,True,"deliver_item(?item=item_3,?kitting_table=kitting_table_0)","deliver_item(?item=item_3,?kitting_table=kitting_table_0)",True,False,False,0.7624084345165083,97.35317911248949,"deliver_item(?item=item_4,?kitting_table=kitting_table_0)",,3,True,"deliver_item(?item=item_4,?kitting_table=kitting_table_0)","deliver_item(?item=item_4,?kitting_table=kitting_table_0)","deliver_item(?item=item_4,?kitting_table=kitting_table_0)",item_4,True,126,125.52798035626542,4,approach_shelf|pick_up|carry_to_table|placement,True,539.3838241912404,28.17480124377593,0.22445036687288386
s40_off,env_layout4,19,theta_crossed,primary,True,"deliver_item(?item=item_3,?kitting_table=kitting_table_0)","deliver_item(?item=item_3,?kitting_table=kitting_table_0)",True,False,False,0.7624084345165083,97.35317911248949,"deliver_item(?item=item_4,?kitting_table=kitting_table_0)",,3,True,"deliver_item(?item=item_4,?kitting_table=kitting_table_0)","deliver_item(?item=item_4,?kitting_table=kitting_table_0)","deliver_item(?item=item_7,?kitting_table=kitting_table_0)",item_7,False,138,138.0689373622243,4,approach_shelf|pick_up|carry_to_table|placement,True,493.7680674564379,40.715758249734805,0.2948944130924748
s40_off,env_layout4,19,theta_crossed,primary,True,"deliver_item(?item=item_3,?kitting_table=kitting_table_0)","deliver_item(?item=item_3,?kitting_table=kitting_table_0)",True,False,False,0.7624084345165083,97.35317911248949,"deliver_item(?item=item_4,?kitting_table=kitting_table_0)",,3,True,"deliver_item(?item=item_4,?kitting_table=kitting_table_0)","deliver_item(?item=item_4,?kitting_table=kitting_table_0)","deliver_item(?item=item_5,?kitting_table=kitting_table_0)",item_5,False,145,144.72560782094973,4,approach_shelf|pick_up|carry_to_table|placement,True,646.6475885544559,47.37242870846025,0.32732582313330494
s40_off,env_layout4,98,task_committed,primary,True,"deliver_item(?item=item_3,?kitting_table=kitting_table_0)","deliver_item(?item=item_3,?kitting_table=kitting_table_0)",True,False,False,0.9930417564090559,17.419336942078417,"deliver_item(?item=item_4,?kitting_table=kitting_table_0)",item_4,3,True,"deliver_item(?item=item_4,?kitting_table=kitting_table_0)","deliver_item(?item=item_4,?kitting_table=kitting_table_0)","deliver_item(?item=item_4,?kitting_table=kitting_table_0)",item_4,True,47,46.553914026145996,2,carry_to_table|placement,True,562.6915416813515,29.13457708406758,0.6258244380419824
s40_off,env_layout4,98,task_committed,primary,True,"deliver_item(?item=item_3,?kitting_table=kitting_table_0)","deliver_item(?item=item_3,?kitting_table=kitting_table_0)",True,False,False,0.9930417564090559,17.419336942078417,"deliver_item(?item=item_4,?kitting_table=kitting_table_0)",item_4,3,True,"deliver_item(?item=item_4,?kitting_table=kitting_table_0)","deliver_item(?item=item_4,?kitting_table=kitting_table_0)","deliver_item(?item=item_7,?kitting_table=kitting_table_0)",item_7,False,67,66.94317185608284,6,return_held_item|return_placement|approach_shelf|pick_up|carry_to_table|placement,True,946.3994804923683,49.523834914004425,0.739789190456538
s40_off,env_layout4,98,task_committed,primary,True,"deliver_item(?item=item_3,?kitting_table=kitting_table_0)","deliver_item(?item=item_3,?kitting_table=kitting_table_0)",True,False,False,0.9930417564090559,17.419336942078417,"deliver_item(?item=item_4,?kitting_table=kitting_table_0)",item_4,3,True,"deliver_item(?item=item_4,?kitting_table=kitting_table_0)","deliver_item(?item=item_4,?kitting_table=kitting_table_0)","deliver_item(?item=item_5,?kitting_table=kitting_table_0)",item_5,False,97,96.94815093939921,6,return_held_item|return_placement|approach_shelf|pick_up|carry_to_table|placement,True,1089.2857660215768,79.5288139973208,0.8203231647711675
s40_off,env_layout4,143,theta_crossed,primary,True,coffee_break(?coffee_machine=coffee_machine_0),coffee_break(?coffee_machine=coffee_machine_0),True,False,False,0.7619503755026662,11.796764725470892,"deliver_item(?item=item_4,?kitting_table=kitting_table_0)",item_4,3,True,"deliver_item(?item=item_4,?kitting_table=kitting_table_0)","deliver_item(?item=item_4,?kitting_table=kitting_table_0)","deliver_item(?item=item_4,?kitting_table=kitting_table_0)",item_4,True,2,1.5539140261459978,2,carry_to_table|placement,True,531.77195230009,0.0,0.0
s40_off,env_layout4,143,theta_crossed,primary,True,coffee_break(?coffee_machine=coffee_machine_0),coffee_break(?coffee_machine=coffee_machine_0),True,False,False,0.7619503755026662,11.796764725470892,"deliver_item(?item=item_4,?kitting_table=kitting_table_0)",item_4,3,True,"deliver_item(?item=item_4,?kitting_table=kitting_table_0)","deliver_item(?item=item_4,?kitting_table=kitting_table_0)","deliver_item(?item=item_7,?kitting_table=kitting_table_0)",item_7,False,112,111.78517963587387,6,return_held_item|return_placement|approach_shelf|pick_up|carry_to_table|placement,True,531.77195230009,99.98841491040298,0.8944693315885222
s40_off,env_layout4,143,theta_crossed,primary,True,coffee_break(?coffee_machine=coffee_machine_0),coffee_break(?coffee_machine=coffee_machine_0),True,False,False,0.7619503755026662,11.796764725470892,"deliver_item(?item=item_4,?kitting_table=kitting_table_0)",item_4,3,True,"deliver_item(?item=item_4,?kitting_table=kitting_table_0)","deliver_item(?item=item_4,?kitting_table=kitting_table_0)","deliver_item(?item=item_5,?kitting_table=kitting_table_0)",item_5,False,142,141.79015871919023,6,return_held_item|return_placement|approach_shelf|pick_up|carry_to_table|placement,True,531.77195230009,129.99339399371934,0.9168012446559572
s40_off,env_layout4,147,no_current_task,primary,True,coffee_break(?coffee_machine=coffee_machine_0),coffee_break(?coffee_machine=coffee_machine_0),True,False,False,0.8204748133026483,7.796764725470889,,,2,False,"deliver_item(?item=item_7,?kitting_table=kitting_table_0)","deliver_item(?item=item_7,?kitting_table=kitting_table_0)","deliver_item(?item=item_7,?kitting_table=kitting_table_0)",item_7,False,97,96.61088936258761,4,approach_shelf|pick_up|carry_to_table|placement,True,611.6249570888627,88.81412463711672,0.91929724716425
s40_off,env_layout4,147,no_current_task,primary,True,coffee_break(?coffee_machine=coffee_machine_0),coffee_break(?coffee_machine=coffee_machine_0),True,False,False,0.8204748133026483,7.796764725470889,,,2,False,"deliver_item(?item=item_7,?kitting_table=kitting_table_0)","deliver_item(?item=item_7,?kitting_table=kitting_table_0)","deliver_item(?item=item_5,?kitting_table=kitting_table_0)",item_5,False,132,132.3442523653244,4,approach_shelf|pick_up|carry_to_table|placement,True,611.6249570888627,124.5474876398535,0.9410872434116094
s40_off,env_layout4,195,task_committed,counterfactual,False,"deliver_item(?item=item_6,?kitting_table=kitting_table_0)",ac_activation(?ac_switch=wander_0),False,False,False,0.28747753650586433,100.21898365780608,"deliver_item(?item=item_7,?kitting_table=kitting_table_0)",item_7,2,True,"deliver_item(?item=item_7,?kitting_table=kitting_table_0)","deliver_item(?item=item_7,?kitting_table=kitting_table_0)","deliver_item(?item=item_7,?kitting_table=kitting_table_0)",item_7,True,48,47.5206071372028,2,carry_to_table|placement,,,0.0,0.0
s40_off,env_layout4,195,task_committed,counterfactual,False,"deliver_item(?item=item_6,?kitting_table=kitting_table_0)",ac_activation(?ac_switch=wander_0),False,False,False,0.28747753650586433,100.21898365780608,"deliver_item(?item=item_7,?kitting_table=kitting_table_0)",item_7,2,True,"deliver_item(?item=item_7,?kitting_table=kitting_table_0)","deliver_item(?item=item_7,?kitting_table=kitting_table_0)","deliver_item(?item=item_5,?kitting_table=kitting_table_0)",item_5,False,112,111.9764070279985,6,return_held_item|return_placement|approach_shelf|pick_up|carry_to_table|placement,,,11.757423370192427,0.10499911260103754
s40_off,env_layout4,226,theta_crossed,none,False,unknown,ac_activation(?ac_switch=wander_1),False,False,False,0.7507922575888175,,"deliver_item(?item=item_7,?kitting_table=kitting_table_0)",item_7,2,True,"deliver_item(?item=item_7,?kitting_table=kitting_table_0)","deliver_item(?item=item_7,?kitting_table=kitting_table_0)","deliver_item(?item=item_7,?kitting_table=kitting_table_0)",item_7,True,17,16.520607137202806,2,carry_to_table|placement,,,,
s40_off,env_layout4,226,theta_crossed,none,False,unknown,ac_activation(?ac_switch=wander_1),False,False,False,0.7507922575888175,,"deliver_item(?item=item_7,?kitting_table=kitting_table_0)",item_7,2,True,"deliver_item(?item=item_7,?kitting_table=kitting_table_0)","deliver_item(?item=item_7,?kitting_table=kitting_table_0)","deliver_item(?item=item_5,?kitting_table=kitting_table_0)",item_5,False,143,142.97639857341818,6,return_held_item|return_placement|approach_shelf|pick_up|carry_to_table|placement,,,,
s40_off,env_layout4,245,no_current_task,none,False,unknown,"deliver_item(?item=item_6,?kitting_table=kitting_table_0)",False,False,False,0.7796284519330161,,,,1,False,"deliver_item(?item=item_5,?kitting_table=kitting_table_0)","deliver_item(?item=item_5,?kitting_table=kitting_table_0)","deliver_item(?item=item_5,?kitting_table=kitting_table_0)",item_5,False,132,132.46713725448745,4,approach_shelf|pick_up|carry_to_table|placement,,,,
s40_off,env_layout4,274,theta_crossed,primary,True,"deliver_item(?item=item_6,?kitting_table=kitting_table_0)","deliver_item(?item=item_6,?kitting_table=kitting_table_0)",True,False,False,0.8880055576673073,57.28528756229357,"deliver_item(?item=item_5,?kitting_table=kitting_table_0)",,1,True,"deliver_item(?item=item_5,?kitting_table=kitting_table_0)","deliver_item(?item=item_5,?kitting_table=kitting_table_0)","deliver_item(?item=item_5,?kitting_table=kitting_table_0)",item_5,True,103,103.46713725448745,4,approach_shelf|pick_up|carry_to_table|placement,True,125.35068950315902,46.181849692193886,0.4463431667062088
s40_off,env_layout4,311,task_committed,primary,True,"deliver_item(?item=item_6,?kitting_table=kitting_table_0)","deliver_item(?item=item_6,?kitting_table=kitting_table_0)",True,False,False,0.895789093576466,20.28528756229356,"deliver_item(?item=item_5,?kitting_table=kitting_table_0)",item_5,1,True,"deliver_item(?item=item_5,?kitting_table=kitting_table_0)","deliver_item(?item=item_5,?kitting_table=kitting_table_0)","deliver_item(?item=item_5,?kitting_table=kitting_table_0)",item_5,True,65,65.3954002138717,2,carry_to_table|placement,True,882.2022530315627,45.110112651578135,0.6898055903633626
s40_on,env_layout4,0,no_current_task,counterfactual,False,"deliver_item(?item=item_3,?kitting_table=kitting_table_0)","deliver_item(?item=item_3,?kitting_table=kitting_table_0)",True,False,False,0.26641723699516723,116.35317911248949,,,3,False,"deliver_item(?item=item_4,?kitting_table=kitting_table_0)","deliver_item(?item=item_4,?kitting_table=kitting_table_0)","deliver_item(?item=item_4,?kitting_table=kitting_table_0)",item_4,False,145,144.5279803562654,4,approach_shelf|pick_up|carry_to_table|placement,,,28.174801243775917,0.19494357545386207
s40_on,env_layout4,0,no_current_task,counterfactual,False,"deliver_item(?item=item_3,?kitting_table=kitting_table_0)","deliver_item(?item=item_3,?kitting_table=kitting_table_0)",True,False,False,0.26641723699516723,116.35317911248949,,,3,False,"deliver_item(?item=item_4,?kitting_table=kitting_table_0)","deliver_item(?item=item_4,?kitting_table=kitting_table_0)","deliver_item(?item=item_7,?kitting_table=kitting_table_0)",item_7,False,157,156.92029674402056,4,approach_shelf|pick_up|carry_to_table|placement,,,40.567117631531076,0.25852052585464463
s40_on,env_layout4,0,no_current_task,counterfactual,False,"deliver_item(?item=item_3,?kitting_table=kitting_table_0)","deliver_item(?item=item_3,?kitting_table=kitting_table_0)",True,False,False,0.26641723699516723,116.35317911248949,,,3,False,"deliver_item(?item=item_4,?kitting_table=kitting_table_0)","deliver_item(?item=item_4,?kitting_table=kitting_table_0)","deliver_item(?item=item_5,?kitting_table=kitting_table_0)",item_5,False,163,162.72685440424158,4,approach_shelf|pick_up|carry_to_table|placement,,,46.37367529175209,0.2849786254489495
s40_on,env_layout4,19,theta_crossed,primary,True,"deliver_item(?item=item_3,?kitting_table=kitting_table_0)","deliver_item(?item=item_3,?kitting_table=kitting_table_0)",True,False,False,0.7677220648923644,97.35317911248949,"deliver_item(?item=item_4,?kitting_table=kitting_table_0)",,3,True,"deliver_item(?item=item_4,?kitting_table=kitting_table_0)","deliver_item(?item=item_4,?kitting_table=kitting_table_0)","deliver_item(?item=item_4,?kitting_table=kitting_table_0)",item_4,True,126,125.52798035626542,4,approach_shelf|pick_up|carry_to_table|placement,True,539.3838241912404,28.17480124377593,0.22445036687288386
s40_on,env_layout4,19,theta_crossed,primary,True,"deliver_item(?item=item_3,?kitting_table=kitting_table_0)","deliver_item(?item=item_3,?kitting_table=kitting_table_0)",True,False,False,0.7677220648923644,97.35317911248949,"deliver_item(?item=item_4,?kitting_table=kitting_table_0)",,3,True,"deliver_item(?item=item_4,?kitting_table=kitting_table_0)","deliver_item(?item=item_4,?kitting_table=kitting_table_0)","deliver_item(?item=item_7,?kitting_table=kitting_table_0)",item_7,False,138,138.0689373622243,4,approach_shelf|pick_up|carry_to_table|placement,True,493.7680674564379,40.715758249734805,0.2948944130924748
s40_on,env_layout4,19,theta_crossed,primary,True,"deliver_item(?item=item_3,?kitting_table=kitting_table_0)","deliver_item(?item=item_3,?kitting_table=kitting_table_0)",True,False,False,0.7677220648923644,97.35317911248949,"deliver_item(?item=item_4,?kitting_table=kitting_table_0)",,3,True,"deliver_item(?item=item_4,?kitting_table=kitting_table_0)","deliver_item(?item=item_4,?kitting_table=kitting_table_0)","deliver_item(?item=item_5,?kitting_table=kitting_table_0)",item_5,False,145,144.72560782094973,4,approach_shelf|pick_up|carry_to_table|placement,True,646.6475885544559,47.37242870846025,0.32732582313330494
s40_on,env_layout4,98,task_committed,primary,True,"deliver_item(?item=item_3,?kitting_table=kitting_table_0)","deliver_item(?item=item_3,?kitting_table=kitting_table_0)",True,False,False,0.9930239321734146,17.419336942078417,"deliver_item(?item=item_4,?kitting_table=kitting_table_0)",item_4,3,True,"deliver_item(?item=item_4,?kitting_table=kitting_table_0)","deliver_item(?item=item_4,?kitting_table=kitting_table_0)","deliver_item(?item=item_4,?kitting_table=kitting_table_0)",item_4,True,47,46.553914026145996,2,carry_to_table|placement,True,562.6915416813515,29.13457708406758,0.6258244380419824
s40_on,env_layout4,98,task_committed,primary,True,"deliver_item(?item=item_3,?kitting_table=kitting_table_0)","deliver_item(?item=item_3,?kitting_table=kitting_table_0)",True,False,False,0.9930239321734146,17.419336942078417,"deliver_item(?item=item_4,?kitting_table=kitting_table_0)",item_4,3,True,"deliver_item(?item=item_4,?kitting_table=kitting_table_0)","deliver_item(?item=item_4,?kitting_table=kitting_table_0)","deliver_item(?item=item_7,?kitting_table=kitting_table_0)",item_7,False,67,66.94317185608284,6,return_held_item|return_placement|approach_shelf|pick_up|carry_to_table|placement,True,946.3994804923683,49.523834914004425,0.739789190456538
s40_on,env_layout4,98,task_committed,primary,True,"deliver_item(?item=item_3,?kitting_table=kitting_table_0)","deliver_item(?item=item_3,?kitting_table=kitting_table_0)",True,False,False,0.9930239321734146,17.419336942078417,"deliver_item(?item=item_4,?kitting_table=kitting_table_0)",item_4,3,True,"deliver_item(?item=item_4,?kitting_table=kitting_table_0)","deliver_item(?item=item_4,?kitting_table=kitting_table_0)","deliver_item(?item=item_5,?kitting_table=kitting_table_0)",item_5,False,97,96.94815093939921,6,return_held_item|return_placement|approach_shelf|pick_up|carry_to_table|placement,True,1089.2857660215768,79.5288139973208,0.8203231647711675
s40_on,env_layout4,135,theta_crossed,primary,True,coffee_break(?coffee_machine=coffee_machine_0),coffee_break(?coffee_machine=coffee_machine_0),True,False,False,0.7572980571741057,19.79676472547089,"deliver_item(?item=item_4,?kitting_table=kitting_table_0)",item_4,3,True,"deliver_item(?item=item_4,?kitting_table=kitting_table_0)","deliver_item(?item=item_4,?kitting_table=kitting_table_0)","deliver_item(?item=item_4,?kitting_table=kitting_table_0)",item_4,True,10,9.553914026145993,2,carry_to_table|placement,True,361.4613995694038,0.0,0.0
s40_on,env_layout4,135,theta_crossed,primary,True,coffee_break(?coffee_machine=coffee_machine_0),coffee_break(?coffee_machine=coffee_machine_0),True,False,False,0.7572980571741057,19.79676472547089,"deliver_item(?item=item_4,?kitting_table=kitting_table_0)",item_4,3,True,"deliver_item(?item=item_4,?kitting_table=kitting_table_0)","deliver_item(?item=item_4,?kitting_table=kitting_table_0)","deliver_item(?item=item_7,?kitting_table=kitting_table_0)",item_7,False,104,103.78554532642363,6,return_held_item|return_placement|approach_shelf|pick_up|carry_to_table|placement,True,361.4613995694038,83.98878060095274,0.8092531608018572
s40_on,env_layout4,135,theta_crossed,primary,True,coffee_break(?coffee_machine=coffee_machine_0),coffee_break(?coffee_machine=coffee_machine_0),True,False,False,0.7572980571741057,19.79676472547089,"deliver_item(?item=item_4,?kitting_table=kitting_table_0)",item_4,3,True,"deliver_item(?item=item_4,?kitting_table=kitting_table_0)","deliver_item(?item=item_4,?kitting_table=kitting_table_0)","deliver_item(?item=item_5,?kitting_table=kitting_table_0)",item_5,False,134,133.79052440974,6,return_held_item|return_placement|approach_shelf|pick_up|carry_to_table|placement,True,361.4613995694038,113.9937596842691,0.8520316381686169
s40_on,env_layout4,147,no_current_task,primary,True,coffee_break(?coffee_machine=coffee_machine_0),coffee_break(?coffee_machine=coffee_machine_0),True,False,False,0.8818215419385625,7.796764725470889,,,2,False,"deliver_item(?item=item_7,?kitting_table=kitting_table_0)","deliver_item(?item=item_7,?kitting_table=kitting_table_0)","deliver_item(?item=item_7,?kitting_table=kitting_table_0)",item_7,False,97,96.61088936258761,4,approach_shelf|pick_up|carry_to_table|placement,True,611.6249570888627,88.81412463711672,0.91929724716425
s40_on,env_layout4,147,no_current_task,primary,True,coffee_break(?coffee_machine=coffee_machine_0),coffee_break(?coffee_machine=coffee_machine_0),True,False,False,0.8818215419385625,7.796764725470889,,,2,False,"deliver_item(?item=item_7,?kitting_table=kitting_table_0)","deliver_item(?item=item_7,?kitting_table=kitting_table_0)","deliver_item(?item=item_5,?kitting_table=kitting_table_0)",item_5,False,132,132.3442523653244,4,approach_shelf|pick_up|carry_to_table|placement,True,611.6249570888627,124.5474876398535,0.9410872434116094
s40_on,env_layout4,195,task_committed,counterfactual,False,"deliver_item(?item=item_6,?kitting_table=kitting_table_0)",ac_activation(?ac_switch=wander_0),False,False,False,0.6026913010105484,100.21898365780608,"deliver_item(?item=item_7,?kitting_table=kitting_table_0)",item_7,2,True,"deliver_item(?item=item_7,?kitting_table=kitting_table_0)","deliver_item(?item=item_7,?kitting_table=kitting_table_0)","deliver_item(?item=item_7,?kitting_table=kitting_table_0)",item_7,True,48,47.5206071372028,2,carry_to_table|placement,,,0.0,0.0
s40_on,env_layout4,195,task_committed,counterfactual,False,"deliver_item(?item=item_6,?kitting_table=kitting_table_0)",ac_activation(?ac_switch=wander_0),False,False,False,0.6026913010105484,100.21898365780608,"deliver_item(?item=item_7,?kitting_table=kitting_table_0)",item_7,2,True,"deliver_item(?item=item_7,?kitting_table=kitting_table_0)","deliver_item(?item=item_7,?kitting_table=kitting_table_0)","deliver_item(?item=item_5,?kitting_table=kitting_table_0)",item_5,False,112,111.9764070279985,6,return_held_item|return_placement|approach_shelf|pick_up|carry_to_table|placement,,,11.757423370192427,0.10499911260103754
s40_on,env_layout4,203,theta_crossed,primary,True,"deliver_item(?item=item_6,?kitting_table=kitting_table_0)",ac_activation(?ac_switch=wander_0),False,False,False,0.7558597193632451,92.22325700228558,"deliver_item(?item=item_7,?kitting_table=kitting_table_0)",item_7,2,True,"deliver_item(?item=item_7,?kitting_table=kitting_table_0)","deliver_item(?item=item_7,?kitting_table=kitting_table_0)","deliver_item(?item=item_7,?kitting_table=kitting_table_0)",item_7,True,40,39.52060713720281,2,carry_to_table|placement,True,662.2356437586141,0.0,0.0
s40_on,env_layout4,203,theta_crossed,primary,True,"deliver_item(?item=item_6,?kitting_table=kitting_table_0)",ac_activation(?ac_switch=wander_0),False,False,False,0.7558597193632451,92.22325700228558,"deliver_item(?item=item_7,?kitting_table=kitting_table_0)",item_7,2,True,"deliver_item(?item=item_7,?kitting_table=kitting_table_0)","deliver_item(?item=item_7,?kitting_table=kitting_table_0)","deliver_item(?item=item_5,?kitting_table=kitting_table_0)",item_5,False,120,119.97639929821787,6,return_held_item|return_placement|approach_shelf|pick_up|carry_to_table|placement,True,59.49635359079646,27.753142295932292,0.23132168041606277
s40_on,env_layout4,223,theta_crossed,none,False,unknown,ac_activation(?ac_switch=wander_1),False,False,False,0.7908696799211573,,"deliver_item(?item=item_7,?kitting_table=kitting_table_0)",item_7,2,True,"deliver_item(?item=item_7,?kitting_table=kitting_table_0)","deliver_item(?item=item_7,?kitting_table=kitting_table_0)","deliver_item(?item=item_7,?kitting_table=kitting_table_0)",item_7,True,20,19.520607137202802,2,carry_to_table|placement,,,,
s40_on,env_layout4,223,theta_crossed,none,False,unknown,ac_activation(?ac_switch=wander_1),False,False,False,0.7908696799211573,,"deliver_item(?item=item_7,?kitting_table=kitting_table_0)",item_7,2,True,"deliver_item(?item=item_7,?kitting_table=kitting_table_0)","deliver_item(?item=item_7,?kitting_table=kitting_table_0)","deliver_item(?item=item_5,?kitting_table=kitting_table_0)",item_5,False,140,139.97639860285926,6,return_held_item|return_placement|approach_shelf|pick_up|carry_to_table|placement,,,,
s40_on,env_layout4,245,no_current_task,none,False,unknown,"deliver_item(?item=item_6,?kitting_table=kitting_table_0)",False,False,False,0.9109291708922718,,,,1,False,"deliver_item(?item=item_5,?kitting_table=kitting_table_0)","deliver_item(?item=item_5,?kitting_table=kitting_table_0)","deliver_item(?item=item_5,?kitting_table=kitting_table_0)",item_5,False,132,132.46713725448745,4,approach_shelf|pick_up|carry_to_table|placement,,,,
s40_on,env_layout4,274,theta_crossed,primary,True,"deliver_item(?item=item_6,?kitting_table=kitting_table_0)","deliver_item(?item=item_6,?kitting_table=kitting_table_0)",True,False,False,0.8957837025653793,57.28528756229357,"deliver_item(?item=item_5,?kitting_table=kitting_table_0)",,1,True,"deliver_item(?item=item_5,?kitting_table=kitting_table_0)","deliver_item(?item=item_5,?kitting_table=kitting_table_0)","deliver_item(?item=item_5,?kitting_table=kitting_table_0)",item_5,True,103,103.46713725448745,4,approach_shelf|pick_up|carry_to_table|placement,True,125.35068950315902,46.181849692193886,0.4463431667062088
s40_on,env_layout4,311,task_committed,primary,True,"deliver_item(?item=item_6,?kitting_table=kitting_table_0)","deliver_item(?item=item_6,?kitting_table=kitting_table_0)",True,False,False,0.8957837029488736,20.28528756229356,"deliver_item(?item=item_5,?kitting_table=kitting_table_0)",item_5,1,True,"deliver_item(?item=item_5,?kitting_table=kitting_table_0)","deliver_item(?item=item_5,?kitting_table=kitting_table_0)","deliver_item(?item=item_5,?kitting_table=kitting_table_0)",item_5,True,65,65.3954002138717,2,carry_to_table|placement,True,882.2022530315627,45.110112651578135,0.6898055903633626
