condition,step,trigger,hypothesis_matches_actual,candidate,is_current_task,is_winner,cost,T_r,T_h,min_d,s,hold_first_conflict_t,hold_position_within_s,status,delta,delta_over_cost,unchecked_share_at_delta,n_viol_at_delta_minus_1,n_pushed_past_T_h,n_separated,clears_via_tail,clears_via_tail_only,delta_ext_human_held_at_end,max_delta_searched
s00_off,41,theta_crossed,True,item_6,True,True,1025,1025.5,699.2,136.39,10,,False,cleared,0,0.0,0.31819282354608974,0,0,0,False,False,unresolvable,699
s00_off,41,theta_crossed,True,item_6,True,True,1025,1025.5,699.2,136.39,25,,False,cleared,0,0.0,0.31819282354608974,0,0,0,False,False,unresolvable,699
s00_off,41,theta_crossed,True,item_6,True,True,1025,1025.5,699.2,136.39,50,,False,cleared,0,0.0,0.31819282354608974,0,0,0,False,False,unresolvable,699
s00_off,41,theta_crossed,True,item_6,True,True,1025,1025.5,699.2,136.39,100,447.0,True,cleared,0,0.0,0.31819282354608974,0,0,0,False,False,unresolvable,699
s00_off,41,theta_crossed,True,item_4,False,False,1387,1387.0,699.2,226.31,10,,False,cleared,0,0.0,0.49589960823542806,0,0,0,False,False,unresolvable,699
s00_off,41,theta_crossed,True,item_4,False,False,1387,1387.0,699.2,226.31,25,,False,cleared,0,0.0,0.49589960823542806,0,0,0,False,False,unresolvable,699
s00_off,41,theta_crossed,True,item_4,False,False,1387,1387.0,699.2,226.31,50,,False,cleared,0,0.0,0.49589960823542806,0,0,0,False,False,unresolvable,699
s00_off,41,theta_crossed,True,item_4,False,False,1387,1387.0,699.2,226.31,100,447.0,True,cleared,0,0.0,0.49589960823542806,0,0,0,False,False,unresolvable,699
s00_off,63,task_committed,True,item_6,True,True,582,581.7,279.2,301.67,10,,False,cleared,0,0.0,0.5200333416768177,0,0,0,False,False,unresolvable,279
s00_off,63,task_committed,True,item_6,True,True,582,581.7,279.2,301.67,25,,False,cleared,0,0.0,0.5200333416768177,0,0,0,False,False,unresolvable,279
s00_off,63,task_committed,True,item_6,True,True,582,581.7,279.2,301.67,50,,False,cleared,0,0.0,0.5200333416768177,0,0,0,False,False,unresolvable,279
s00_off,63,task_committed,True,item_6,True,True,582,581.7,279.2,301.67,100,,False,cleared,0,0.0,0.5200333416768177,0,0,0,False,False,unresolvable,279
s00_off,63,task_committed,True,item_4,False,False,1468,1468.3,279.2,326.65,10,,False,cleared,0,0.0,0.8098600632245473,0,0,0,False,False,unresolvable,279
s00_off,63,task_committed,True,item_4,False,False,1468,1468.3,279.2,326.65,25,,False,cleared,0,0.0,0.8098600632245473,0,0,0,False,False,unresolvable,279
s00_off,63,task_committed,True,item_4,False,False,1468,1468.3,279.2,326.65,50,,False,cleared,0,0.0,0.8098600632245473,0,0,0,False,False,unresolvable,279
s00_off,63,task_committed,True,item_4,False,False,1468,1468.3,279.2,326.65,100,,False,cleared,0,0.0,0.8098600632245473,0,0,0,False,False,unresolvable,279
s00_off,111,theta_crossed,True,item_4,True,True,1106,1105.8,588.3,140.68,10,,False,cleared,0,0.0,0.4679955639704633,0,0,0,False,False,unresolvable,588
s00_off,111,theta_crossed,True,item_4,True,True,1106,1105.8,588.3,140.68,25,,False,cleared,0,0.0,0.4679955639704633,0,0,0,False,False,unresolvable,588
s00_off,111,theta_crossed,True,item_4,True,True,1106,1105.8,588.3,140.68,50,,False,cleared,0,0.0,0.4679955639704633,0,0,0,False,False,unresolvable,588
s00_off,111,theta_crossed,True,item_4,True,True,1106,1105.8,588.3,140.68,100,,False,cleared,0,0.0,0.4679955639704633,0,0,0,False,False,unresolvable,588
s00_off,131,task_committed,True,item_4,True,True,689,689.0,208.3,480.02,10,,False,cleared,0,0.0,0.6977252606518862,0,0,0,False,False,unresolvable,208
s00_off,131,task_committed,True,item_4,True,True,689,689.0,208.3,480.02,25,,False,cleared,0,0.0,0.6977252606518862,0,0,0,False,False,unresolvable,208
s00_off,131,task_committed,True,item_4,True,True,689,689.0,208.3,480.02,50,,False,cleared,0,0.0,0.6977252606518862,0,0,0,False,False,unresolvable,208
s00_off,131,task_committed,True,item_4,True,True,689,689.0,208.3,480.02,100,,False,cleared,0,0.0,0.6977252606518862,0,0,0,False,False,unresolvable,208
s00_on,41,theta_crossed,True,item_6,True,True,1025,1025.5,699.2,136.39,10,,False,cleared,0,0.0,0.31819282354608974,0,0,0,False,False,unresolvable,699
s00_on,41,theta_crossed,True,item_6,True,True,1025,1025.5,699.2,136.39,25,,False,cleared,0,0.0,0.31819282354608974,0,0,0,False,False,unresolvable,699
s00_on,41,theta_crossed,True,item_6,True,True,1025,1025.5,699.2,136.39,50,,False,cleared,0,0.0,0.31819282354608974,0,0,0,False,False,unresolvable,699
s00_on,41,theta_crossed,True,item_6,True,True,1025,1025.5,699.2,136.39,100,447.0,True,cleared,0,0.0,0.31819282354608974,0,0,0,False,False,unresolvable,699
s00_on,41,theta_crossed,True,item_4,False,False,1387,1387.0,699.2,226.31,10,,False,cleared,0,0.0,0.49589960823542806,0,0,0,False,False,unresolvable,699
s00_on,41,theta_crossed,True,item_4,False,False,1387,1387.0,699.2,226.31,25,,False,cleared,0,0.0,0.49589960823542806,0,0,0,False,False,unresolvable,699
s00_on,41,theta_crossed,True,item_4,False,False,1387,1387.0,699.2,226.31,50,,False,cleared,0,0.0,0.49589960823542806,0,0,0,False,False,unresolvable,699
s00_on,41,theta_crossed,True,item_4,False,False,1387,1387.0,699.2,226.31,100,447.0,True,cleared,0,0.0,0.49589960823542806,0,0,0,False,False,unresolvable,699
s00_on,63,task_committed,True,item_6,True,True,582,581.7,279.2,301.67,10,,False,cleared,0,0.0,0.5200333416768177,0,0,0,False,False,unresolvable,279
s00_on,63,task_committed,True,item_6,True,True,582,581.7,279.2,301.67,25,,False,cleared,0,0.0,0.5200333416768177,0,0,0,False,False,unresolvable,279
s00_on,63,task_committed,True,item_6,True,True,582,581.7,279.2,301.67,50,,False,cleared,0,0.0,0.5200333416768177,0,0,0,False,False,unresolvable,279
s00_on,63,task_committed,True,item_6,True,True,582,581.7,279.2,301.67,100,,False,cleared,0,0.0,0.5200333416768177,0,0,0,False,False,unresolvable,279
s00_on,63,task_committed,True,item_4,False,False,1468,1468.3,279.2,326.65,10,,False,cleared,0,0.0,0.8098600632245473,0,0,0,False,False,unresolvable,279
s00_on,63,task_committed,True,item_4,False,False,1468,1468.3,279.2,326.65,25,,False,cleared,0,0.0,0.8098600632245473,0,0,0,False,False,unresolvable,279
s00_on,63,task_committed,True,item_4,False,False,1468,1468.3,279.2,326.65,50,,False,cleared,0,0.0,0.8098600632245473,0,0,0,False,False,unresolvable,279
s00_on,63,task_committed,True,item_4,False,False,1468,1468.3,279.2,326.65,100,,False,cleared,0,0.0,0.8098600632245473,0,0,0,False,False,unresolvable,279
s00_on,81,theta_crossed,True,item_6,True,True,222,221.7,1178.9,154.79,10,,False,cleared,0,0.0,0.0,0,0,0,False,False,0,1178
s00_on,81,theta_crossed,True,item_6,True,True,222,221.7,1178.9,154.79,25,,False,cleared,0,0.0,0.0,0,0,0,False,False,0,1178
s00_on,81,theta_crossed,True,item_6,True,True,222,221.7,1178.9,154.79,50,,False,cleared,0,0.0,0.0,0,0,0,False,False,0,1178
s00_on,81,theta_crossed,True,item_6,True,True,222,221.7,1178.9,154.79,100,,False,cleared,0,0.0,0.0,0,0,0,False,False,0,1178
s00_on,81,theta_crossed,True,item_4,False,False,1828,1828.3,1178.9,203.16,10,,False,cleared,0,0.0,0.3552009344445016,0,0,0,False,False,unresolvable,1178
s00_on,81,theta_crossed,True,item_4,False,False,1828,1828.3,1178.9,203.16,25,,False,cleared,0,0.0,0.3552009344445016,0,0,0,False,False,unresolvable,1178
s00_on,81,theta_crossed,True,item_4,False,False,1828,1828.3,1178.9,203.16,50,,False,cleared,0,0.0,0.3552009344445016,0,0,0,False,False,unresolvable,1178
s00_on,81,theta_crossed,True,item_4,False,False,1828,1828.3,1178.9,203.16,100,,False,cleared,0,0.0,0.3552009344445016,0,0,0,False,False,unresolvable,1178
s00_on,95,no_current_task,True,item_4,False,True,1426,1425.8,898.9,139.75,10,,False,cleared,0,0.0,0.36953966820877093,0,0,0,False,False,unresolvable,898
s00_on,95,no_current_task,True,item_4,False,True,1426,1425.8,898.9,139.75,25,882.0,True,cleared,0,0.0,0.36953966820877093,0,0,0,False,False,unresolvable,898
s00_on,95,no_current_task,True,item_4,False,True,1426,1425.8,898.9,139.75,50,850.0,True,cleared,0,0.0,0.36953966820877093,0,0,0,False,False,unresolvable,898
s00_on,95,no_current_task,True,item_4,False,True,1426,1425.8,898.9,139.75,100,798.0,True,cleared,0,0.0,0.36953966820877093,0,0,0,False,False,unresolvable,898
s00_on,131,task_committed,True,item_4,True,True,689,689.0,208.3,480.02,10,,False,cleared,0,0.0,0.6977252606518862,0,0,0,False,False,unresolvable,208
s00_on,131,task_committed,True,item_4,True,True,689,689.0,208.3,480.02,25,,False,cleared,0,0.0,0.6977252606518862,0,0,0,False,False,unresolvable,208
s00_on,131,task_committed,True,item_4,True,True,689,689.0,208.3,480.02,50,,False,cleared,0,0.0,0.6977252606518862,0,0,0,False,False,unresolvable,208
s00_on,131,task_committed,True,item_4,True,True,689,689.0,208.3,480.02,100,,False,cleared,0,0.0,0.6977252606518862,0,0,0,False,False,unresolvable,208
s10_off,257,theta_crossed,True,item_5,True,True,1308,1308.3,1333.5,24.49,10,,False,cleared,0,0.0,0.0,0,0,0,False,False,0,1333
s10_off,257,theta_crossed,True,item_5,True,True,1308,1308.3,1333.5,24.49,25,,False,cleared,51,0.0389908256880734,0.0197309924664363,7,1,6,True,False,unresolvable,1333
s10_off,257,theta_crossed,True,item_5,True,True,1308,1308.3,1333.5,24.49,50,,False,cleared,76,0.0581039755351682,0.03883971521497103,8,1,7,True,False,unresolvable,1333
s10_off,257,theta_crossed,True,item_5,True,True,1308,1308.3,1333.5,24.49,100,,False,cleared,126,0.0963302752293578,0.0770571607120405,8,1,7,True,False,unresolvable,1333
s10_off,262,task_committed,True,item_5,True,True,1190,1189.9,1253.5,63.49,10,,False,cleared,0,0.0,0.0,0,0,0,False,False,0,1253
s10_off,262,task_committed,True,item_5,True,True,1190,1189.9,1253.5,63.49,25,,False,cleared,0,0.0,0.0,0,0,0,False,False,0,1253
s10_off,262,task_committed,True,item_5,True,True,1190,1189.9,1253.5,63.49,50,,False,cleared,0,0.0,0.0,0,0,0,False,False,0,1253
s10_off,262,task_committed,True,item_5,True,True,1190,1189.9,1253.5,63.49,100,,False,cleared,165,0.13865546218487396,0.08519809820006803,1,1,0,True,True,unresolvable,1253
s10_on,107,theta_crossed,False,item_1,True,True,1820,1820.4,1379.6,89.56,10,,False,cleared,0,0.0,0.24215481765788188,0,0,0,False,False,unresolvable,1379
s10_on,107,theta_crossed,False,item_1,True,True,1820,1820.4,1379.6,89.56,25,,False,cleared,0,0.0,0.24215481765788188,0,0,0,False,False,unresolvable,1379
s10_on,107,theta_crossed,False,item_1,True,True,1820,1820.4,1379.6,89.56,50,,False,cleared,0,0.0,0.24215481765788188,0,0,0,False,False,unresolvable,1379
s10_on,107,theta_crossed,False,item_1,True,True,1820,1820.4,1379.6,89.56,100,,False,cleared,13,0.007142857142857143,0.24929591852109007,13,0,13,False,False,unresolvable,1379
s10_on,107,theta_crossed,False,item_5,False,False,2655,2654.6,1379.6,189.08,10,,False,cleared,0,0.0,0.48028965402292295,0,0,0,False,False,unresolvable,1379
s10_on,107,theta_crossed,False,item_5,False,False,2655,2654.6,1379.6,189.08,25,,False,cleared,0,0.0,0.48028965402292295,0,0,0,False,False,unresolvable,1379
s10_on,107,theta_crossed,False,item_5,False,False,2655,2654.6,1379.6,189.08,50,,False,cleared,0,0.0,0.48028965402292295,0,0,0,False,False,unresolvable,1379
s10_on,107,theta_crossed,False,item_5,False,False,2655,2654.6,1379.6,189.08,100,,False,cleared,0,0.0,0.48028965402292295,0,0,0,False,False,unresolvable,1379
s10_on,142,task_committed,False,item_1,True,True,1110,1109.7,1403.8,6.96,10,,False,cleared,4,0.0036036036036036037,0.0,6,0,6,False,False,4,1403
s10_on,142,task_committed,False,item_1,True,True,1110,1109.7,1403.8,6.96,25,,False,cleared,23,0.02072072072072072,0.0,2,0,2,False,False,23,1403
s10_on,142,task_committed,False,item_1,True,True,1110,1109.7,1403.8,6.96,50,,False,cleared,53,0.047747747747747746,0.0,12,0,12,False,False,53,1403
s10_on,142,task_committed,False,item_1,True,True,1110,1109.7,1403.8,6.96,100,,False,cleared,114,0.10270270270270271,0.0,18,0,18,False,False,114,1403
s10_on,142,task_committed,False,item_5,False,False,3198,3198.0,1403.8,4.01,10,,False,cleared,15,0.004690431519699813,0.5657209295396713,12,0,12,False,False,unresolvable,1403
s10_on,142,task_committed,False,item_5,False,False,3198,3198.0,1403.8,4.01,25,,False,cleared,31,0.00969355847404628,0.5707240389871986,14,0,14,False,False,unresolvable,1403
s10_on,142,task_committed,False,item_5,False,False,3198,3198.0,1403.8,4.01,50,,False,cleared,152,0.047529706066291436,0.6085600541841238,9,0,9,False,False,unresolvable,1403
s10_on,142,task_committed,False,item_5,False,False,3198,3198.0,1403.8,4.01,100,,False,cleared,209,0.06535334584115073,0.6263836315909399,12,0,12,False,False,unresolvable,1403
s10_on,200,no_current_task,False,item_5,False,True,2448,2448.3,1278.0,661.3,10,,False,cleared,0,0.0,0.47801729301720164,0,0,0,False,False,unresolvable,1277
s10_on,200,no_current_task,False,item_5,False,True,2448,2448.3,1278.0,661.3,25,1228.0,True,cleared,0,0.0,0.47801729301720164,0,0,0,False,False,unresolvable,1277
s10_on,200,no_current_task,False,item_5,False,True,2448,2448.3,1278.0,661.3,50,1202.0,True,cleared,0,0.0,0.47801729301720164,0,0,0,False,False,unresolvable,1277
s10_on,200,no_current_task,False,item_5,False,True,2448,2448.3,1278.0,661.3,100,1151.0,True,cleared,0,0.0,0.47801729301720164,0,0,0,False,False,unresolvable,1277
s10_on,257,theta_crossed,True,item_5,True,True,1308,1308.3,1333.5,24.49,10,,False,cleared,0,0.0,0.0,0,0,0,False,False,0,1333
s10_on,257,theta_crossed,True,item_5,True,True,1308,1308.3,1333.5,24.49,25,,False,cleared,51,0.0389908256880734,0.0197309924664363,7,1,6,True,False,unresolvable,1333
s10_on,257,theta_crossed,True,item_5,True,True,1308,1308.3,1333.5,24.49,50,,False,cleared,76,0.0581039755351682,0.03883971521497103,8,1,7,True,False,unresolvable,1333
s10_on,257,theta_crossed,True,item_5,True,True,1308,1308.3,1333.5,24.49,100,,False,cleared,126,0.0963302752293578,0.0770571607120405,8,1,7,True,False,unresolvable,1333
s10_on,262,task_committed,True,item_5,True,True,1190,1189.9,1253.5,63.49,10,,False,cleared,0,0.0,0.0,0,0,0,False,False,0,1253
s10_on,262,task_committed,True,item_5,True,True,1190,1189.9,1253.5,63.49,25,,False,cleared,0,0.0,0.0,0,0,0,False,False,0,1253
s10_on,262,task_committed,True,item_5,True,True,1190,1189.9,1253.5,63.49,50,,False,cleared,0,0.0,0.0,0,0,0,False,False,0,1253
s10_on,262,task_committed,True,item_5,True,True,1190,1189.9,1253.5,63.49,100,,False,cleared,165,0.13865546218487396,0.08519809820006803,1,1,0,True,True,unresolvable,1253
s20_off,22,theta_crossed,True,item_4,True,True,612,612.3,595.9,16.31,10,,False,cleared,0,0.0,0.026872627427183302,0,0,0,False,False,unresolvable,595
s20_off,22,theta_crossed,True,item_4,True,True,612,612.3,595.9,16.31,25,,False,cleared,9,0.014705882352941176,0.04157109365975255,11,1,10,True,False,unresolvable,595
s20_off,22,theta_crossed,True,item_4,True,True,612,612.3,595.9,16.31,50,,False,cleared,34,0.05555555555555555,0.08240016652800046,12,1,11,True,False,unresolvable,595
s20_off,22,theta_crossed,True,item_4,True,True,612,612.3,595.9,16.31,100,,False,cleared,84,0.13725490196078433,0.16405831226449627,13,1,12,True,False,unresolvable,595
s20_off,22,theta_crossed,True,item_6,False,False,1078,1078.3,595.9,185.43,10,,False,cleared,0,0.0,0.4474293110043913,0,0,0,False,False,unresolvable,595
s20_off,22,theta_crossed,True,item_6,False,False,1078,1078.3,595.9,185.43,25,,False,cleared,0,0.0,0.4474293110043913,0,0,0,False,False,unresolvable,595
s20_off,22,theta_crossed,True,item_6,False,False,1078,1078.3,595.9,185.43,50,,False,cleared,0,0.0,0.4474293110043913,0,0,0,False,False,unresolvable,595
s20_off,22,theta_crossed,True,item_6,False,False,1078,1078.3,595.9,185.43,100,,False,cleared,0,0.0,0.4474293110043913,0,0,0,False,False,unresolvable,595
s20_off,22,theta_crossed,True,item_7,False,False,1687,1686.7,595.9,93.66,10,,False,cleared,0,0.0,0.6467301872120863,0,0,0,False,False,unresolvable,595
s20_off,22,theta_crossed,True,item_7,False,False,1687,1686.7,595.9,93.66,25,,False,cleared,0,0.0,0.6467301872120863,0,0,0,False,False,unresolvable,595
s20_off,22,theta_crossed,True,item_7,False,False,1687,1686.7,595.9,93.66,50,,False,cleared,0,0.0,0.6467301872120863,0,0,0,False,False,unresolvable,595
s20_off,22,theta_crossed,True,item_7,False,False,1687,1686.7,595.9,93.66,100,,False,cleared,10,0.005927682276229994,0.6526589810514111,10,0,10,False,False,unresolvable,595
s20_off,24,task_committed,True,item_4,True,True,570,569.9,575.9,5.85,10,,False,cleared,17,0.02982456140350877,0.0194646881399062,1,1,0,True,True,unresolvable,575
s20_off,24,task_committed,True,item_4,True,True,570,569.9,575.9,5.85,25,,False,cleared,32,0.056140350877192984,0.04578286448053104,1,1,0,True,True,unresolvable,575
s20_off,24,task_committed,True,item_4,True,True,570,569.9,575.9,5.85,50,,False,cleared,57,0.1,0.08964649171490578,1,1,0,True,True,unresolvable,575
s20_off,24,task_committed,True,item_4,True,True,570,569.9,575.9,5.85,100,,False,cleared,107,0.18771929824561404,0.17737374618365526,1,1,0,True,True,unresolvable,575
s20_off,24,task_committed,True,item_6,False,False,1100,1100.3,575.9,159.87,10,,False,cleared,0,0.0,0.47662660262986983,0,0,0,False,False,unresolvable,575
s20_off,24,task_committed,True,item_6,False,False,1100,1100.3,575.9,159.87,25,,False,cleared,0,0.0,0.47662660262986983,0,0,0,False,False,unresolvable,575
s20_off,24,task_committed,True,item_6,False,False,1100,1100.3,575.9,159.87,50,,False,cleared,0,0.0,0.47662660262986983,0,0,0,False,False,unresolvable,575
s20_off,24,task_committed,True,item_6,False,False,1100,1100.3,575.9,159.87,100,,False,cleared,0,0.0,0.47662660262986983,0,0,0,False,False,unresolvable,575
s20_off,24,task_committed,True,item_7,False,False,1695,1695.4,575.9,125.63,10,,False,cleared,0,0.0,0.660348190459306,0,0,0,False,False,unresolvable,575
s20_off,24,task_committed,True,item_7,False,False,1695,1695.4,575.9,125.63,25,,False,cleared,0,0.0,0.660348190459306,0,0,0,False,False,unresolvable,575
s20_off,24,task_committed,True,item_7,False,False,1695,1695.4,575.9,125.63,50,,False,cleared,0,0.0,0.660348190459306,0,0,0,False,False,unresolvable,575
s20_off,24,task_committed,True,item_7,False,False,1695,1695.4,575.9,125.63,100,,False,cleared,0,0.0,0.660348190459306,0,0,0,False,False,unresolvable,575
s20_off,89,theta_crossed,True,item_6,True,True,933,933.3,629.7,303.26,10,,False,cleared,0,0.0,0.3253021824695892,0,0,0,False,False,unresolvable,629
s20_off,89,theta_crossed,True,item_6,True,True,933,933.3,629.7,303.26,25,,False,cleared,0,0.0,0.3253021824695892,0,0,0,False,False,unresolvable,629
s20_off,89,theta_crossed,True,item_6,True,True,933,933.3,629.7,303.26,50,,False,cleared,0,0.0,0.3253021824695892,0,0,0,False,False,unresolvable,629
s20_off,89,theta_crossed,True,item_6,True,True,933,933.3,629.7,303.26,100,,False,cleared,0,0.0,0.3253021824695892,0,0,0,False,False,unresolvable,629
s20_off,89,theta_crossed,True,item_7,False,False,1778,1778.4,629.7,493.61,10,,False,cleared,0,0.0,0.6459378732827556,0,0,0,False,False,unresolvable,629
s20_off,89,theta_crossed,True,item_7,False,False,1778,1778.4,629.7,493.61,25,,False,cleared,0,0.0,0.6459378732827556,0,0,0,False,False,unresolvable,629
s20_off,89,theta_crossed,True,item_7,False,False,1778,1778.4,629.7,493.61,50,,False,cleared,0,0.0,0.6459378732827556,0,0,0,False,False,unresolvable,629
s20_off,89,theta_crossed,True,item_7,False,False,1778,1778.4,629.7,493.61,100,,False,cleared,0,0.0,0.6459378732827556,0,0,0,False,False,unresolvable,629
s20_off,96,task_committed,True,item_6,True,True,810,809.9,509.7,299.86,10,,False,cleared,0,0.0,0.3706759707575744,0,0,0,False,False,unresolvable,509
s20_off,96,task_committed,True,item_6,True,True,810,809.9,509.7,299.86,25,,False,cleared,0,0.0,0.3706759707575744,0,0,0,False,False,unresolvable,509
s20_off,96,task_committed,True,item_6,True,True,810,809.9,509.7,299.86,50,,False,cleared,0,0.0,0.3706759707575744,0,0,0,False,False,unresolvable,509
s20_off,96,task_committed,True,item_6,True,True,810,809.9,509.7,299.86,100,,False,cleared,0,0.0,0.3706759707575744,0,0,0,False,False,unresolvable,509
s20_off,96,task_committed,True,item_7,False,False,1844,1844.1,509.7,618.83,10,,False,cleared,0,0.0,0.7236211479801877,0,0,0,False,False,unresolvable,509
s20_off,96,task_committed,True,item_7,False,False,1844,1844.1,509.7,618.83,25,,False,cleared,0,0.0,0.7236211479801877,0,0,0,False,False,unresolvable,509
s20_off,96,task_committed,True,item_7,False,False,1844,1844.1,509.7,618.83,50,,False,cleared,0,0.0,0.7236211479801877,0,0,0,False,False,unresolvable,509
s20_off,96,task_committed,True,item_7,False,False,1844,1844.1,509.7,618.83,100,,False,cleared,0,0.0,0.7236211479801877,0,0,0,False,False,unresolvable,509
s20_on,11,theta_crossed,True,item_4,True,True,812,812.3,828.3,15.29,10,,False,cleared,0,0.0,0.0,0,0,0,False,False,0,828
s20_on,11,theta_crossed,True,item_4,True,True,812,812.3,828.3,15.29,25,,False,cleared,42,0.05172413793103448,0.03202952356160308,1,1,0,True,True,unresolvable,828
s20_on,11,theta_crossed,True,item_4,True,True,812,812.3,828.3,15.29,50,,False,cleared,67,0.08251231527093596,0.06280599731410276,1,1,0,True,True,unresolvable,828
s20_on,11,theta_crossed,True,item_4,True,True,812,812.3,828.3,15.29,100,,False,cleared,117,0.1440886699507389,0.12435894481910213,1,1,0,True,True,unresolvable,828
s20_on,11,theta_crossed,True,item_6,False,False,1189,1188.7,828.3,292.3,10,,False,cleared,0,0.0,0.3032155335404638,0,0,0,False,False,unresolvable,828
s20_on,11,theta_crossed,True,item_6,False,False,1189,1188.7,828.3,292.3,25,,False,cleared,0,0.0,0.3032155335404638,0,0,0,False,False,unresolvable,828
s20_on,11,theta_crossed,True,item_6,False,False,1189,1188.7,828.3,292.3,50,,False,cleared,0,0.0,0.3032155335404638,0,0,0,False,False,unresolvable,828
s20_on,11,theta_crossed,True,item_6,False,False,1189,1188.7,828.3,292.3,100,,False,cleared,0,0.0,0.3032155335404638,0,0,0,False,False,unresolvable,828
s20_on,11,theta_crossed,True,item_7,False,False,1841,1841.3,828.3,41.29,10,,False,cleared,0,0.0,0.5501717409864546,0,0,0,False,False,unresolvable,828
s20_on,11,theta_crossed,True,item_7,False,False,1841,1841.3,828.3,41.29,25,,False,cleared,0,0.0,0.5501717409864546,0,0,0,False,False,unresolvable,828
s20_on,11,theta_crossed,True,item_7,False,False,1841,1841.3,828.3,41.29,50,,False,cleared,144,0.07821835958718087,0.6283752653852639,8,0,8,False,False,unresolvable,828
s20_on,11,theta_crossed,True,item_7,False,False,1841,1841.3,828.3,41.29,100,,False,cleared,223,0.12112982074959261,0.6712785877984995,8,0,8,False,False,unresolvable,828
s20_on,23,task_committed,True,item_4,True,True,570,569.9,595.9,25.85,10,,False,cleared,0,0.0,0.0,0,0,0,False,False,0,595
s20_on,23,task_committed,True,item_4,True,True,570,569.9,595.9,25.85,25,,False,cleared,0,0.0,0.0,0,0,0,False,False,0,595
s20_on,23,task_committed,True,item_4,True,True,570,569.9,595.9,25.85,50,,False,cleared,77,0.13508771929824562,0.08964649171490557,1,1,0,True,True,unresolvable,595
s20_on,23,task_committed,True,item_4,True,True,570,569.9,595.9,25.85,100,,False,cleared,127,0.22280701754385965,0.17737374618365503,1,1,0,True,True,unresolvable,595
s20_on,23,task_committed,True,item_6,False,False,1100,1100.3,595.9,159.36,10,,False,cleared,0,0.0,0.45844932164351115,0,0,0,False,False,unresolvable,595
s20_on,23,task_committed,True,item_6,False,False,1100,1100.3,595.9,159.36,25,,False,cleared,0,0.0,0.45844932164351115,0,0,0,False,False,unresolvable,595
s20_on,23,task_committed,True,item_6,False,False,1100,1100.3,595.9,159.36,50,,False,cleared,0,0.0,0.45844932164351115,0,0,0,False,False,unresolvable,595
s20_on,23,task_committed,True,item_6,False,False,1100,1100.3,595.9,159.36,100,,False,cleared,0,0.0,0.45844932164351115,0,0,0,False,False,unresolvable,595
s20_on,23,task_committed,True,item_7,False,False,1695,1695.4,595.9,111.9,10,,False,cleared,0,0.0,0.6485517437721617,0,0,0,False,False,unresolvable,595
s20_on,23,task_committed,True,item_7,False,False,1695,1695.4,595.9,111.9,25,,False,cleared,0,0.0,0.6485517437721617,0,0,0,False,False,unresolvable,595
s20_on,23,task_committed,True,item_7,False,False,1695,1695.4,595.9,111.9,50,,False,cleared,0,0.0,0.6485517437721617,0,0,0,False,False,unresolvable,595
s20_on,23,task_committed,True,item_7,False,False,1695,1695.4,595.9,111.9,100,,False,cleared,0,0.0,0.6485517437721617,0,0,0,False,False,unresolvable,595
s20_on,82,theta_crossed,True,item_6,True,True,1053,1053.3,754.0,299.26,10,,False,cleared,0,0.0,0.2841638693133706,0,0,0,False,False,unresolvable,753
s20_on,82,theta_crossed,True,item_6,True,True,1053,1053.3,754.0,299.26,25,,False,cleared,0,0.0,0.2841638693133706,0,0,0,False,False,unresolvable,753
s20_on,82,theta_crossed,True,item_6,True,True,1053,1053.3,754.0,299.26,50,,False,cleared,0,0.0,0.2841638693133706,0,0,0,False,False,unresolvable,753
s20_on,82,theta_crossed,True,item_6,True,True,1053,1053.3,754.0,299.26,100,,False,cleared,0,0.0,0.2841638693133706,0,0,0,False,False,unresolvable,753
s20_on,82,theta_crossed,True,item_7,False,False,1733,1733.2,754.0,380.52,10,,False,cleared,0,0.0,0.5649972885916951,0,0,0,False,False,unresolvable,753
s20_on,82,theta_crossed,True,item_7,False,False,1733,1733.2,754.0,380.52,25,,False,cleared,0,0.0,0.5649972885916951,0,0,0,False,False,unresolvable,753
s20_on,82,theta_crossed,True,item_7,False,False,1733,1733.2,754.0,380.52,50,,False,cleared,0,0.0,0.5649972885916951,0,0,0,False,False,unresolvable,753
s20_on,82,theta_crossed,True,item_7,False,False,1733,1733.2,754.0,380.52,100,,False,cleared,0,0.0,0.5649972885916951,0,0,0,False,False,unresolvable,753
s20_on,95,task_committed,True,item_6,True,True,810,809.9,529.7,279.86,10,,False,cleared,0,0.0,0.3459804722414714,0,0,0,False,False,unresolvable,529
s20_on,95,task_committed,True,item_6,True,True,810,809.9,529.7,279.86,25,,False,cleared,0,0.0,0.3459804722414714,0,0,0,False,False,unresolvable,529
s20_on,95,task_committed,True,item_6,True,True,810,809.9,529.7,279.86,50,,False,cleared,0,0.0,0.3459804722414714,0,0,0,False,False,unresolvable,529
s20_on,95,task_committed,True,item_6,True,True,810,809.9,529.7,279.86,100,,False,cleared,0,0.0,0.3459804722414714,0,0,0,False,False,unresolvable,529
s20_on,95,task_committed,True,item_7,False,False,1844,1844.1,529.7,611.12,10,,False,cleared,0,0.0,0.7127756801245366,0,0,0,False,False,unresolvable,529
s20_on,95,task_committed,True,item_7,False,False,1844,1844.1,529.7,611.12,25,,False,cleared,0,0.0,0.7127756801245366,0,0,0,False,False,unresolvable,529
s20_on,95,task_committed,True,item_7,False,False,1844,1844.1,529.7,611.12,50,,False,cleared,0,0.0,0.7127756801245366,0,0,0,False,False,unresolvable,529
s20_on,95,task_committed,True,item_7,False,False,1844,1844.1,529.7,611.12,100,,False,cleared,0,0.0,0.7127756801245366,0,0,0,False,False,unresolvable,529
