step,segment,human_task,human_action,human_action_index,human_micro,human_x,human_y,human_holding,robot_task,robot_holding,ir_called,most_likely,confidence,p_ac_activation,p_coffee_break,p_item_3,p_item_4,p_item_5,p_item_6,p_item_7,p_unknown
0,seg1_deliver_item_3,"deliver_item(?item=item_3,?kitting_table=kitting_table_0)",move_to,0,step,82.6,540.1,,deliver_item,,True,item_3,0.2668,0.0476,0.2197,0.2668,0.1349,0.1095,0.0906,0.0642,0.0667
1,seg1_deliver_item_3,"deliver_item(?item=item_3,?kitting_table=kitting_table_0)",move_to,0,step,65.3,530.2,,deliver_item,,True,item_3,0.2668,0.0476,0.2197,0.2668,0.1349,0.1095,0.0906,0.0642,0.0667
2,seg1_deliver_item_3,"deliver_item(?item=item_3,?kitting_table=kitting_table_0)",move_to,0,step,47.9,520.2,,deliver_item,,True,item_3,0.2668,0.0476,0.2197,0.2668,0.1349,0.1095,0.0906,0.0642,0.0667
3,seg1_deliver_item_3,"deliver_item(?item=item_3,?kitting_table=kitting_table_0)",move_to,0,step,30.5,510.3,,deliver_item,,True,item_3,0.2668,0.0476,0.2197,0.2668,0.1349,0.1095,0.0906,0.0642,0.0667
4,seg1_deliver_item_3,"deliver_item(?item=item_3,?kitting_table=kitting_table_0)",move_to,0,step,13.2,500.4,,deliver_item,,True,item_3,0.2668,0.0476,0.2197,0.2668,0.1349,0.1095,0.0906,0.0642,0.0667
5,seg1_deliver_item_3,"deliver_item(?item=item_3,?kitting_table=kitting_table_0)",move_to,0,step,-4.2,490.5,,deliver_item,,True,item_3,0.3043,0.0272,0.2507,0.3043,0.0769,0.1249,0.1033,0.0366,0.0761
6,seg1_deliver_item_3,"deliver_item(?item=item_3,?kitting_table=kitting_table_0)",move_to,0,step,-21.6,480.5,,deliver_item,,True,item_3,0.3043,0.0272,0.2507,0.3043,0.0769,0.1249,0.1033,0.0366,0.0761
7,seg1_deliver_item_3,"deliver_item(?item=item_3,?kitting_table=kitting_table_0)",move_to,0,step,-38.9,470.6,,deliver_item,,True,item_3,0.3043,0.0272,0.2507,0.3043,0.0769,0.1249,0.1033,0.0366,0.0761
8,seg1_deliver_item_3,"deliver_item(?item=item_3,?kitting_table=kitting_table_0)",move_to,0,step,-56.3,460.7,,deliver_item,,True,item_3,0.3043,0.0272,0.2507,0.3043,0.0769,0.1249,0.1033,0.0366,0.0761
9,seg1_deliver_item_3,"deliver_item(?item=item_3,?kitting_table=kitting_table_0)",move_to,0,step,-73.6,450.8,,deliver_item,,True,item_3,0.3043,0.0272,0.2507,0.3043,0.0769,0.1249,0.1033,0.0366,0.0761
10,seg1_deliver_item_3,"deliver_item(?item=item_3,?kitting_table=kitting_table_0)",move_to,0,step,-91.0,440.8,,deliver_item,,True,item_3,0.3043,0.0272,0.2507,0.3043,0.0769,0.1249,0.1033,0.0366,0.0761
11,seg1_deliver_item_3,"deliver_item(?item=item_3,?kitting_table=kitting_table_0)",move_to,0,step,-108.4,430.9,,deliver_item,,True,item_3,0.3043,0.0272,0.2507,0.3043,0.0769,0.1249,0.1033,0.0366,0.0761
12,seg1_deliver_item_3,"deliver_item(?item=item_3,?kitting_table=kitting_table_0)",move_to,0,step,-125.7,421.0,,deliver_item,,True,item_3,0.3043,0.0272,0.2507,0.3043,0.0769,0.1249,0.1033,0.0366,0.0761
13,seg1_deliver_item_3,"deliver_item(?item=item_3,?kitting_table=kitting_table_0)",move_to,0,step,-143.1,411.1,,deliver_item,,True,item_3,0.3043,0.0272,0.2507,0.3043,0.0769,0.1249,0.1033,0.0366,0.0761
14,seg1_deliver_item_3,"deliver_item(?item=item_3,?kitting_table=kitting_table_0)",move_to,0,step,-160.5,401.2,,deliver_item,,True,item_3,0.3043,0.0272,0.2507,0.3043,0.0769,0.1249,0.1033,0.0366,0.0761
15,seg1_deliver_item_3,"deliver_item(?item=item_3,?kitting_table=kitting_table_0)",move_to,0,step,-177.8,391.2,,deliver_item,,True,item_3,0.3043,0.0272,0.2507,0.3043,0.0769,0.1249,0.1033,0.0366,0.0761
16,seg1_deliver_item_3,"deliver_item(?item=item_3,?kitting_table=kitting_table_0)",move_to,0,step,-195.2,381.3,,deliver_item,,True,item_3,0.3043,0.0272,0.2507,0.3043,0.0769,0.1249,0.1033,0.0366,0.0761
17,seg1_deliver_item_3,"deliver_item(?item=item_3,?kitting_table=kitting_table_0)",move_to,0,step,-212.6,371.4,,deliver_item,,True,item_3,0.3043,0.0272,0.2507,0.3043,0.0769,0.1249,0.1033,0.0366,0.0761
18,seg1_deliver_item_3,"deliver_item(?item=item_3,?kitting_table=kitting_table_0)",move_to,0,step,-229.9,361.5,,deliver_item,,True,item_3,0.3043,0.0272,0.2507,0.3043,0.0769,0.1249,0.1033,0.0366,0.0761
19,seg1_deliver_item_3,"deliver_item(?item=item_3,?kitting_table=kitting_table_0)",move_to,0,step,-247.3,351.5,,deliver_item,,True,item_3,0.3043,0.0272,0.2507,0.3043,0.0769,0.1249,0.1033,0.0366,0.0761
20,seg1_deliver_item_3,"deliver_item(?item=item_3,?kitting_table=kitting_table_0)",move_to,0,step,-264.7,341.6,,deliver_item,,True,item_3,0.3043,0.0272,0.2507,0.3043,0.0769,0.1249,0.1033,0.0366,0.0761
21,seg1_deliver_item_3,"deliver_item(?item=item_3,?kitting_table=kitting_table_0)",move_to,0,step,-282.0,331.7,,deliver_item,,True,item_3,0.3043,0.0272,0.2507,0.3043,0.0769,0.1249,0.1033,0.0366,0.0761
22,seg1_deliver_item_3,"deliver_item(?item=item_3,?kitting_table=kitting_table_0)",move_to,0,step,-299.4,321.8,,deliver_item,,True,item_3,0.3043,0.0272,0.2507,0.3043,0.0769,0.1249,0.1033,0.0366,0.0761
23,seg1_deliver_item_3,"deliver_item(?item=item_3,?kitting_table=kitting_table_0)",move_to,0,step,-316.8,311.9,,deliver_item,,True,item_3,0.3043,0.0272,0.2507,0.3043,0.0769,0.1249,0.1033,0.0366,0.0761
24,seg1_deliver_item_3,"deliver_item(?item=item_3,?kitting_table=kitting_table_0)",move_to,0,step,-334.1,301.9,,deliver_item,,True,item_3,0.3043,0.0272,0.2507,0.3043,0.0769,0.1249,0.1033,0.0366,0.0761
25,seg1_deliver_item_3,"deliver_item(?item=item_3,?kitting_table=kitting_table_0)",move_to,0,step,-351.5,292.0,,deliver_item,,True,item_3,0.3043,0.0272,0.2507,0.3043,0.0769,0.1249,0.1033,0.0366,0.0761
26,seg1_deliver_item_3,"deliver_item(?item=item_3,?kitting_table=kitting_table_0)",move_to,0,step,-368.9,282.1,,deliver_item,,True,item_3,0.3043,0.0272,0.2507,0.3043,0.0769,0.1249,0.1033,0.0366,0.0761
27,seg1_deliver_item_3,"deliver_item(?item=item_3,?kitting_table=kitting_table_0)",move_to,0,step,-386.2,272.2,,deliver_item,,True,item_3,0.3043,0.0272,0.2507,0.3043,0.0769,0.1249,0.1033,0.0366,0.0761
28,seg1_deliver_item_3,"deliver_item(?item=item_3,?kitting_table=kitting_table_0)",move_to,0,step,-403.6,262.2,,deliver_item,,True,item_3,0.3043,0.0272,0.2507,0.3043,0.0769,0.1249,0.1033,0.0366,0.0761
29,seg1_deliver_item_3,"deliver_item(?item=item_3,?kitting_table=kitting_table_0)",move_to,0,step,-420.9,252.3,,deliver_item,,True,item_3,0.3043,0.0272,0.2507,0.3043,0.0769,0.1249,0.1033,0.0366,0.0761
30,seg1_deliver_item_3,"deliver_item(?item=item_3,?kitting_table=kitting_table_0)",move_to,0,step,-438.3,242.4,,deliver_item,,True,item_3,0.3043,0.0272,0.2507,0.3043,0.0769,0.1249,0.1033,0.0366,0.0761
31,seg1_deliver_item_3,"deliver_item(?item=item_3,?kitting_table=kitting_table_0)",move_to,0,step,-455.7,232.5,,deliver_item,,True,item_3,0.3043,0.0272,0.2507,0.3043,0.0769,0.1249,0.1033,0.0366,0.0761
32,seg1_deliver_item_3,"deliver_item(?item=item_3,?kitting_table=kitting_table_0)",move_to,0,step,-473.0,222.5,,deliver_item,,True,item_3,0.3043,0.0272,0.2507,0.3043,0.0769,0.1249,0.1033,0.0366,0.0761
33,seg1_deliver_item_3,"deliver_item(?item=item_3,?kitting_table=kitting_table_0)",move_to,0,step,-490.4,212.6,,deliver_item,,True,item_3,0.3043,0.0272,0.2507,0.3043,0.0769,0.1249,0.1033,0.0366,0.0761
34,seg1_deliver_item_3,"deliver_item(?item=item_3,?kitting_table=kitting_table_0)",move_to,0,step,-507.8,202.7,,deliver_item,,True,item_3,0.3043,0.0272,0.2507,0.3043,0.0769,0.1249,0.1033,0.0366,0.0761
35,seg1_deliver_item_3,"deliver_item(?item=item_3,?kitting_table=kitting_table_0)",move_to,0,step,-525.1,192.8,,deliver_item,,True,item_3,0.3043,0.0272,0.2507,0.3043,0.0769,0.1249,0.1033,0.0366,0.0761
36,seg1_deliver_item_3,"deliver_item(?item=item_3,?kitting_table=kitting_table_0)",move_to,0,step,-542.5,182.9,,deliver_item,,True,item_3,0.3043,0.0272,0.2507,0.3043,0.0769,0.1249,0.1033,0.0366,0.0761
37,seg1_deliver_item_3,"deliver_item(?item=item_3,?kitting_table=kitting_table_0)",move_to,0,step,-559.9,172.9,,deliver_item,,True,item_3,0.3043,0.0272,0.2507,0.3043,0.0769,0.1249,0.1033,0.0366,0.0761
38,seg1_deliver_item_3,"deliver_item(?item=item_3,?kitting_table=kitting_table_0)",move_to,0,step,-577.2,163.0,,deliver_item,,True,item_3,0.3043,0.0272,0.2507,0.3043,0.0769,0.1249,0.1033,0.0366,0.0761
39,seg1_deliver_item_3,"deliver_item(?item=item_3,?kitting_table=kitting_table_0)",move_to,0,step,-594.6,153.1,,deliver_item,,True,item_3,0.3043,0.0272,0.2507,0.3043,0.0769,0.1249,0.1033,0.0366,0.0761
40,seg1_deliver_item_3,"deliver_item(?item=item_3,?kitting_table=kitting_table_0)",move_to,0,step,-612.0,143.2,,deliver_item,,True,item_3,0.3043,0.0272,0.2507,0.3043,0.0769,0.1249,0.1033,0.0366,0.0761
41,seg1_deliver_item_3,"deliver_item(?item=item_3,?kitting_table=kitting_table_0)",move_to,0,step,-629.3,133.2,,deliver_item,,True,item_3,0.3043,0.0272,0.2507,0.3043,0.0769,0.1249,0.1033,0.0366,0.0761
42,seg1_deliver_item_3,"deliver_item(?item=item_3,?kitting_table=kitting_table_0)",move_to,0,step,-646.7,123.3,,deliver_item,,True,item_3,0.3043,0.0272,0.2507,0.3043,0.0769,0.1249,0.1033,0.0366,0.0761
43,seg1_deliver_item_3,"deliver_item(?item=item_3,?kitting_table=kitting_table_0)",move_to,0,step,-664.1,113.4,,deliver_item,,True,item_3,0.3043,0.0272,0.2507,0.3043,0.0769,0.1249,0.1033,0.0366,0.0761
44,seg1_deliver_item_3,"deliver_item(?item=item_3,?kitting_table=kitting_table_0)",move_to,0,step,-681.4,103.5,,deliver_item,,True,item_3,0.3043,0.0272,0.2507,0.3043,0.0769,0.1249,0.1033,0.0366,0.0761
45,seg1_deliver_item_3,"deliver_item(?item=item_3,?kitting_table=kitting_table_0)",move_to,0,step,-698.8,93.6,,deliver_item,,True,item_3,0.3043,0.0272,0.2507,0.3043,0.0769,0.1249,0.1033,0.0366,0.0761
46,seg1_deliver_item_3,"deliver_item(?item=item_3,?kitting_table=kitting_table_0)",move_to,0,step,-716.1,83.6,,deliver_item,,True,item_3,0.3043,0.0272,0.2507,0.3043,0.0769,0.1249,0.1033,0.0366,0.0761
47,seg1_deliver_item_3,"deliver_item(?item=item_3,?kitting_table=kitting_table_0)",move_to,0,step,-733.5,73.7,,deliver_item,,True,item_3,0.3043,0.0272,0.2507,0.3043,0.0769,0.1249,0.1033,0.0366,0.0761
48,seg1_deliver_item_3,"deliver_item(?item=item_3,?kitting_table=kitting_table_0)",move_to,0,step,-750.9,63.8,,deliver_item,,True,item_3,0.3043,0.0272,0.2507,0.3043,0.0769,0.1249,0.1033,0.0366,0.0761
49,seg1_deliver_item_3,"deliver_item(?item=item_3,?kitting_table=kitting_table_0)",move_to,0,step,-768.2,53.9,,deliver_item,,True,item_3,0.3043,0.0272,0.2507,0.3043,0.0769,0.1249,0.1033,0.0366,0.0761
50,seg1_deliver_item_3,"deliver_item(?item=item_3,?kitting_table=kitting_table_0)",move_to,0,step,-785.6,43.9,,deliver_item,,True,item_3,0.3043,0.0272,0.2507,0.3043,0.0769,0.1249,0.1033,0.0366,0.0761
51,seg1_deliver_item_3,"deliver_item(?item=item_3,?kitting_table=kitting_table_0)",move_to,0,step,-803.0,34.0,,deliver_item,,True,item_3,0.3043,0.0272,0.2507,0.3043,0.0769,0.1249,0.1033,0.0366,0.0761
52,seg1_deliver_item_3,"deliver_item(?item=item_3,?kitting_table=kitting_table_0)",move_to,0,step,-820.3,24.1,,deliver_item,,True,item_3,0.3043,0.0272,0.2507,0.3043,0.0769,0.1249,0.1033,0.0366,0.0761
53,seg1_deliver_item_3,"deliver_item(?item=item_3,?kitting_table=kitting_table_0)",move_to,0,step,-837.7,14.2,,deliver_item,,True,item_3,0.3043,0.0272,0.2507,0.3043,0.0769,0.1249,0.1033,0.0366,0.0761
54,seg1_deliver_item_3,"deliver_item(?item=item_3,?kitting_table=kitting_table_0)",move_to,0,step,-855.1,4.2,,deliver_item,,True,item_3,0.3043,0.0272,0.2507,0.3043,0.0769,0.1249,0.1033,0.0366,0.0761
55,seg1_deliver_item_3,"deliver_item(?item=item_3,?kitting_table=kitting_table_0)",move_to,0,step,-872.4,-5.7,,deliver_item,,True,item_3,0.3914,0.0175,0.3224,0.3914,0.0495,0.0803,0.0664,0.0236,0.0489
56,seg1_deliver_item_3,"deliver_item(?item=item_3,?kitting_table=kitting_table_0)",move_to,0,step,-889.8,-15.6,,deliver_item,,True,item_3,0.3914,0.0175,0.3224,0.3914,0.0495,0.0803,0.0664,0.0236,0.0489
57,seg1_deliver_item_3,"deliver_item(?item=item_3,?kitting_table=kitting_table_0)",move_to,0,step,-907.2,-25.5,,deliver_item,,True,item_3,0.3914,0.0175,0.3224,0.3914,0.0495,0.0803,0.0664,0.0236,0.0489
58,seg1_deliver_item_3,"deliver_item(?item=item_3,?kitting_table=kitting_table_0)",move_to,0,step,-924.5,-35.4,,deliver_item,,True,item_3,0.3914,0.0175,0.3224,0.3914,0.0495,0.0803,0.0664,0.0236,0.0489
59,seg1_deliver_item_3,"deliver_item(?item=item_3,?kitting_table=kitting_table_0)",move_to,1,,-924.5,-35.4,,deliver_item,,True,item_3,0.3914,0.0175,0.3224,0.3914,0.0495,0.0803,0.0664,0.0236,0.0489
60,seg1_deliver_item_3,"deliver_item(?item=item_3,?kitting_table=kitting_table_0)",pick_up,1,grasp,-924.5,-35.4,item_3,deliver_item,,True,coffee_break,0.5494,0.0298,0.5494,0.3335,0.001,0.001,0.001,0.001,0.0834
61,seg1_deliver_item_3,"deliver_item(?item=item_3,?kitting_table=kitting_table_0)",pick_up,2,,-924.5,-35.4,item_3,deliver_item,,True,coffee_break,0.5494,0.0298,0.5494,0.3335,0.001,0.001,0.001,0.001,0.0834
62,seg1_deliver_item_3,"deliver_item(?item=item_3,?kitting_table=kitting_table_0)",move_to,2,step,-907.2,-25.4,item_3,deliver_item,,True,coffee_break,0.5508,0.0344,0.5508,0.3866,0.001,0.001,0.001,0.001,0.0242
63,seg1_deliver_item_3,"deliver_item(?item=item_3,?kitting_table=kitting_table_0)",move_to,2,step,-889.9,-15.4,item_3,deliver_item,,True,coffee_break,0.5508,0.0344,0.5508,0.3866,0.001,0.001,0.001,0.001,0.0242
64,seg1_deliver_item_3,"deliver_item(?item=item_3,?kitting_table=kitting_table_0)",move_to,2,step,-872.6,-5.4,item_3,deliver_item,,True,coffee_break,0.5508,0.0344,0.5508,0.3866,0.001,0.001,0.001,0.001,0.0242
65,seg1_deliver_item_3,"deliver_item(?item=item_3,?kitting_table=kitting_table_0)",move_to,2,step,-855.3,4.6,item_3,deliver_item,,True,item_3,0.6956,0.0309,0.2478,0.6956,0.001,0.001,0.001,0.001,0.0217
66,seg1_deliver_item_3,"deliver_item(?item=item_3,?kitting_table=kitting_table_0)",move_to,2,step,-838.0,14.7,item_3,deliver_item,,True,item_3,0.6956,0.0309,0.2478,0.6956,0.001,0.001,0.001,0.001,0.0217
67,seg1_deliver_item_3,"deliver_item(?item=item_3,?kitting_table=kitting_table_0)",move_to,2,step,-820.7,24.7,item_3,deliver_item,,True,item_3,0.6956,0.0309,0.2478,0.6956,0.001,0.001,0.001,0.001,0.0217
68,seg1_deliver_item_3,"deliver_item(?item=item_3,?kitting_table=kitting_table_0)",move_to,2,step,-803.4,34.7,item_3,deliver_item,,True,item_3,0.6956,0.0309,0.2478,0.6956,0.001,0.001,0.001,0.001,0.0217
69,seg1_deliver_item_3,"deliver_item(?item=item_3,?kitting_table=kitting_table_0)",move_to,2,step,-786.1,44.7,item_3,deliver_item,,True,item_3,0.6956,0.0309,0.2478,0.6956,0.001,0.001,0.001,0.001,0.0217
70,seg1_deliver_item_3,"deliver_item(?item=item_3,?kitting_table=kitting_table_0)",move_to,2,step,-768.8,54.8,item_3,deliver_item,,True,item_3,0.6956,0.0309,0.2478,0.6956,0.001,0.001,0.001,0.001,0.0217
71,seg1_deliver_item_3,"deliver_item(?item=item_3,?kitting_table=kitting_table_0)",move_to,2,step,-751.5,64.8,item_3,deliver_item,,True,item_3,0.6956,0.0309,0.2478,0.6956,0.001,0.001,0.001,0.001,0.0217
72,seg1_deliver_item_3,"deliver_item(?item=item_3,?kitting_table=kitting_table_0)",move_to,2,step,-734.2,74.8,item_3,deliver_item,,True,item_3,0.6956,0.0309,0.2478,0.6956,0.001,0.001,0.001,0.001,0.0217
73,seg1_deliver_item_3,"deliver_item(?item=item_3,?kitting_table=kitting_table_0)",move_to,2,step,-716.8,84.8,item_3,deliver_item,,True,item_3,0.6956,0.0309,0.2478,0.6956,0.001,0.001,0.001,0.001,0.0217
74,seg1_deliver_item_3,"deliver_item(?item=item_3,?kitting_table=kitting_table_0)",move_to,2,step,-699.5,94.9,item_3,deliver_item,,True,item_3,0.6956,0.0309,0.2478,0.6956,0.001,0.001,0.001,0.001,0.0217
75,seg1_deliver_item_3,"deliver_item(?item=item_3,?kitting_table=kitting_table_0)",move_to,2,step,-682.2,104.9,item_3,deliver_item,,True,item_3,0.6956,0.0309,0.2478,0.6956,0.001,0.001,0.001,0.001,0.0217
76,seg1_deliver_item_3,"deliver_item(?item=item_3,?kitting_table=kitting_table_0)",move_to,2,step,-664.9,114.9,item_3,deliver_item,,True,item_3,0.6956,0.0309,0.2478,0.6956,0.001,0.001,0.001,0.001,0.0217
77,seg1_deliver_item_3,"deliver_item(?item=item_3,?kitting_table=kitting_table_0)",move_to,2,step,-647.6,124.9,item_3,deliver_item,,True,item_3,0.6956,0.0309,0.2478,0.6956,0.001,0.001,0.001,0.001,0.0217
78,seg1_deliver_item_3,"deliver_item(?item=item_3,?kitting_table=kitting_table_0)",move_to,2,step,-630.3,135.0,item_3,deliver_item,,True,item_3,0.6956,0.0309,0.2478,0.6956,0.001,0.001,0.001,0.001,0.0217
79,seg1_deliver_item_3,"deliver_item(?item=item_3,?kitting_table=kitting_table_0)",move_to,2,step,-613.0,145.0,item_3,deliver_item,,True,item_3,0.6956,0.0309,0.2478,0.6956,0.001,0.001,0.001,0.001,0.0217
80,seg1_deliver_item_3,"deliver_item(?item=item_3,?kitting_table=kitting_table_0)",move_to,2,step,-595.7,155.0,item_3,deliver_item,,True,item_3,0.6956,0.0309,0.2478,0.6956,0.001,0.001,0.001,0.001,0.0217
81,seg1_deliver_item_3,"deliver_item(?item=item_3,?kitting_table=kitting_table_0)",move_to,2,step,-578.4,165.0,item_3,deliver_item,,True,item_3,0.6956,0.0309,0.2478,0.6956,0.001,0.001,0.001,0.001,0.0217
82,seg1_deliver_item_3,"deliver_item(?item=item_3,?kitting_table=kitting_table_0)",move_to,2,step,-561.1,175.0,item_3,deliver_item,,True,item_3,0.6956,0.0309,0.2478,0.6956,0.001,0.001,0.001,0.001,0.0217
83,seg1_deliver_item_3,"deliver_item(?item=item_3,?kitting_table=kitting_table_0)",move_to,2,step,-543.8,185.1,item_3,deliver_item,,True,item_3,0.6956,0.0309,0.2478,0.6956,0.001,0.001,0.001,0.001,0.0217
84,seg1_deliver_item_3,"deliver_item(?item=item_3,?kitting_table=kitting_table_0)",move_to,2,step,-526.5,195.1,item_3,deliver_item,,True,item_3,0.6956,0.0309,0.2478,0.6956,0.001,0.001,0.001,0.001,0.0217
85,seg1_deliver_item_3,"deliver_item(?item=item_3,?kitting_table=kitting_table_0)",move_to,2,step,-509.2,205.1,item_3,deliver_item,,True,item_3,0.6956,0.0309,0.2478,0.6956,0.001,0.001,0.001,0.001,0.0217
86,seg1_deliver_item_3,"deliver_item(?item=item_3,?kitting_table=kitting_table_0)",move_to,2,step,-491.9,215.1,item_3,deliver_item,,True,item_3,0.6956,0.0309,0.2478,0.6956,0.001,0.001,0.001,0.001,0.0217
87,seg1_deliver_item_3,"deliver_item(?item=item_3,?kitting_table=kitting_table_0)",move_to,2,step,-474.5,225.2,item_3,deliver_item,,True,item_3,0.6956,0.0309,0.2478,0.6956,0.001,0.001,0.001,0.001,0.0217
88,seg1_deliver_item_3,"deliver_item(?item=item_3,?kitting_table=kitting_table_0)",move_to,2,step,-457.2,235.2,item_3,deliver_item,,True,item_3,0.6956,0.0309,0.2478,0.6956,0.001,0.001,0.001,0.001,0.0217
89,seg1_deliver_item_3,"deliver_item(?item=item_3,?kitting_table=kitting_table_0)",move_to,2,step,-439.9,245.2,item_3,deliver_item,,True,item_3,0.6956,0.0309,0.2478,0.6956,0.001,0.001,0.001,0.001,0.0217
90,seg1_deliver_item_3,"deliver_item(?item=item_3,?kitting_table=kitting_table_0)",move_to,2,step,-422.6,255.2,item_3,deliver_item,,True,item_3,0.6956,0.0309,0.2478,0.6956,0.001,0.001,0.001,0.001,0.0217
91,seg1_deliver_item_3,"deliver_item(?item=item_3,?kitting_table=kitting_table_0)",move_to,2,step,-405.3,265.3,item_3,deliver_item,,True,item_3,0.6956,0.0309,0.2478,0.6956,0.001,0.001,0.001,0.001,0.0217
92,seg1_deliver_item_3,"deliver_item(?item=item_3,?kitting_table=kitting_table_0)",move_to,2,step,-388.0,275.3,item_3,deliver_item,,True,item_3,0.6956,0.0309,0.2478,0.6956,0.001,0.001,0.001,0.001,0.0217
93,seg1_deliver_item_3,"deliver_item(?item=item_3,?kitting_table=kitting_table_0)",move_to,2,step,-370.7,285.3,item_3,deliver_item,,True,item_3,0.6956,0.0309,0.2478,0.6956,0.001,0.001,0.001,0.001,0.0217
94,seg1_deliver_item_3,"deliver_item(?item=item_3,?kitting_table=kitting_table_0)",move_to,2,step,-353.4,295.3,item_3,deliver_item,,True,item_3,0.6956,0.0309,0.2478,0.6956,0.001,0.001,0.001,0.001,0.0217
95,seg1_deliver_item_3,"deliver_item(?item=item_3,?kitting_table=kitting_table_0)",move_to,2,step,-336.1,305.4,item_3,deliver_item,,True,item_3,0.6956,0.0309,0.2478,0.6956,0.001,0.001,0.001,0.001,0.0217
96,seg1_deliver_item_3,"deliver_item(?item=item_3,?kitting_table=kitting_table_0)",move_to,2,step,-318.8,315.4,item_3,deliver_item,,True,item_3,0.6956,0.0309,0.2478,0.6956,0.001,0.001,0.001,0.001,0.0217
97,seg1_deliver_item_3,"deliver_item(?item=item_3,?kitting_table=kitting_table_0)",move_to,2,step,-301.5,325.4,item_3,deliver_item,item_4,True,item_3,0.6956,0.0309,0.2478,0.6956,0.001,0.001,0.001,0.001,0.0217
98,seg1_deliver_item_3,"deliver_item(?item=item_3,?kitting_table=kitting_table_0)",move_to,2,step,-284.2,335.4,item_3,deliver_item,item_4,True,item_3,0.6956,0.0309,0.2478,0.6956,0.001,0.001,0.001,0.001,0.0217
99,seg1_deliver_item_3,"deliver_item(?item=item_3,?kitting_table=kitting_table_0)",move_to,2,step,-266.9,345.4,item_3,deliver_item,item_4,True,item_3,0.6956,0.0309,0.2478,0.6956,0.001,0.001,0.001,0.001,0.0217
100,seg1_deliver_item_3,"deliver_item(?item=item_3,?kitting_table=kitting_table_0)",move_to,2,step,-249.6,355.5,item_3,deliver_item,item_4,True,item_3,0.6956,0.0309,0.2478,0.6956,0.001,0.001,0.001,0.001,0.0217
101,seg1_deliver_item_3,"deliver_item(?item=item_3,?kitting_table=kitting_table_0)",move_to,2,step,-232.2,365.5,item_3,deliver_item,item_4,True,item_3,0.6956,0.0309,0.2478,0.6956,0.001,0.001,0.001,0.001,0.0217
102,seg1_deliver_item_3,"deliver_item(?item=item_3,?kitting_table=kitting_table_0)",move_to,2,step,-214.9,375.5,item_3,deliver_item,item_4,True,item_3,0.6956,0.0309,0.2478,0.6956,0.001,0.001,0.001,0.001,0.0217
103,seg1_deliver_item_3,"deliver_item(?item=item_3,?kitting_table=kitting_table_0)",move_to,2,step,-197.6,385.5,item_3,deliver_item,item_4,True,item_3,0.6956,0.0309,0.2478,0.6956,0.001,0.001,0.001,0.001,0.0217
104,seg1_deliver_item_3,"deliver_item(?item=item_3,?kitting_table=kitting_table_0)",move_to,2,step,-180.3,395.6,item_3,deliver_item,item_4,True,item_3,0.6956,0.0309,0.2478,0.6956,0.001,0.001,0.001,0.001,0.0217
105,seg1_deliver_item_3,"deliver_item(?item=item_3,?kitting_table=kitting_table_0)",move_to,2,step,-163.0,405.6,item_3,deliver_item,item_4,True,item_3,0.6956,0.0309,0.2478,0.6956,0.001,0.001,0.001,0.001,0.0217
106,seg1_deliver_item_3,"deliver_item(?item=item_3,?kitting_table=kitting_table_0)",move_to,2,step,-145.7,415.6,item_3,deliver_item,item_4,True,item_3,0.6956,0.0309,0.2478,0.6956,0.001,0.001,0.001,0.001,0.0217
107,seg1_deliver_item_3,"deliver_item(?item=item_3,?kitting_table=kitting_table_0)",move_to,2,step,-128.4,425.6,item_3,deliver_item,item_4,True,item_3,0.6956,0.0309,0.2478,0.6956,0.001,0.001,0.001,0.001,0.0217
108,seg1_deliver_item_3,"deliver_item(?item=item_3,?kitting_table=kitting_table_0)",move_to,2,step,-111.1,435.7,item_3,deliver_item,item_4,True,item_3,0.6956,0.0309,0.2478,0.6956,0.001,0.001,0.001,0.001,0.0217
109,seg1_deliver_item_3,"deliver_item(?item=item_3,?kitting_table=kitting_table_0)",move_to,2,step,-93.8,445.7,item_3,deliver_item,item_4,True,item_3,0.6956,0.0309,0.2478,0.6956,0.001,0.001,0.001,0.001,0.0217
110,seg1_deliver_item_3,"deliver_item(?item=item_3,?kitting_table=kitting_table_0)",move_to,2,step,-76.5,455.7,item_3,deliver_item,item_4,True,item_3,0.6956,0.0309,0.2478,0.6956,0.001,0.001,0.001,0.001,0.0217
111,seg1_deliver_item_3,"deliver_item(?item=item_3,?kitting_table=kitting_table_0)",move_to,2,step,-59.2,465.7,item_3,deliver_item,item_4,True,item_3,0.6956,0.0309,0.2478,0.6956,0.001,0.001,0.001,0.001,0.0217
112,seg1_deliver_item_3,"deliver_item(?item=item_3,?kitting_table=kitting_table_0)",move_to,2,step,-41.9,475.7,item_3,deliver_item,item_4,True,item_3,0.6956,0.0309,0.2478,0.6956,0.001,0.001,0.001,0.001,0.0217
113,seg1_deliver_item_3,"deliver_item(?item=item_3,?kitting_table=kitting_table_0)",move_to,2,step,-24.6,485.8,item_3,deliver_item,item_4,True,item_3,0.6956,0.0309,0.2478,0.6956,0.001,0.001,0.001,0.001,0.0217
114,seg1_deliver_item_3,"deliver_item(?item=item_3,?kitting_table=kitting_table_0)",move_to,3,,-24.6,485.8,item_3,deliver_item,item_4,True,item_3,0.6956,0.0309,0.2478,0.6956,0.001,0.001,0.001,0.001,0.0217
115,seg1_deliver_item_3,"deliver_item(?item=item_3,?kitting_table=kitting_table_0)",place,3,release,-24.6,485.8,,deliver_item,item_4,True,item_3,0.6916,0.0308,0.2463,0.6916,0.0022,0.0035,0.0029,0.001,0.0216
116,seg1_deliver_item_3,"deliver_item(?item=item_3,?kitting_table=kitting_table_0)",place,4,,-24.6,485.8,,deliver_item,item_4,True,item_3,0.6916,0.0308,0.2463,0.6916,0.0022,0.0035,0.0029,0.001,0.0216
117,seg2_coffee,coffee_break(?coffee_machine=coffee_machine_0),,4,,-24.6,485.8,,deliver_item,item_4,True,item_3,0.6916,0.0308,0.2463,0.6916,0.0022,0.0035,0.0029,0.001,0.0216
118,seg2_coffee,coffee_break(?coffee_machine=coffee_machine_0),move_to,0,step,-25.0,465.8,,deliver_item,item_4,True,coffee_break,0.5455,0.0293,0.5455,0.3972,0.0033,0.0065,0.005,0.0012,0.012
119,seg2_coffee,coffee_break(?coffee_machine=coffee_machine_0),move_to,0,step,-25.4,445.8,,deliver_item,item_4,True,coffee_break,0.5455,0.0293,0.5455,0.3972,0.0033,0.0065,0.005,0.0012,0.012
120,seg2_coffee,coffee_break(?coffee_machine=coffee_machine_0),move_to,0,step,-25.8,425.8,,deliver_item,item_4,True,coffee_break,0.5455,0.0293,0.5455,0.3972,0.0033,0.0065,0.005,0.0012,0.012
121,seg2_coffee,coffee_break(?coffee_machine=coffee_machine_0),move_to,0,step,-26.2,405.8,,deliver_item,item_4,True,coffee_break,0.5455,0.0293,0.5455,0.3972,0.0032,0.0065,0.005,0.0012,0.012
122,seg2_coffee,coffee_break(?coffee_machine=coffee_machine_0),move_to,0,step,-26.7,385.8,,deliver_item,item_4,True,coffee_break,0.5455,0.0293,0.5455,0.3972,0.0032,0.0065,0.005,0.0012,0.012
123,seg2_coffee,coffee_break(?coffee_machine=coffee_machine_0),move_to,0,step,-27.1,365.8,,deliver_item,item_4,True,coffee_break,0.5455,0.0293,0.5455,0.3973,0.0032,0.0065,0.005,0.0012,0.012
124,seg2_coffee,coffee_break(?coffee_machine=coffee_machine_0),move_to,0,step,-27.5,345.8,,deliver_item,item_4,True,coffee_break,0.5455,0.0293,0.5455,0.3973,0.0032,0.0065,0.005,0.0012,0.012
125,seg2_coffee,coffee_break(?coffee_machine=coffee_machine_0),move_to,0,step,-27.9,325.8,,deliver_item,item_4,True,coffee_break,0.5455,0.0293,0.5455,0.3973,0.0032,0.0065,0.005,0.0012,0.012
126,seg2_coffee,coffee_break(?coffee_machine=coffee_machine_0),move_to,0,step,-28.3,305.8,,deliver_item,item_4,True,coffee_break,0.5455,0.0293,0.5455,0.3973,0.0032,0.0065,0.005,0.0012,0.012
127,seg2_coffee,coffee_break(?coffee_machine=coffee_machine_0),move_to,0,step,-28.8,285.8,,deliver_item,item_4,True,coffee_break,0.5455,0.0293,0.5455,0.3973,0.0032,0.0065,0.005,0.0012,0.012
128,seg2_coffee,coffee_break(?coffee_machine=coffee_machine_0),move_to,0,step,-29.2,265.8,,deliver_item,item_4,True,coffee_break,0.5456,0.0293,0.5456,0.3973,0.0032,0.0065,0.005,0.0012,0.012
129,seg2_coffee,coffee_break(?coffee_machine=coffee_machine_0),move_to,0,step,-29.6,245.8,,deliver_item,item_4,True,coffee_break,0.5456,0.0293,0.5456,0.3973,0.0032,0.0065,0.005,0.0012,0.012
130,seg2_coffee,coffee_break(?coffee_machine=coffee_machine_0),move_to,0,step,-30.0,225.8,,deliver_item,item_4,True,coffee_break,0.5456,0.0293,0.5456,0.3973,0.0032,0.0065,0.005,0.0012,0.012
131,seg2_coffee,coffee_break(?coffee_machine=coffee_machine_0),move_to,0,step,-30.4,205.8,,deliver_item,item_4,True,coffee_break,0.5456,0.0293,0.5456,0.3973,0.0032,0.0065,0.005,0.0012,0.012
132,seg2_coffee,coffee_break(?coffee_machine=coffee_machine_0),move_to,0,step,-30.9,185.8,,deliver_item,item_4,True,coffee_break,0.5456,0.0293,0.5456,0.3973,0.0032,0.0065,0.005,0.0012,0.012
133,seg2_coffee,coffee_break(?coffee_machine=coffee_machine_0),move_to,0,step,-31.3,165.8,,deliver_item,item_4,True,coffee_break,0.5456,0.0293,0.5456,0.3973,0.0031,0.0065,0.005,0.0012,0.012
134,seg2_coffee,coffee_break(?coffee_machine=coffee_machine_0),move_to,0,step,-31.7,145.8,,deliver_item,item_4,True,coffee_break,0.5456,0.0293,0.5456,0.3973,0.0031,0.0065,0.005,0.0012,0.012
135,seg2_coffee,coffee_break(?coffee_machine=coffee_machine_0),move_to,0,step,-32.1,125.9,,deliver_item,item_4,True,coffee_break,0.5456,0.0293,0.5456,0.3973,0.0031,0.0065,0.005,0.0012,0.012
136,seg2_coffee,coffee_break(?coffee_machine=coffee_machine_0),move_to,0,step,-32.5,105.9,,deliver_item,item_4,True,coffee_break,0.5456,0.0293,0.5456,0.3973,0.0031,0.0065,0.005,0.0012,0.012
137,seg2_coffee,coffee_break(?coffee_machine=coffee_machine_0),move_to,0,step,-33.0,85.9,,deliver_item,item_4,True,coffee_break,0.5457,0.0293,0.5457,0.3973,0.003,0.0065,0.005,0.0012,0.012
138,seg2_coffee,coffee_break(?coffee_machine=coffee_machine_0),move_to,0,step,-33.4,65.9,,deliver_item,item_4,True,coffee_break,0.5457,0.0293,0.5457,0.3974,0.003,0.0065,0.005,0.0012,0.012
139,seg2_coffee,coffee_break(?coffee_machine=coffee_machine_0),move_to,0,step,-33.8,45.9,,deliver_item,item_4,True,coffee_break,0.5457,0.0293,0.5457,0.3974,0.0029,0.0065,0.005,0.0012,0.012
140,seg2_coffee,coffee_break(?coffee_machine=coffee_machine_0),move_to,0,step,-34.2,25.9,,deliver_item,item_4,True,coffee_break,0.5458,0.0293,0.5458,0.3974,0.0028,0.0065,0.005,0.0012,0.012
141,seg2_coffee,coffee_break(?coffee_machine=coffee_machine_0),move_to,0,step,-34.6,5.9,,deliver_item,item_4,True,coffee_break,0.5459,0.0293,0.5459,0.3975,0.0026,0.0066,0.005,0.0012,0.012
142,seg2_coffee,coffee_break(?coffee_machine=coffee_machine_0),move_to,0,step,-35.1,-14.1,,deliver_item,item_4,True,coffee_break,0.8105,0.0217,0.8105,0.1476,0.0017,0.0049,0.0037,0.001,0.0089
143,seg2_coffee,coffee_break(?coffee_machine=coffee_machine_0),move_to,0,step,-35.5,-34.1,,deliver_item,item_4,True,coffee_break,0.8108,0.0217,0.8108,0.1476,0.0013,0.0049,0.0037,0.001,0.0089
144,seg2_coffee,coffee_break(?coffee_machine=coffee_machine_0),move_to,0,step,-35.9,-54.1,,deliver_item,,True,coffee_break,0.8108,0.0217,0.8108,0.1476,0.0013,0.0049,0.0037,0.001,0.0089
145,seg2_coffee,coffee_break(?coffee_machine=coffee_machine_0),move_to,0,step,-36.3,-74.1,,deliver_item,,True,coffee_break,0.8111,0.0218,0.8111,0.1477,0.001,0.0049,0.0037,0.001,0.0089
146,seg2_coffee,coffee_break(?coffee_machine=coffee_machine_0),move_to,0,step,-36.7,-94.1,,,,True,coffee_break,0.8111,0.0218,0.8111,0.1477,0.001,0.0049,0.0037,0.001,0.0089
147,seg2_coffee,coffee_break(?coffee_machine=coffee_machine_0),move_to,0,step,-37.1,-114.1,,deliver_item,,True,coffee_break,0.8111,0.0218,0.8111,0.1477,0.001,0.0049,0.0037,0.001,0.0089
148,seg2_coffee,coffee_break(?coffee_machine=coffee_machine_0),move_to,0,step,-37.6,-134.1,,deliver_item,,True,coffee_break,0.8111,0.0218,0.8111,0.1477,0.001,0.0049,0.0037,0.001,0.0089
149,seg2_coffee,coffee_break(?coffee_machine=coffee_machine_0),move_to,0,step,-38.0,-154.1,,deliver_item,,True,coffee_break,0.8111,0.0218,0.8111,0.1477,0.001,0.0049,0.0037,0.001,0.0089
150,seg2_coffee,coffee_break(?coffee_machine=coffee_machine_0),move_to,0,step,-38.4,-174.1,,deliver_item,,True,coffee_break,0.8111,0.0218,0.8111,0.1477,0.001,0.0049,0.0037,0.001,0.0089
151,seg2_coffee,coffee_break(?coffee_machine=coffee_machine_0),move_to,0,step,-38.8,-194.1,,deliver_item,,True,coffee_break,0.8111,0.0218,0.8111,0.1477,0.001,0.0049,0.0037,0.001,0.0089
152,seg2_coffee,coffee_break(?coffee_machine=coffee_machine_0),move_to,0,step,-39.2,-214.1,,deliver_item,,True,coffee_break,0.8111,0.0218,0.8111,0.1477,0.001,0.0049,0.0037,0.001,0.0089
153,seg2_coffee,coffee_break(?coffee_machine=coffee_machine_0),move_to,0,step,-39.7,-234.1,,deliver_item,,True,coffee_break,0.8111,0.0218,0.8111,0.1477,0.001,0.0049,0.0037,0.001,0.0089
154,seg2_coffee,coffee_break(?coffee_machine=coffee_machine_0),move_to,1,,-39.7,-234.1,,deliver_item,,True,coffee_break,0.8111,0.0218,0.8111,0.1477,0.001,0.0049,0.0037,0.001,0.0089
155,seg2_coffee,coffee_break(?coffee_machine=coffee_machine_0),wait_at,1,stand,-39.7,-234.1,,deliver_item,,True,coffee_break,0.8111,0.0218,0.8111,0.1477,0.001,0.0049,0.0037,0.001,0.0089
156,seg2_coffee,coffee_break(?coffee_machine=coffee_machine_0),wait_at,1,stand,-39.7,-234.1,,deliver_item,,True,coffee_break,0.8111,0.0218,0.8111,0.1477,0.001,0.0049,0.0037,0.001,0.0089
157,seg2_coffee,coffee_break(?coffee_machine=coffee_machine_0),wait_at,1,stand,-39.7,-234.1,,deliver_item,,True,coffee_break,0.8111,0.0218,0.8111,0.1477,0.001,0.0049,0.0037,0.001,0.0089
158,seg2_coffee,coffee_break(?coffee_machine=coffee_machine_0),wait_at,1,stand,-39.7,-234.1,,deliver_item,,True,coffee_break,0.8111,0.0218,0.8111,0.1477,0.001,0.0049,0.0037,0.001,0.0089
159,seg2_coffee,coffee_break(?coffee_machine=coffee_machine_0),wait_at,1,stand,-39.7,-234.1,,deliver_item,,True,coffee_break,0.8111,0.0218,0.8111,0.1477,0.001,0.0049,0.0037,0.001,0.0089
160,seg2_coffee,coffee_break(?coffee_machine=coffee_machine_0),wait_at,1,stand,-39.7,-234.1,,deliver_item,,True,coffee_break,0.8111,0.0218,0.8111,0.1477,0.001,0.0049,0.0037,0.001,0.0089
161,seg2_coffee,coffee_break(?coffee_machine=coffee_machine_0),wait_at,1,stand,-39.7,-234.1,,deliver_item,,True,coffee_break,0.8111,0.0218,0.8111,0.1477,0.001,0.0049,0.0037,0.001,0.0089
162,seg2_coffee,coffee_break(?coffee_machine=coffee_machine_0),wait_at,1,stand,-39.7,-234.1,,deliver_item,,True,coffee_break,0.8111,0.0218,0.8111,0.1477,0.001,0.0049,0.0037,0.001,0.0089
163,seg2_coffee,coffee_break(?coffee_machine=coffee_machine_0),wait_at,1,stand,-39.7,-234.1,,deliver_item,,True,coffee_break,0.8111,0.0218,0.8111,0.1477,0.001,0.0049,0.0037,0.001,0.0089
164,seg2_coffee,coffee_break(?coffee_machine=coffee_machine_0),wait_at,1,stand,-39.7,-234.1,,deliver_item,,True,coffee_break,0.8111,0.0218,0.8111,0.1477,0.001,0.0049,0.0037,0.001,0.0089
165,seg2_coffee,coffee_break(?coffee_machine=coffee_machine_0),wait_at,1,stand,-39.7,-234.1,,deliver_item,,True,coffee_break,0.8111,0.0218,0.8111,0.1477,0.001,0.0049,0.0037,0.001,0.0089
166,seg2_coffee,coffee_break(?coffee_machine=coffee_machine_0),wait_at,1,stand,-39.7,-234.1,,deliver_item,,True,coffee_break,0.8111,0.0218,0.8111,0.1477,0.001,0.0049,0.0037,0.001,0.0089
167,seg2_coffee,coffee_break(?coffee_machine=coffee_machine_0),wait_at,1,stand,-39.7,-234.1,,deliver_item,,True,coffee_break,0.8111,0.0218,0.8111,0.1477,0.001,0.0049,0.0037,0.001,0.0089
168,seg2_coffee,coffee_break(?coffee_machine=coffee_machine_0),wait_at,1,stand,-39.7,-234.1,,deliver_item,,True,coffee_break,0.8111,0.0218,0.8111,0.1477,0.001,0.0049,0.0037,0.001,0.0089
169,seg2_coffee,coffee_break(?coffee_machine=coffee_machine_0),wait_at,1,stand,-39.7,-234.1,,deliver_item,,True,coffee_break,0.8111,0.0218,0.8111,0.1477,0.001,0.0049,0.0037,0.001,0.0089
170,seg2_coffee,coffee_break(?coffee_machine=coffee_machine_0),wait_at,1,stand,-39.7,-234.1,,deliver_item,,True,coffee_break,0.8111,0.0218,0.8111,0.1477,0.001,0.0049,0.0037,0.001,0.0089
171,seg2_coffee,coffee_break(?coffee_machine=coffee_machine_0),wait_at,1,stand,-39.7,-234.1,,deliver_item,,True,coffee_break,0.8111,0.0218,0.8111,0.1477,0.001,0.0049,0.0037,0.001,0.0089
172,seg2_coffee,coffee_break(?coffee_machine=coffee_machine_0),wait_at,1,stand,-39.7,-234.1,,deliver_item,,True,coffee_break,0.8111,0.0218,0.8111,0.1477,0.001,0.0049,0.0037,0.001,0.0089
173,seg2_coffee,coffee_break(?coffee_machine=coffee_machine_0),wait_at,1,stand,-39.7,-234.1,,deliver_item,,True,coffee_break,0.8111,0.0218,0.8111,0.1477,0.001,0.0049,0.0037,0.001,0.0089
174,seg2_coffee,coffee_break(?coffee_machine=coffee_machine_0),wait_at,1,stand,-39.7,-234.1,,deliver_item,,True,coffee_break,0.8111,0.0218,0.8111,0.1477,0.001,0.0049,0.0037,0.001,0.0089
175,seg2_coffee,coffee_break(?coffee_machine=coffee_machine_0),wait_at,1,stand,-39.7,-234.1,,deliver_item,,True,coffee_break,0.8111,0.0218,0.8111,0.1477,0.001,0.0049,0.0037,0.001,0.0089
176,seg2_coffee,coffee_break(?coffee_machine=coffee_machine_0),wait_at,1,stand,-39.7,-234.1,,deliver_item,,True,coffee_break,0.8111,0.0218,0.8111,0.1477,0.001,0.0049,0.0037,0.001,0.0089
177,seg2_coffee,coffee_break(?coffee_machine=coffee_machine_0),wait_at,1,stand,-39.7,-234.1,,deliver_item,,True,coffee_break,0.8111,0.0218,0.8111,0.1477,0.001,0.0049,0.0037,0.001,0.0089
178,seg2_coffee,coffee_break(?coffee_machine=coffee_machine_0),wait_at,1,stand,-39.7,-234.1,,deliver_item,,True,coffee_break,0.8111,0.0218,0.8111,0.1477,0.001,0.0049,0.0037,0.001,0.0089
179,seg2_coffee,coffee_break(?coffee_machine=coffee_machine_0),wait_at,1,stand,-39.7,-234.1,,deliver_item,,True,coffee_break,0.8111,0.0218,0.8111,0.1477,0.001,0.0049,0.0037,0.001,0.0089
180,seg2_coffee,coffee_break(?coffee_machine=coffee_machine_0),wait_at,1,stand,-39.7,-234.1,,deliver_item,,True,coffee_break,0.8111,0.0218,0.8111,0.1477,0.001,0.0049,0.0037,0.001,0.0089
181,seg2_coffee,coffee_break(?coffee_machine=coffee_machine_0),wait_at,1,stand,-39.7,-234.1,,deliver_item,,True,coffee_break,0.8111,0.0218,0.8111,0.1477,0.001,0.0049,0.0037,0.001,0.0089
182,seg2_coffee,coffee_break(?coffee_machine=coffee_machine_0),wait_at,1,stand,-39.7,-234.1,,deliver_item,,True,coffee_break,0.8111,0.0218,0.8111,0.1477,0.001,0.0049,0.0037,0.001,0.0089
183,seg2_coffee,coffee_break(?coffee_machine=coffee_machine_0),wait_at,1,stand,-39.7,-234.1,,deliver_item,,True,coffee_break,0.8111,0.0218,0.8111,0.1477,0.001,0.0049,0.0037,0.001,0.0089
184,seg2_coffee,coffee_break(?coffee_machine=coffee_machine_0),wait_at,1,stand,-39.7,-234.1,,deliver_item,,True,coffee_break,0.8111,0.0218,0.8111,0.1477,0.001,0.0049,0.0037,0.001,0.0089
185,seg2_coffee,coffee_break(?coffee_machine=coffee_machine_0),wait_at,2,,-39.7,-234.1,,deliver_item,,True,coffee_break,0.8111,0.0218,0.8111,0.1477,0.001,0.0049,0.0037,0.001,0.0089
186,seg3a_toward_shelf_6,ac_activation(?ac_switch=wander_0),,2,,-39.7,-234.1,,deliver_item,,True,coffee_break,0.8111,0.0218,0.8111,0.1477,0.001,0.0049,0.0037,0.001,0.0089
187,seg3a_toward_shelf_6,ac_activation(?ac_switch=wander_0),move_to,0,step,-19.7,-232.9,,deliver_item,,True,coffee_break,0.7725,0.034,0.7725,0.1691,0.0011,0.0097,0.0075,0.0017,0.0045
188,seg3a_toward_shelf_6,ac_activation(?ac_switch=wander_0),move_to,0,step,0.3,-231.6,,deliver_item,,True,coffee_break,0.6122,0.0539,0.6122,0.268,0.0017,0.0307,0.0238,0.0026,0.0071
189,seg3a_toward_shelf_6,ac_activation(?ac_switch=wander_0),move_to,0,step,20.2,-230.4,,deliver_item,,True,coffee_break,0.6122,0.0539,0.6122,0.268,0.0017,0.0307,0.0238,0.0026,0.0071
190,seg3a_toward_shelf_6,ac_activation(?ac_switch=wander_0),move_to,0,step,40.2,-229.2,,deliver_item,,True,coffee_break,0.6122,0.0539,0.6122,0.268,0.0017,0.0307,0.0238,0.0026,0.0071
191,seg3a_toward_shelf_6,ac_activation(?ac_switch=wander_0),move_to,0,step,60.1,-228.0,,deliver_item,,True,coffee_break,0.6122,0.0539,0.6122,0.268,0.0017,0.0307,0.0238,0.0026,0.0071
192,seg3a_toward_shelf_6,ac_activation(?ac_switch=wander_0),move_to,0,step,80.1,-226.8,,deliver_item,,True,coffee_break,0.6122,0.0539,0.6122,0.268,0.0017,0.0307,0.0238,0.0026,0.0071
193,seg3a_toward_shelf_6,ac_activation(?ac_switch=wander_0),move_to,0,step,100.1,-225.6,,deliver_item,,True,coffee_break,0.6122,0.0539,0.6122,0.268,0.0017,0.0307,0.0238,0.0026,0.0071
194,seg3a_toward_shelf_6,ac_activation(?ac_switch=wander_0),move_to,0,step,120.0,-224.4,,deliver_item,item_7,True,coffee_break,0.6122,0.0539,0.6122,0.268,0.0017,0.0307,0.0238,0.0026,0.0071
195,seg3a_toward_shelf_6,ac_activation(?ac_switch=wander_0),move_to,0,step,140.0,-223.1,,deliver_item,item_7,True,coffee_break,0.6122,0.0539,0.6122,0.268,0.0017,0.0307,0.0238,0.0026,0.0071
196,seg3a_toward_shelf_6,ac_activation(?ac_switch=wander_0),move_to,0,step,160.0,-221.9,,deliver_item,item_7,True,coffee_break,0.6122,0.0539,0.6122,0.268,0.0017,0.0307,0.0238,0.0026,0.0071
197,seg3a_toward_shelf_6,ac_activation(?ac_switch=wander_0),move_to,0,step,179.9,-220.7,,deliver_item,item_7,True,coffee_break,0.6122,0.0539,0.6122,0.268,0.0017,0.0307,0.0238,0.0026,0.0071
198,seg3a_toward_shelf_6,ac_activation(?ac_switch=wander_0),move_to,0,step,199.9,-219.5,,deliver_item,item_7,True,coffee_break,0.6122,0.0539,0.6122,0.268,0.0017,0.0307,0.0238,0.0026,0.0071
199,seg3a_toward_shelf_6,ac_activation(?ac_switch=wander_0),move_to,0,step,219.9,-218.3,,deliver_item,item_7,True,coffee_break,0.6122,0.0539,0.6122,0.268,0.0017,0.0307,0.0238,0.0026,0.0071
200,seg3a_toward_shelf_6,ac_activation(?ac_switch=wander_0),move_to,0,step,239.8,-217.1,,deliver_item,item_7,True,coffee_break,0.6122,0.0539,0.6122,0.268,0.0017,0.0307,0.0238,0.0026,0.0071
201,seg3a_toward_shelf_6,ac_activation(?ac_switch=wander_0),move_to,0,step,259.8,-215.9,,deliver_item,item_7,True,coffee_break,0.6122,0.0539,0.6122,0.268,0.0017,0.0307,0.0238,0.0026,0.0071
202,seg3a_toward_shelf_6,ac_activation(?ac_switch=wander_0),move_to,0,step,279.7,-214.6,,deliver_item,item_7,True,coffee_break,0.6122,0.0539,0.6122,0.268,0.0017,0.0307,0.0238,0.0026,0.0071
203,seg3a_toward_shelf_6,ac_activation(?ac_switch=wander_0),move_to,0,step,299.7,-213.4,,deliver_item,item_7,True,coffee_break,0.6122,0.0539,0.6122,0.268,0.0017,0.0307,0.0238,0.0026,0.0071
204,seg3a_toward_shelf_6,ac_activation(?ac_switch=wander_0),move_to,0,step,319.7,-212.2,,deliver_item,item_7,True,coffee_break,0.6122,0.0539,0.6122,0.268,0.0017,0.0307,0.0238,0.0026,0.0071
205,seg3a_toward_shelf_6,ac_activation(?ac_switch=wander_0),move_to,0,step,339.6,-211.0,,deliver_item,item_7,True,coffee_break,0.6122,0.0539,0.6122,0.268,0.0017,0.0307,0.0238,0.0025,0.0071
206,seg3a_toward_shelf_6,ac_activation(?ac_switch=wander_0),move_to,1,,339.6,-211.0,,deliver_item,item_7,True,coffee_break,0.6122,0.0539,0.6122,0.268,0.0017,0.0307,0.0238,0.0025,0.0071
207,seg3a_toward_shelf_6,ac_activation(?ac_switch=wander_0),wait_at,1,stand,339.6,-211.0,,deliver_item,item_7,True,coffee_break,0.6122,0.0539,0.6122,0.268,0.0017,0.0307,0.0238,0.0025,0.0071
208,seg3a_toward_shelf_6,ac_activation(?ac_switch=wander_0),wait_at,2,,339.6,-211.0,,deliver_item,item_7,True,coffee_break,0.6122,0.0539,0.6122,0.268,0.0017,0.0307,0.0238,0.0025,0.0071
209,seg3b_turn_away,ac_activation(?ac_switch=wander_1),,2,,339.6,-211.0,,deliver_item,item_7,True,coffee_break,0.6122,0.0539,0.6122,0.268,0.0017,0.0307,0.0238,0.0025,0.0071
210,seg3b_turn_away,ac_activation(?ac_switch=wander_1),move_to,0,step,333.5,-230.0,,deliver_item,item_7,True,coffee_break,0.8604,0.0041,0.8604,0.0842,0.001,0.0308,0.0149,0.001,0.0035
211,seg3b_turn_away,ac_activation(?ac_switch=wander_1),move_to,0,step,327.3,-249.1,,deliver_item,item_7,True,coffee_break,0.8604,0.0041,0.8604,0.0842,0.001,0.0308,0.0149,0.001,0.0035
212,seg3b_turn_away,ac_activation(?ac_switch=wander_1),move_to,0,step,321.2,-268.1,,deliver_item,item_7,True,coffee_break,0.8604,0.0041,0.8604,0.0842,0.001,0.0308,0.0149,0.001,0.0035
213,seg3b_turn_away,ac_activation(?ac_switch=wander_1),move_to,0,step,315.0,-287.1,,deliver_item,item_7,True,coffee_break,0.8604,0.0041,0.8604,0.0842,0.001,0.0308,0.0149,0.001,0.0035
214,seg3b_turn_away,ac_activation(?ac_switch=wander_1),move_to,0,step,308.9,-306.1,,deliver_item,item_7,True,coffee_break,0.8604,0.0041,0.8604,0.0842,0.001,0.0308,0.0149,0.001,0.0035
215,seg3b_turn_away,ac_activation(?ac_switch=wander_1),move_to,0,step,302.7,-325.2,,deliver_item,item_7,True,coffee_break,0.8604,0.0041,0.8604,0.0842,0.001,0.0308,0.0149,0.001,0.0035
216,seg3b_turn_away,ac_activation(?ac_switch=wander_1),move_to,0,step,296.6,-344.2,,deliver_item,item_7,True,coffee_break,0.8604,0.0041,0.8604,0.0842,0.001,0.0308,0.0149,0.001,0.0035
217,seg3b_turn_away,ac_activation(?ac_switch=wander_1),move_to,0,step,290.4,-363.2,,deliver_item,item_7,True,coffee_break,0.8604,0.0041,0.8604,0.0842,0.001,0.0308,0.0149,0.001,0.0035
218,seg3b_turn_away,ac_activation(?ac_switch=wander_1),move_to,0,step,284.2,-382.3,,deliver_item,item_7,True,coffee_break,0.8604,0.0041,0.8604,0.0842,0.001,0.0308,0.0149,0.001,0.0035
219,seg3b_turn_away,ac_activation(?ac_switch=wander_1),move_to,0,step,278.1,-401.3,,deliver_item,item_7,True,coffee_break,0.8604,0.0041,0.8604,0.0842,0.001,0.0308,0.0149,0.001,0.0035
220,seg3b_turn_away,ac_activation(?ac_switch=wander_1),move_to,0,step,271.9,-420.3,,deliver_item,item_7,True,coffee_break,0.8604,0.0041,0.8604,0.0842,0.001,0.0308,0.0149,0.001,0.0035
221,seg3b_turn_away,ac_activation(?ac_switch=wander_1),move_to,0,step,265.8,-439.4,,deliver_item,item_7,True,coffee_break,0.8604,0.0041,0.8604,0.0842,0.001,0.0308,0.0149,0.001,0.0035
222,seg3b_turn_away,ac_activation(?ac_switch=wander_1),move_to,0,step,259.6,-458.4,,deliver_item,item_7,True,coffee_break,0.8604,0.0041,0.8604,0.0842,0.001,0.0308,0.0149,0.001,0.0035
223,seg3b_turn_away,ac_activation(?ac_switch=wander_1),move_to,0,step,253.5,-477.4,,deliver_item,item_7,True,coffee_break,0.8604,0.0041,0.8604,0.0842,0.001,0.0308,0.0149,0.001,0.0035
224,seg3b_turn_away,ac_activation(?ac_switch=wander_1),move_to,0,step,247.3,-496.4,,deliver_item,item_7,True,coffee_break,0.8604,0.0041,0.8604,0.0842,0.001,0.0308,0.0149,0.001,0.0035
225,seg3b_turn_away,ac_activation(?ac_switch=wander_1),move_to,0,step,241.2,-515.5,,deliver_item,item_7,True,coffee_break,0.8604,0.0041,0.8604,0.0842,0.001,0.0308,0.0149,0.001,0.0035
226,seg3b_turn_away,ac_activation(?ac_switch=wander_1),move_to,0,step,235.0,-534.5,,deliver_item,item_7,True,coffee_break,0.8604,0.0041,0.8604,0.0842,0.001,0.0308,0.0149,0.001,0.0035
227,seg3b_turn_away,ac_activation(?ac_switch=wander_1),move_to,1,,235.0,-534.5,,deliver_item,item_7,True,coffee_break,0.8604,0.0041,0.8604,0.0842,0.001,0.0308,0.0149,0.001,0.0035
228,seg3b_turn_away,ac_activation(?ac_switch=wander_1),wait_at,1,stand,235.0,-534.5,,deliver_item,item_7,True,coffee_break,0.8604,0.0041,0.8604,0.0842,0.001,0.0308,0.0149,0.001,0.0035
229,seg3b_turn_away,ac_activation(?ac_switch=wander_1),wait_at,2,,235.0,-534.5,,deliver_item,item_7,True,coffee_break,0.8604,0.0041,0.8604,0.0842,0.001,0.0308,0.0149,0.001,0.0035
230,seg4_deliver_item_6,"deliver_item(?item=item_6,?kitting_table=kitting_table_0)",,2,,235.0,-534.5,,deliver_item,item_7,True,coffee_break,0.8604,0.0041,0.8604,0.0842,0.001,0.0308,0.0149,0.001,0.0035
231,seg4_deliver_item_6,"deliver_item(?item=item_6,?kitting_table=kitting_table_0)",move_to,0,step,252.6,-525.0,,deliver_item,item_7,True,coffee_break,0.7575,0.0076,0.7575,0.1254,0.0015,0.0697,0.0346,0.0017,0.002
232,seg4_deliver_item_6,"deliver_item(?item=item_6,?kitting_table=kitting_table_0)",move_to,0,step,270.2,-515.6,,deliver_item,item_7,True,coffee_break,0.7575,0.0076,0.7575,0.1254,0.0015,0.0697,0.0346,0.0016,0.002
233,seg4_deliver_item_6,"deliver_item(?item=item_6,?kitting_table=kitting_table_0)",move_to,0,step,287.9,-506.1,,deliver_item,item_7,True,coffee_break,0.7575,0.0076,0.7575,0.1254,0.0015,0.0697,0.0346,0.0016,0.002
234,seg4_deliver_item_6,"deliver_item(?item=item_6,?kitting_table=kitting_table_0)",move_to,0,step,305.5,-496.6,,deliver_item,item_7,True,coffee_break,0.7576,0.0076,0.7576,0.1254,0.0015,0.0697,0.0346,0.0016,0.002
235,seg4_deliver_item_6,"deliver_item(?item=item_6,?kitting_table=kitting_table_0)",move_to,0,step,323.1,-487.1,,deliver_item,item_7,True,coffee_break,0.7576,0.0076,0.7576,0.1254,0.0015,0.0697,0.0346,0.0016,0.002
236,seg4_deliver_item_6,"deliver_item(?item=item_6,?kitting_table=kitting_table_0)",move_to,0,step,340.7,-477.7,,deliver_item,item_7,True,coffee_break,0.7576,0.0076,0.7576,0.1254,0.0015,0.0697,0.0346,0.0016,0.002
237,seg4_deliver_item_6,"deliver_item(?item=item_6,?kitting_table=kitting_table_0)",move_to,0,step,358.3,-468.2,,deliver_item,item_7,True,coffee_break,0.7576,0.0076,0.7576,0.1254,0.0015,0.0697,0.0346,0.0015,0.002
238,seg4_deliver_item_6,"deliver_item(?item=item_6,?kitting_table=kitting_table_0)",move_to,0,step,375.9,-458.7,,deliver_item,item_7,True,coffee_break,0.7576,0.0076,0.7576,0.1254,0.0015,0.0697,0.0346,0.0015,0.002
239,seg4_deliver_item_6,"deliver_item(?item=item_6,?kitting_table=kitting_table_0)",move_to,0,step,393.5,-449.2,,deliver_item,item_7,True,coffee_break,0.7576,0.0076,0.7576,0.1254,0.0015,0.0697,0.0346,0.0015,0.002
240,seg4_deliver_item_6,"deliver_item(?item=item_6,?kitting_table=kitting_table_0)",move_to,0,step,411.2,-439.8,,deliver_item,item_7,True,coffee_break,0.7576,0.0076,0.7576,0.1254,0.0015,0.0697,0.0346,0.0015,0.002
241,seg4_deliver_item_6,"deliver_item(?item=item_6,?kitting_table=kitting_table_0)",move_to,0,step,428.8,-430.3,,deliver_item,item_7,True,coffee_break,0.7577,0.0076,0.7577,0.1254,0.0015,0.0697,0.0346,0.0015,0.002
242,seg4_deliver_item_6,"deliver_item(?item=item_6,?kitting_table=kitting_table_0)",move_to,0,step,446.4,-420.8,,deliver_item,,True,coffee_break,0.7577,0.0076,0.7577,0.1254,0.0015,0.0697,0.0346,0.0015,0.002
243,seg4_deliver_item_6,"deliver_item(?item=item_6,?kitting_table=kitting_table_0)",move_to,0,step,464.0,-411.4,,deliver_item,,True,coffee_break,0.7577,0.0076,0.7577,0.1254,0.0015,0.0697,0.0346,0.0015,0.002
244,seg4_deliver_item_6,"deliver_item(?item=item_6,?kitting_table=kitting_table_0)",move_to,0,step,481.6,-401.9,,,,True,coffee_break,0.7577,0.0076,0.7577,0.1254,0.0015,0.0697,0.0346,0.0015,0.002
245,seg4_deliver_item_6,"deliver_item(?item=item_6,?kitting_table=kitting_table_0)",move_to,0,step,499.2,-392.4,,deliver_item,,True,coffee_break,0.7577,0.0076,0.7577,0.1254,0.0015,0.0697,0.0346,0.0015,0.002
246,seg4_deliver_item_6,"deliver_item(?item=item_6,?kitting_table=kitting_table_0)",move_to,0,step,516.8,-382.9,,deliver_item,,True,coffee_break,0.7577,0.0076,0.7577,0.1254,0.0015,0.0697,0.0346,0.0015,0.002
247,seg4_deliver_item_6,"deliver_item(?item=item_6,?kitting_table=kitting_table_0)",move_to,0,step,534.5,-373.5,,deliver_item,,True,coffee_break,0.7577,0.0076,0.7577,0.1254,0.0015,0.0697,0.0346,0.0015,0.002
248,seg4_deliver_item_6,"deliver_item(?item=item_6,?kitting_table=kitting_table_0)",move_to,0,step,552.1,-364.0,,deliver_item,,True,coffee_break,0.7577,0.0076,0.7577,0.1254,0.0015,0.0697,0.0346,0.0015,0.002
249,seg4_deliver_item_6,"deliver_item(?item=item_6,?kitting_table=kitting_table_0)",move_to,0,step,569.7,-354.5,,deliver_item,,True,coffee_break,0.7577,0.0076,0.7577,0.1254,0.0015,0.0697,0.0346,0.0015,0.002
250,seg4_deliver_item_6,"deliver_item(?item=item_6,?kitting_table=kitting_table_0)",move_to,0,step,587.3,-345.0,,deliver_item,,True,coffee_break,0.7577,0.0076,0.7577,0.1254,0.0015,0.0697,0.0346,0.0015,0.002
251,seg4_deliver_item_6,"deliver_item(?item=item_6,?kitting_table=kitting_table_0)",move_to,0,step,604.9,-335.6,,deliver_item,,True,coffee_break,0.7577,0.0076,0.7577,0.1254,0.0015,0.0697,0.0346,0.0015,0.002
252,seg4_deliver_item_6,"deliver_item(?item=item_6,?kitting_table=kitting_table_0)",move_to,0,step,622.5,-326.1,,deliver_item,,True,coffee_break,0.7577,0.0076,0.7577,0.1254,0.0015,0.0697,0.0346,0.0015,0.002
253,seg4_deliver_item_6,"deliver_item(?item=item_6,?kitting_table=kitting_table_0)",move_to,0,step,640.1,-316.6,,deliver_item,,True,coffee_break,0.7577,0.0076,0.7577,0.1254,0.0015,0.0697,0.0346,0.0015,0.002
254,seg4_deliver_item_6,"deliver_item(?item=item_6,?kitting_table=kitting_table_0)",move_to,0,step,657.8,-307.2,,deliver_item,,True,coffee_break,0.7577,0.0076,0.7577,0.1254,0.0015,0.0697,0.0346,0.0015,0.002
255,seg4_deliver_item_6,"deliver_item(?item=item_6,?kitting_table=kitting_table_0)",move_to,0,step,675.4,-297.7,,deliver_item,,True,coffee_break,0.7577,0.0076,0.7577,0.1254,0.0015,0.0697,0.0346,0.0015,0.002
256,seg4_deliver_item_6,"deliver_item(?item=item_6,?kitting_table=kitting_table_0)",move_to,0,step,693.0,-288.2,,deliver_item,,True,coffee_break,0.7577,0.0076,0.7577,0.1254,0.0015,0.0697,0.0346,0.0015,0.002
257,seg4_deliver_item_6,"deliver_item(?item=item_6,?kitting_table=kitting_table_0)",move_to,0,step,710.6,-278.7,,deliver_item,,True,coffee_break,0.7577,0.0076,0.7577,0.1254,0.0015,0.0697,0.0346,0.0015,0.002
258,seg4_deliver_item_6,"deliver_item(?item=item_6,?kitting_table=kitting_table_0)",move_to,0,step,728.2,-269.3,,deliver_item,,True,coffee_break,0.7577,0.0076,0.7577,0.1254,0.0015,0.0697,0.0346,0.0015,0.002
259,seg4_deliver_item_6,"deliver_item(?item=item_6,?kitting_table=kitting_table_0)",move_to,0,step,745.8,-259.8,,deliver_item,,True,coffee_break,0.7577,0.0076,0.7577,0.1254,0.0015,0.0697,0.0346,0.0015,0.002
260,seg4_deliver_item_6,"deliver_item(?item=item_6,?kitting_table=kitting_table_0)",move_to,0,step,763.4,-250.3,,deliver_item,,True,coffee_break,0.7577,0.0076,0.7577,0.1254,0.0015,0.0697,0.0346,0.0015,0.002
261,seg4_deliver_item_6,"deliver_item(?item=item_6,?kitting_table=kitting_table_0)",move_to,0,step,781.1,-240.8,,deliver_item,,True,coffee_break,0.7577,0.0076,0.7577,0.1254,0.0015,0.0697,0.0346,0.0015,0.002
262,seg4_deliver_item_6,"deliver_item(?item=item_6,?kitting_table=kitting_table_0)",move_to,0,step,798.7,-231.4,,deliver_item,,True,coffee_break,0.7577,0.0076,0.7577,0.1254,0.0015,0.0697,0.0346,0.0015,0.002
263,seg4_deliver_item_6,"deliver_item(?item=item_6,?kitting_table=kitting_table_0)",move_to,0,step,816.3,-221.9,,deliver_item,,True,coffee_break,0.7577,0.0076,0.7577,0.1254,0.0015,0.0697,0.0346,0.0015,0.002
264,seg4_deliver_item_6,"deliver_item(?item=item_6,?kitting_table=kitting_table_0)",move_to,0,step,833.9,-212.4,,deliver_item,,True,coffee_break,0.7577,0.0076,0.7577,0.1254,0.0015,0.0697,0.0346,0.0015,0.002
265,seg4_deliver_item_6,"deliver_item(?item=item_6,?kitting_table=kitting_table_0)",move_to,0,step,851.5,-203.0,,deliver_item,,True,coffee_break,0.7577,0.0076,0.7577,0.1254,0.0015,0.0697,0.0346,0.0015,0.002
266,seg4_deliver_item_6,"deliver_item(?item=item_6,?kitting_table=kitting_table_0)",move_to,0,step,869.1,-193.5,,deliver_item,,True,coffee_break,0.7577,0.0076,0.7577,0.1254,0.0015,0.0697,0.0346,0.0015,0.002
267,seg4_deliver_item_6,"deliver_item(?item=item_6,?kitting_table=kitting_table_0)",move_to,0,step,886.7,-184.0,,deliver_item,,True,coffee_break,0.7577,0.0076,0.7577,0.1254,0.0015,0.0697,0.0346,0.0015,0.002
268,seg4_deliver_item_6,"deliver_item(?item=item_6,?kitting_table=kitting_table_0)",move_to,0,step,904.4,-174.5,,deliver_item,,True,coffee_break,0.7577,0.0076,0.7577,0.1254,0.0015,0.0697,0.0346,0.0015,0.002
269,seg4_deliver_item_6,"deliver_item(?item=item_6,?kitting_table=kitting_table_0)",move_to,0,step,922.0,-165.1,,deliver_item,,True,coffee_break,0.7577,0.0076,0.7577,0.1254,0.0015,0.0697,0.0346,0.0015,0.002
270,seg4_deliver_item_6,"deliver_item(?item=item_6,?kitting_table=kitting_table_0)",move_to,0,step,939.6,-155.6,,deliver_item,,True,coffee_break,0.7577,0.0076,0.7577,0.1254,0.0015,0.0697,0.0346,0.0015,0.002
271,seg4_deliver_item_6,"deliver_item(?item=item_6,?kitting_table=kitting_table_0)",move_to,1,,939.6,-155.6,,deliver_item,,True,coffee_break,0.7577,0.0076,0.7577,0.1254,0.0015,0.0697,0.0346,0.0015,0.002
272,seg4_deliver_item_6,"deliver_item(?item=item_6,?kitting_table=kitting_table_0)",pick_up,1,grasp,939.6,-155.6,item_6,deliver_item,,True,coffee_break,0.9618,0.0097,0.9618,0.001,0.001,0.001,0.022,0.001,0.0026
273,seg4_deliver_item_6,"deliver_item(?item=item_6,?kitting_table=kitting_table_0)",pick_up,2,,939.6,-155.6,item_6,deliver_item,,True,coffee_break,0.9618,0.0097,0.9618,0.001,0.001,0.001,0.022,0.001,0.0026
274,seg4_deliver_item_6,"deliver_item(?item=item_6,?kitting_table=kitting_table_0)",move_to,2,step,923.2,-144.2,item_6,deliver_item,,True,coffee_break,0.9595,0.0107,0.9595,0.001,0.001,0.001,0.0248,0.001,0.0011
275,seg4_deliver_item_6,"deliver_item(?item=item_6,?kitting_table=kitting_table_0)",move_to,2,step,906.8,-132.7,item_6,deliver_item,,True,coffee_break,0.9595,0.0107,0.9595,0.001,0.001,0.001,0.0248,0.001,0.0011
276,seg4_deliver_item_6,"deliver_item(?item=item_6,?kitting_table=kitting_table_0)",move_to,2,step,890.4,-121.3,item_6,deliver_item,,True,coffee_break,0.9595,0.0107,0.9595,0.001,0.001,0.001,0.0248,0.001,0.0011
277,seg4_deliver_item_6,"deliver_item(?item=item_6,?kitting_table=kitting_table_0)",move_to,2,step,874.0,-109.8,item_6,deliver_item,,True,coffee_break,0.9595,0.0107,0.9595,0.001,0.001,0.001,0.0248,0.001,0.0011
278,seg4_deliver_item_6,"deliver_item(?item=item_6,?kitting_table=kitting_table_0)",move_to,2,step,857.6,-98.4,item_6,deliver_item,,True,coffee_break,0.9595,0.0107,0.9595,0.001,0.001,0.001,0.0248,0.001,0.0011
279,seg4_deliver_item_6,"deliver_item(?item=item_6,?kitting_table=kitting_table_0)",move_to,2,step,841.2,-86.9,item_6,deliver_item,,True,coffee_break,0.9595,0.0107,0.9595,0.001,0.001,0.001,0.0248,0.001,0.0011
280,seg4_deliver_item_6,"deliver_item(?item=item_6,?kitting_table=kitting_table_0)",move_to,2,step,824.8,-75.5,item_6,deliver_item,,True,coffee_break,0.9595,0.0107,0.9595,0.001,0.001,0.001,0.0248,0.001,0.0011
281,seg4_deliver_item_6,"deliver_item(?item=item_6,?kitting_table=kitting_table_0)",move_to,2,step,808.4,-64.0,item_6,deliver_item,,True,coffee_break,0.9595,0.0107,0.9595,0.001,0.001,0.001,0.0248,0.001,0.0011
282,seg4_deliver_item_6,"deliver_item(?item=item_6,?kitting_table=kitting_table_0)",move_to,2,step,792.0,-52.6,item_6,deliver_item,,True,coffee_break,0.9595,0.0107,0.9595,0.001,0.001,0.001,0.0248,0.001,0.0011
283,seg4_deliver_item_6,"deliver_item(?item=item_6,?kitting_table=kitting_table_0)",move_to,2,step,775.6,-41.2,item_6,deliver_item,,True,coffee_break,0.9595,0.0107,0.9595,0.001,0.001,0.001,0.0248,0.001,0.0011
284,seg4_deliver_item_6,"deliver_item(?item=item_6,?kitting_table=kitting_table_0)",move_to,2,step,759.2,-29.7,item_6,deliver_item,,True,coffee_break,0.9595,0.0107,0.9595,0.001,0.001,0.001,0.0248,0.001,0.0011
285,seg4_deliver_item_6,"deliver_item(?item=item_6,?kitting_table=kitting_table_0)",move_to,2,step,742.8,-18.3,item_6,deliver_item,,True,coffee_break,0.9595,0.0107,0.9595,0.001,0.001,0.001,0.0248,0.001,0.0011
286,seg4_deliver_item_6,"deliver_item(?item=item_6,?kitting_table=kitting_table_0)",move_to,2,step,726.4,-6.8,item_6,deliver_item,,True,coffee_break,0.9595,0.0107,0.9595,0.001,0.001,0.001,0.0248,0.001,0.0011
287,seg4_deliver_item_6,"deliver_item(?item=item_6,?kitting_table=kitting_table_0)",move_to,2,step,710.0,4.6,item_6,deliver_item,,True,coffee_break,0.9493,0.0211,0.9493,0.001,0.001,0.001,0.0245,0.001,0.0011
288,seg4_deliver_item_6,"deliver_item(?item=item_6,?kitting_table=kitting_table_0)",move_to,2,step,693.6,16.1,item_6,deliver_item,,True,coffee_break,0.9493,0.0211,0.9493,0.001,0.001,0.001,0.0245,0.001,0.0011
289,seg4_deliver_item_6,"deliver_item(?item=item_6,?kitting_table=kitting_table_0)",move_to,2,step,677.2,27.5,item_6,deliver_item,,True,coffee_break,0.9493,0.0211,0.9493,0.001,0.001,0.001,0.0245,0.001,0.0011
290,seg4_deliver_item_6,"deliver_item(?item=item_6,?kitting_table=kitting_table_0)",move_to,2,step,660.8,39.0,item_6,deliver_item,,True,coffee_break,0.9493,0.0211,0.9493,0.001,0.001,0.001,0.0245,0.001,0.0011
291,seg4_deliver_item_6,"deliver_item(?item=item_6,?kitting_table=kitting_table_0)",move_to,2,step,644.4,50.4,item_6,deliver_item,,True,coffee_break,0.9493,0.0211,0.9493,0.001,0.001,0.001,0.0245,0.001,0.0011
292,seg4_deliver_item_6,"deliver_item(?item=item_6,?kitting_table=kitting_table_0)",move_to,2,step,628.0,61.8,item_6,deliver_item,,True,coffee_break,0.9493,0.0211,0.9493,0.001,0.001,0.001,0.0245,0.001,0.0011
293,seg4_deliver_item_6,"deliver_item(?item=item_6,?kitting_table=kitting_table_0)",move_to,2,step,611.6,73.3,item_6,deliver_item,,True,coffee_break,0.9493,0.0211,0.9493,0.001,0.001,0.001,0.0245,0.001,0.0011
294,seg4_deliver_item_6,"deliver_item(?item=item_6,?kitting_table=kitting_table_0)",move_to,2,step,595.2,84.7,item_6,deliver_item,,True,coffee_break,0.9493,0.0211,0.9493,0.001,0.001,0.001,0.0245,0.001,0.0011
295,seg4_deliver_item_6,"deliver_item(?item=item_6,?kitting_table=kitting_table_0)",move_to,2,step,578.7,96.2,item_6,deliver_item,,True,coffee_break,0.9493,0.0211,0.9493,0.001,0.001,0.001,0.0245,0.001,0.0011
296,seg4_deliver_item_6,"deliver_item(?item=item_6,?kitting_table=kitting_table_0)",move_to,2,step,562.3,107.6,item_6,deliver_item,,True,coffee_break,0.9493,0.0211,0.9493,0.001,0.001,0.001,0.0245,0.001,0.0011
297,seg4_deliver_item_6,"deliver_item(?item=item_6,?kitting_table=kitting_table_0)",move_to,2,step,545.9,119.1,item_6,deliver_item,,True,coffee_break,0.9493,0.0211,0.9493,0.001,0.001,0.001,0.0245,0.001,0.0011
298,seg4_deliver_item_6,"deliver_item(?item=item_6,?kitting_table=kitting_table_0)",move_to,2,step,529.5,130.5,item_6,deliver_item,,True,coffee_break,0.9493,0.0211,0.9493,0.001,0.001,0.001,0.0245,0.001,0.0011
299,seg4_deliver_item_6,"deliver_item(?item=item_6,?kitting_table=kitting_table_0)",move_to,2,step,513.1,142.0,item_6,deliver_item,,True,coffee_break,0.9493,0.0211,0.9493,0.001,0.001,0.001,0.0245,0.001,0.0011
300,seg4_deliver_item_6,"deliver_item(?item=item_6,?kitting_table=kitting_table_0)",move_to,2,step,496.7,153.4,item_6,deliver_item,,True,coffee_break,0.9493,0.0211,0.9493,0.001,0.001,0.001,0.0245,0.001,0.0011
301,seg4_deliver_item_6,"deliver_item(?item=item_6,?kitting_table=kitting_table_0)",move_to,2,step,480.3,164.8,item_6,deliver_item,,True,coffee_break,0.9493,0.0211,0.9493,0.001,0.001,0.001,0.0245,0.001,0.0011
302,seg4_deliver_item_6,"deliver_item(?item=item_6,?kitting_table=kitting_table_0)",move_to,2,step,463.9,176.3,item_6,deliver_item,,True,coffee_break,0.9493,0.0211,0.9493,0.001,0.001,0.001,0.0245,0.001,0.0011
303,seg4_deliver_item_6,"deliver_item(?item=item_6,?kitting_table=kitting_table_0)",move_to,2,step,447.5,187.7,item_6,deliver_item,,True,coffee_break,0.9493,0.0211,0.9493,0.001,0.001,0.001,0.0245,0.001,0.0011
304,seg4_deliver_item_6,"deliver_item(?item=item_6,?kitting_table=kitting_table_0)",move_to,2,step,431.1,199.2,item_6,deliver_item,,True,coffee_break,0.9493,0.0211,0.9493,0.001,0.001,0.001,0.0245,0.001,0.0011
305,seg4_deliver_item_6,"deliver_item(?item=item_6,?kitting_table=kitting_table_0)",move_to,2,step,414.7,210.6,item_6,deliver_item,,True,coffee_break,0.9493,0.0211,0.9493,0.001,0.001,0.001,0.0245,0.001,0.0011
306,seg4_deliver_item_6,"deliver_item(?item=item_6,?kitting_table=kitting_table_0)",move_to,2,step,398.3,222.1,item_6,deliver_item,,True,coffee_break,0.9493,0.0211,0.9493,0.001,0.001,0.001,0.0245,0.001,0.0011
307,seg4_deliver_item_6,"deliver_item(?item=item_6,?kitting_table=kitting_table_0)",move_to,2,step,381.9,233.5,item_6,deliver_item,,True,coffee_break,0.9493,0.0211,0.9493,0.001,0.001,0.001,0.0245,0.001,0.0011
308,seg4_deliver_item_6,"deliver_item(?item=item_6,?kitting_table=kitting_table_0)",move_to,2,step,365.5,245.0,item_6,deliver_item,,True,coffee_break,0.9493,0.0211,0.9493,0.001,0.001,0.001,0.0245,0.001,0.0011
309,seg4_deliver_item_6,"deliver_item(?item=item_6,?kitting_table=kitting_table_0)",move_to,2,step,349.1,256.4,item_6,deliver_item,,True,coffee_break,0.9493,0.0211,0.9493,0.001,0.001,0.001,0.0245,0.001,0.0011
310,seg4_deliver_item_6,"deliver_item(?item=item_6,?kitting_table=kitting_table_0)",move_to,2,step,332.7,267.8,item_6,deliver_item,item_5,True,coffee_break,0.9493,0.0211,0.9493,0.001,0.001,0.001,0.0245,0.001,0.0011
311,seg4_deliver_item_6,"deliver_item(?item=item_6,?kitting_table=kitting_table_0)",move_to,2,step,316.3,279.3,item_6,deliver_item,item_5,True,coffee_break,0.9493,0.0211,0.9493,0.001,0.001,0.001,0.0245,0.001,0.0011
312,seg4_deliver_item_6,"deliver_item(?item=item_6,?kitting_table=kitting_table_0)",move_to,2,step,299.9,290.7,item_6,deliver_item,item_5,True,coffee_break,0.9493,0.0211,0.9493,0.001,0.001,0.001,0.0245,0.001,0.0011
313,seg4_deliver_item_6,"deliver_item(?item=item_6,?kitting_table=kitting_table_0)",move_to,2,step,283.5,302.2,item_6,deliver_item,item_5,True,coffee_break,0.9493,0.0211,0.9493,0.001,0.001,0.001,0.0245,0.001,0.0011
314,seg4_deliver_item_6,"deliver_item(?item=item_6,?kitting_table=kitting_table_0)",move_to,2,step,267.1,313.6,item_6,deliver_item,item_5,True,coffee_break,0.9493,0.0211,0.9493,0.001,0.001,0.001,0.0245,0.001,0.0011
315,seg4_deliver_item_6,"deliver_item(?item=item_6,?kitting_table=kitting_table_0)",move_to,2,step,250.7,325.1,item_6,deliver_item,item_5,True,coffee_break,0.9493,0.0211,0.9493,0.001,0.001,0.001,0.0245,0.001,0.0011
316,seg4_deliver_item_6,"deliver_item(?item=item_6,?kitting_table=kitting_table_0)",move_to,2,step,234.3,336.5,item_6,deliver_item,item_5,True,coffee_break,0.9493,0.0211,0.9493,0.001,0.001,0.001,0.0245,0.001,0.0011
317,seg4_deliver_item_6,"deliver_item(?item=item_6,?kitting_table=kitting_table_0)",move_to,2,step,217.9,348.0,item_6,deliver_item,item_5,True,coffee_break,0.9493,0.0211,0.9493,0.001,0.001,0.001,0.0245,0.001,0.0011
318,seg4_deliver_item_6,"deliver_item(?item=item_6,?kitting_table=kitting_table_0)",move_to,2,step,201.5,359.4,item_6,deliver_item,item_5,True,coffee_break,0.9493,0.0211,0.9493,0.001,0.001,0.001,0.0245,0.001,0.0011
319,seg4_deliver_item_6,"deliver_item(?item=item_6,?kitting_table=kitting_table_0)",move_to,2,step,185.1,370.8,item_6,deliver_item,item_5,True,coffee_break,0.9493,0.0211,0.9493,0.001,0.001,0.001,0.0245,0.001,0.0011
320,seg4_deliver_item_6,"deliver_item(?item=item_6,?kitting_table=kitting_table_0)",move_to,2,step,168.7,382.3,item_6,deliver_item,item_5,True,coffee_break,0.9493,0.0211,0.9493,0.001,0.001,0.001,0.0245,0.001,0.0011
321,seg4_deliver_item_6,"deliver_item(?item=item_6,?kitting_table=kitting_table_0)",move_to,2,step,152.3,393.7,item_6,deliver_item,item_5,True,coffee_break,0.9493,0.0211,0.9493,0.001,0.001,0.001,0.0245,0.001,0.0011
322,seg4_deliver_item_6,"deliver_item(?item=item_6,?kitting_table=kitting_table_0)",move_to,2,step,135.9,405.2,item_6,deliver_item,item_5,True,coffee_break,0.9493,0.0211,0.9493,0.001,0.001,0.001,0.0245,0.001,0.0011
323,seg4_deliver_item_6,"deliver_item(?item=item_6,?kitting_table=kitting_table_0)",move_to,2,step,119.5,416.6,item_6,deliver_item,item_5,True,coffee_break,0.9493,0.0211,0.9493,0.001,0.001,0.001,0.0245,0.001,0.0011
324,seg4_deliver_item_6,"deliver_item(?item=item_6,?kitting_table=kitting_table_0)",move_to,2,step,103.1,428.1,item_6,deliver_item,item_5,True,coffee_break,0.9493,0.0211,0.9493,0.001,0.001,0.001,0.0245,0.001,0.0011
325,seg4_deliver_item_6,"deliver_item(?item=item_6,?kitting_table=kitting_table_0)",move_to,2,step,86.7,439.5,item_6,deliver_item,item_5,True,coffee_break,0.9493,0.0211,0.9493,0.001,0.001,0.001,0.0245,0.001,0.0011
326,seg4_deliver_item_6,"deliver_item(?item=item_6,?kitting_table=kitting_table_0)",move_to,2,step,70.3,451.0,item_6,deliver_item,item_5,True,coffee_break,0.9493,0.0211,0.9493,0.001,0.001,0.001,0.0245,0.001,0.0011
327,seg4_deliver_item_6,"deliver_item(?item=item_6,?kitting_table=kitting_table_0)",move_to,2,step,53.9,462.4,item_6,deliver_item,item_5,True,coffee_break,0.9493,0.0211,0.9493,0.001,0.001,0.001,0.0245,0.001,0.0011
328,seg4_deliver_item_6,"deliver_item(?item=item_6,?kitting_table=kitting_table_0)",move_to,2,step,37.5,473.8,item_6,deliver_item,item_5,True,coffee_break,0.9493,0.0211,0.9493,0.001,0.001,0.001,0.0245,0.001,0.0011
329,seg4_deliver_item_6,"deliver_item(?item=item_6,?kitting_table=kitting_table_0)",move_to,2,step,21.1,485.3,item_6,deliver_item,item_5,True,coffee_break,0.9493,0.0211,0.9493,0.001,0.001,0.001,0.0245,0.001,0.0011
330,seg4_deliver_item_6,"deliver_item(?item=item_6,?kitting_table=kitting_table_0)",move_to,3,,21.1,485.3,item_6,deliver_item,item_5,True,coffee_break,0.9493,0.0211,0.9493,0.001,0.001,0.001,0.0245,0.001,0.0011
331,seg4_deliver_item_6,"deliver_item(?item=item_6,?kitting_table=kitting_table_0)",place,3,release,21.1,485.3,,deliver_item,item_5,True,coffee_break,0.8917,0.0198,0.8917,0.0489,0.001,0.0136,0.0231,0.001,0.001
332,seg4_deliver_item_6,"deliver_item(?item=item_6,?kitting_table=kitting_table_0)",place,4,,21.1,485.3,,deliver_item,item_5,True,coffee_break,0.8917,0.0198,0.8917,0.0489,0.001,0.0136,0.0231,0.001,0.001
333,done,,,4,,21.1,485.3,,deliver_item,item_5,True,coffee_break,0.8917,0.0198,0.8917,0.0489,0.001,0.0136,0.0231,0.001,0.001
334,done,,,4,,21.1,485.3,,deliver_item,item_5,True,coffee_break,0.8917,0.0198,0.8917,0.0489,0.001,0.0136,0.0231,0.001,0.001
335,done,,,4,,21.1,485.3,,deliver_item,item_5,True,coffee_break,0.8917,0.0198,0.8917,0.0489,0.001,0.0136,0.0231,0.001,0.001
336,done,,,4,,21.1,485.3,,deliver_item,item_5,True,coffee_break,0.8917,0.0198,0.8917,0.0489,0.001,0.0136,0.0231,0.001,0.001
337,done,,,4,,21.1,485.3,,deliver_item,item_5,True,coffee_break,0.8917,0.0198,0.8917,0.0489,0.001,0.0136,0.0231,0.001,0.001
338,done,,,4,,21.1,485.3,,deliver_item,item_5,True,coffee_break,0.8917,0.0198,0.8917,0.0489,0.001,0.0136,0.0231,0.001,0.001
339,done,,,4,,21.1,485.3,,deliver_item,item_5,True,coffee_break,0.8917,0.0198,0.8917,0.0489,0.001,0.0136,0.0231,0.001,0.001
340,done,,,4,,21.1,485.3,,deliver_item,item_5,True,coffee_break,0.8797,0.0196,0.8797,0.0482,0.001,0.0268,0.0227,0.001,0.001
341,done,,,4,,21.1,485.3,,deliver_item,item_5,True,coffee_break,0.8797,0.0196,0.8797,0.0482,0.001,0.0268,0.0227,0.001,0.001
342,done,,,4,,21.1,485.3,,deliver_item,item_5,True,coffee_break,0.8797,0.0196,0.8797,0.0482,0.001,0.0268,0.0227,0.001,0.001
343,done,,,4,,21.1,485.3,,deliver_item,item_5,True,coffee_break,0.8797,0.0196,0.8797,0.0482,0.001,0.0268,0.0227,0.001,0.001
344,done,,,4,,21.1,485.3,,deliver_item,item_5,True,coffee_break,0.8797,0.0196,0.8797,0.0482,0.001,0.0268,0.0227,0.001,0.001
345,done,,,4,,21.1,485.3,,deliver_item,item_5,True,coffee_break,0.8797,0.0196,0.8797,0.0482,0.001,0.0268,0.0227,0.001,0.001
346,done,,,4,,21.1,485.3,,deliver_item,item_5,True,coffee_break,0.8797,0.0196,0.8797,0.0482,0.001,0.0268,0.0227,0.001,0.001
347,done,,,4,,21.1,485.3,,deliver_item,item_5,True,coffee_break,0.8797,0.0196,0.8797,0.0482,0.001,0.0268,0.0227,0.001,0.001
348,done,,,4,,21.1,485.3,,deliver_item,item_5,True,coffee_break,0.8797,0.0196,0.8797,0.0482,0.001,0.0268,0.0227,0.001,0.001
349,done,,,4,,21.1,485.3,,deliver_item,item_5,True,coffee_break,0.8797,0.0196,0.8797,0.0482,0.001,0.0268,0.0227,0.001,0.001
350,done,,,4,,21.1,485.3,,deliver_item,item_5,True,coffee_break,0.8797,0.0196,0.8797,0.0482,0.001,0.0268,0.0227,0.001,0.001
351,done,,,4,,21.1,485.3,,deliver_item,item_5,True,coffee_break,0.8797,0.0196,0.8797,0.0482,0.001,0.0268,0.0227,0.001,0.001
352,done,,,4,,21.1,485.3,,deliver_item,item_5,True,coffee_break,0.8797,0.0196,0.8797,0.0482,0.001,0.0268,0.0227,0.001,0.001
353,done,,,4,,21.1,485.3,,deliver_item,item_5,True,coffee_break,0.8797,0.0196,0.8797,0.0482,0.001,0.0268,0.0227,0.001,0.001
354,done,,,4,,21.1,485.3,,deliver_item,item_5,True,coffee_break,0.8797,0.0196,0.8797,0.0482,0.001,0.0268,0.0227,0.001,0.001
355,done,,,4,,21.1,485.3,,deliver_item,item_5,True,coffee_break,0.8797,0.0196,0.8797,0.0482,0.001,0.0268,0.0227,0.001,0.001
356,done,,,4,,21.1,485.3,,deliver_item,item_5,True,coffee_break,0.8797,0.0196,0.8797,0.0482,0.001,0.0268,0.0227,0.001,0.001
357,done,,,4,,21.1,485.3,,deliver_item,item_5,True,coffee_break,0.8797,0.0196,0.8797,0.0482,0.001,0.0268,0.0227,0.001,0.001
358,done,,,4,,21.1,485.3,,deliver_item,item_5,True,coffee_break,0.8797,0.0196,0.8797,0.0482,0.001,0.0268,0.0227,0.001,0.001
359,done,,,4,,21.1,485.3,,deliver_item,item_5,True,coffee_break,0.8797,0.0196,0.8797,0.0482,0.001,0.0268,0.0227,0.001,0.001
360,done,,,4,,21.1,485.3,,deliver_item,item_5,True,coffee_break,0.8797,0.0196,0.8797,0.0482,0.001,0.0268,0.0227,0.001,0.001
361,done,,,4,,21.1,485.3,,deliver_item,item_5,True,coffee_break,0.8797,0.0196,0.8797,0.0482,0.001,0.0268,0.0227,0.001,0.001
362,done,,,4,,21.1,485.3,,deliver_item,item_5,True,coffee_break,0.8797,0.0196,0.8797,0.0482,0.001,0.0268,0.0227,0.001,0.001
363,done,,,4,,21.1,485.3,,deliver_item,item_5,True,coffee_break,0.8797,0.0196,0.8797,0.0482,0.001,0.0268,0.0227,0.001,0.001
364,done,,,4,,21.1,485.3,,deliver_item,item_5,True,coffee_break,0.8797,0.0196,0.8797,0.0482,0.001,0.0268,0.0227,0.001,0.001
365,done,,,4,,21.1,485.3,,deliver_item,item_5,True,coffee_break,0.8797,0.0196,0.8797,0.0482,0.001,0.0268,0.0227,0.001,0.001
366,done,,,4,,21.1,485.3,,deliver_item,item_5,True,coffee_break,0.8797,0.0196,0.8797,0.0482,0.001,0.0268,0.0227,0.001,0.001
367,done,,,4,,21.1,485.3,,deliver_item,item_5,True,coffee_break,0.8797,0.0196,0.8797,0.0482,0.001,0.0268,0.0227,0.001,0.001
368,done,,,4,,21.1,485.3,,deliver_item,item_5,True,coffee_break,0.8797,0.0196,0.8797,0.0482,0.001,0.0268,0.0227,0.001,0.001
369,done,,,4,,21.1,485.3,,deliver_item,item_5,True,coffee_break,0.8797,0.0196,0.8797,0.0482,0.001,0.0268,0.0227,0.001,0.001
370,done,,,4,,21.1,485.3,,deliver_item,item_5,True,coffee_break,0.8797,0.0196,0.8797,0.0482,0.001,0.0268,0.0227,0.001,0.001
371,done,,,4,,21.1,485.3,,deliver_item,item_5,True,coffee_break,0.8797,0.0196,0.8797,0.0482,0.001,0.0268,0.0227,0.001,0.001
372,done,,,4,,21.1,485.3,,deliver_item,item_5,True,coffee_break,0.8797,0.0196,0.8797,0.0482,0.001,0.0268,0.0227,0.001,0.001
373,done,,,4,,21.1,485.3,,deliver_item,item_5,True,coffee_break,0.8797,0.0196,0.8797,0.0482,0.001,0.0268,0.0227,0.001,0.001
374,done,,,4,,21.1,485.3,,deliver_item,item_5,True,coffee_break,0.8797,0.0196,0.8797,0.0482,0.001,0.0268,0.0227,0.001,0.001
375,done,,,4,,21.1,485.3,,deliver_item,,True,coffee_break,0.8797,0.0196,0.8797,0.0482,0.001,0.0268,0.0227,0.001,0.001
376,done,,,4,,21.1,485.3,,deliver_item,,True,coffee_break,0.8917,0.0198,0.8917,0.0489,0.001,0.0136,0.0231,0.001,0.001
377,done,,,4,,21.1,485.3,,,,True,coffee_break,0.8917,0.0198,0.8917,0.0489,0.001,0.0136,0.0231,0.001,0.001
378,done,,,4,,21.1,485.3,,,,True,coffee_break,0.8917,0.0198,0.8917,0.0489,0.001,0.0136,0.0231,0.001,0.001
379,done,,,4,,21.1,485.3,,,,False,coffee_break,0.8917,0.0198,0.8917,0.0489,0.001,0.0136,0.0231,0.001,0.001
380,done,,,4,,21.1,485.3,,,,False,coffee_break,0.8917,0.0198,0.8917,0.0489,0.001,0.0136,0.0231,0.001,0.001
381,done,,,4,,21.1,485.3,,,,False,coffee_break,0.8917,0.0198,0.8917,0.0489,0.001,0.0136,0.0231,0.001,0.001
382,done,,,4,,21.1,485.3,,,,False,coffee_break,0.8917,0.0198,0.8917,0.0489,0.001,0.0136,0.0231,0.001,0.001
383,done,,,4,,21.1,485.3,,,,False,coffee_break,0.8917,0.0198,0.8917,0.0489,0.001,0.0136,0.0231,0.001,0.001
384,done,,,4,,21.1,485.3,,,,False,coffee_break,0.8917,0.0198,0.8917,0.0489,0.001,0.0136,0.0231,0.001,0.001
385,done,,,4,,21.1,485.3,,,,False,coffee_break,0.8917,0.0198,0.8917,0.0489,0.001,0.0136,0.0231,0.001,0.001
386,done,,,4,,21.1,485.3,,,,False,coffee_break,0.8917,0.0198,0.8917,0.0489,0.001,0.0136,0.0231,0.001,0.001
387,done,,,4,,21.1,485.3,,,,False,coffee_break,0.8917,0.0198,0.8917,0.0489,0.001,0.0136,0.0231,0.001,0.001
388,done,,,4,,21.1,485.3,,,,False,coffee_break,0.8917,0.0198,0.8917,0.0489,0.001,0.0136,0.0231,0.001,0.001
389,done,,,4,,21.1,485.3,,,,False,coffee_break,0.8917,0.0198,0.8917,0.0489,0.001,0.0136,0.0231,0.001,0.001
390,done,,,4,,21.1,485.3,,,,False,coffee_break,0.8917,0.0198,0.8917,0.0489,0.001,0.0136,0.0231,0.001,0.001
391,done,,,4,,21.1,485.3,,,,False,coffee_break,0.8917,0.0198,0.8917,0.0489,0.001,0.0136,0.0231,0.001,0.001
392,done,,,4,,21.1,485.3,,,,False,coffee_break,0.8917,0.0198,0.8917,0.0489,0.001,0.0136,0.0231,0.001,0.001
393,done,,,4,,21.1,485.3,,,,False,coffee_break,0.8917,0.0198,0.8917,0.0489,0.001,0.0136,0.0231,0.001,0.001
394,done,,,4,,21.1,485.3,,,,False,coffee_break,0.8917,0.0198,0.8917,0.0489,0.001,0.0136,0.0231,0.001,0.001
395,done,,,4,,21.1,485.3,,,,False,coffee_break,0.8917,0.0198,0.8917,0.0489,0.001,0.0136,0.0231,0.001,0.001
396,done,,,4,,21.1,485.3,,,,False,coffee_break,0.8917,0.0198,0.8917,0.0489,0.001,0.0136,0.0231,0.001,0.001
397,done,,,4,,21.1,485.3,,,,False,coffee_break,0.8917,0.0198,0.8917,0.0489,0.001,0.0136,0.0231,0.001,0.001
398,done,,,4,,21.1,485.3,,,,False,coffee_break,0.8917,0.0198,0.8917,0.0489,0.001,0.0136,0.0231,0.001,0.001
399,done,,,4,,21.1,485.3,,,,False,coffee_break,0.8917,0.0198,0.8917,0.0489,0.001,0.0136,0.0231,0.001,0.001
