condition,variant,ac_max_184_271,ac_most_likely_ticks_184_271,at_272,coffee_max_seg2,coffee_theta_ticks_seg2,correct_theta_ticks,crossings,deliver_max_seg2,item6_3a_end,item6_3b_falls,item6_3b_start_end,max_conf,max_task_seg3,n_cross,n_wrong_cross,reveals,unknown_end_seg3,unknown_when_idle,wrong_theta_task_ticks,wrong_theta_ticks
s00_off,base,,,,,,64,39:d(item_3),,,,,0.995,,1,0,"d(item_3):39(pre-grasp,grasp 41) d(item_2):never(max 0.00)",,0.995,0,66
s00_on,base,,,,,,92,11:d(item_3),,,,,0.995,,1,0,"d(item_3):11(pre-grasp,grasp 41) d(item_2):never(max 0.00)",,0.995,0,66
s20_off,base,,,,,,99,31:d(item_3),,,,,0.995,,1,0,"d(item_3):31(post-grasp,grasp 22) d(item_2):never(max 0.00)",,0.995,0,70
s20_on,base,,,,,,124,6:d(item_3),,,,,0.995,,1,0,"d(item_3):6(pre-grasp,grasp 22) d(item_2):never(max 0.00)",,0.995,0,70
s30_off,base,,,,,,82,28:d(item_3),,,,,0.995,,1,0,"d(item_3):28(pre-grasp,grasp 39) d(item_7):never(max 0.00)",,0.995,0,49
s30_on,base,,,,,,90,21:d(item_3),,,,,0.995,,1,0,"d(item_3):21(pre-grasp,grasp 39) d(item_7):never(max 0.00)",,0.995,0,49
s40_off,base,0.001,0,unknown 0.993 (item_6 0.001),0.001,0,186,19:d(item_3),0.001,0.001,True,0.001->0.001,0.993,0.001,1,0,"d(item_3):19(pre-grasp,grasp 60) coffee:never(max 0.00) d(item_6):never(max 0.00)",0.993,0.993,0,174
s40_on,base,0.001,0,unknown 0.993 (item_6 0.001),0.001,0,186,19:d(item_3),0.001,0.001,True,0.001->0.001,0.993,0.001,1,0,"d(item_3):19(pre-grasp,grasp 60) coffee:never(max 0.00) d(item_6):never(max 0.00)",0.993,0.993,0,174
s00_off,ungated,,,,,,64,39:d(item_3),,,,,0.995,,1,0,"d(item_3):39(pre-grasp,grasp 41) d(item_2):never(max 0.00)",,0.995,0,66
s00_on,ungated,,,,,,92,11:d(item_3),,,,,0.995,,1,0,"d(item_3):11(pre-grasp,grasp 41) d(item_2):never(max 0.00)",,0.995,0,66
s20_off,ungated,,,,,,108,22:d(item_3),,,,,0.995,,1,0,"d(item_3):22(post-grasp,grasp 22) d(item_2):never(max 0.00)",,0.995,0,70
s20_on,ungated,,,,,,124,6:d(item_3),,,,,0.995,,1,0,"d(item_3):6(pre-grasp,grasp 22) d(item_2):never(max 0.00)",,0.995,0,70
s30_off,ungated,,,,,,82,28:d(item_3),,,,,0.995,,1,0,"d(item_3):28(pre-grasp,grasp 39) d(item_7):never(max 0.00)",,0.995,0,49
s30_on,ungated,,,,,,90,21:d(item_3),,,,,0.995,,1,0,"d(item_3):21(pre-grasp,grasp 39) d(item_7):never(max 0.00)",,0.995,0,49
s40_off,ungated,0.001,0,unknown 0.993 (item_6 0.001),0.001,0,186,19:d(item_3),0.001,0.001,False,0.001->0.001,0.993,0.001,1,0,"d(item_3):19(pre-grasp,grasp 60) coffee:never(max 0.00) d(item_6):never(max 0.00)",0.993,0.993,0,174
s40_on,ungated,0.001,0,unknown 0.993 (item_6 0.001),0.001,0,186,19:d(item_3),0.001,0.001,False,0.001->0.001,0.993,0.001,1,0,"d(item_3):19(pre-grasp,grasp 60) coffee:never(max 0.00) d(item_6):never(max 0.00)",0.993,0.993,0,174
s00_off,ownshelf,,,,,,64,39:d(item_3),,,,,0.995,,1,0,"d(item_3):39(pre-grasp,grasp 41) d(item_2):never(max 0.00)",,0.995,0,66
s00_on,ownshelf,,,,,,92,11:d(item_3),,,,,0.995,,1,0,"d(item_3):11(pre-grasp,grasp 41) d(item_2):never(max 0.00)",,0.995,0,66
s20_off,ownshelf,,,,,,98,32:d(item_3),,,,,0.995,,1,0,"d(item_3):32(post-grasp,grasp 22) d(item_2):never(max 0.00)",,0.995,0,70
s20_on,ownshelf,,,,,,124,6:d(item_3),,,,,0.995,,1,0,"d(item_3):6(pre-grasp,grasp 22) d(item_2):never(max 0.00)",,0.995,0,70
s30_off,ownshelf,,,,,,82,28:d(item_3),,,,,0.995,,1,0,"d(item_3):28(pre-grasp,grasp 39) d(item_7):never(max 0.00)",,0.995,0,49
s30_on,ownshelf,,,,,,90,21:d(item_3),,,,,0.995,,1,0,"d(item_3):21(pre-grasp,grasp 39) d(item_7):never(max 0.00)",,0.995,0,49
s40_off,ownshelf,0.001,0,unknown 0.993 (item_6 0.001),0.001,0,186,19:d(item_3),0.001,0.001,True,0.001->0.001,0.993,0.001,1,0,"d(item_3):19(pre-grasp,grasp 60) coffee:never(max 0.00) d(item_6):never(max 0.00)",0.993,0.993,0,174
s40_on,ownshelf,0.001,0,unknown 0.993 (item_6 0.001),0.001,0,186,19:d(item_3),0.001,0.001,True,0.001->0.001,0.993,0.001,1,0,"d(item_3):19(pre-grasp,grasp 60) coffee:never(max 0.00) d(item_6):never(max 0.00)",0.993,0.993,0,174
s00_off,reset_origin,,,,,,56,47:d(item_3),,,,,0.995,,1,0,"d(item_3):47(post-grasp,grasp 41) d(item_2):never(max 0.00)",,0.995,0,66
s00_on,reset_origin,,,,,,92,11:d(item_3),,,,,0.995,,1,0,"d(item_3):11(pre-grasp,grasp 41) d(item_2):never(max 0.00)",,0.995,0,66
s20_off,reset_origin,,,,,,98,31:d(item_3) 54:d(item_6)! 77:unknown!,,,,,0.995,,3,2,"d(item_3):31(post-grasp,grasp 22) d(item_2):never(max 0.01)",,0.995,11,58
s20_on,reset_origin,,,,,,124,6:d(item_3),,,,,0.995,,1,0,"d(item_3):6(pre-grasp,grasp 22) d(item_2):never(max 0.00)",,0.995,0,70
s30_off,reset_origin,,,,,,82,28:d(item_3),,,,,0.995,,1,0,"d(item_3):28(pre-grasp,grasp 39) d(item_7):never(max 0.00)",,0.995,0,49
s30_on,reset_origin,,,,,,90,21:d(item_3),,,,,0.995,,1,0,"d(item_3):21(pre-grasp,grasp 39) d(item_7):never(max 0.00)",,0.995,0,49
s40_off,reset_origin,0.904,45,unknown 0.835 (item_6 0.001),0.904,54,166,19:d(item_3) 125:coffee 151:coffee 185:ac! 214:unknown 268:unknown!,0.001,0.001,True,0.001->0.001,0.993,0.904,6,2,"d(item_3):19(pre-grasp,grasp 60) coffee:125(no-grasp,grasp None) d(item_6):never(max 0.00)",0.992,0.301,75,154
s40_on,reset_origin,0.904,26,unknown 0.993 (item_6 0.001),0.904,59,171,19:d(item_3) 125:coffee 214:unknown,0.001,0.001,False,0.001->0.001,0.993,0.904,3,0,"d(item_3):19(pre-grasp,grasp 60) coffee:125(no-grasp,grasp None) d(item_6):never(max 0.00)",0.992,0.301,63,167
s00_off,reset_boundary,,,,,,59,47:d(item_3) 117:d(item_2),,,,,0.995,,2,0,"d(item_3):47(post-grasp,grasp 41) d(item_2):117(post-grasp,grasp 111)",,0.199,24,24
s00_on,reset_boundary,,,,,,154,11:d(item_3),,,,,0.995,,1,0,"d(item_3):11(pre-grasp,grasp 41) d(item_2):80(pre-grasp,grasp 111)",,0.995,2,4
s20_off,reset_boundary,,,,,,47,31:d(item_3) 96:d(item_2) 136:d(item_7)!,,,,,0.905,,3,1,"d(item_3):31(post-grasp,grasp 22) d(item_2):96(post-grasp,grasp 89)",,0.062,6,6
s20_on,reset_boundary,,,,,,190,6:d(item_3),,,,,0.995,,1,0,"d(item_3):6(pre-grasp,grasp 22) d(item_2):56(pre-grasp,grasp 89)",,0.995,2,4
s30_off,reset_boundary,,,,,,71,28:d(item_3) 96:d(item_7) 156:d(item_6)!,,,,,0.905,,3,1,"d(item_3):28(pre-grasp,grasp 39) d(item_7):96(pre-grasp,grasp 98)",,0.055,7,7
s30_on,reset_boundary,,,,,,135,21:d(item_3),,,,,0.995,,1,0,"d(item_3):21(pre-grasp,grasp 39) d(item_7):76(pre-grasp,grasp 98)",,0.995,2,4
s40_off,reset_boundary,0.321,4,d(item_6) 0.820 (item_6 0.820),0.779,2,165,19:d(item_3) 143:coffee 226:unknown 268:d(item_6) 376:ac!,0.243,0.385,True,0.388->0.068,0.904,0.462,5,1,"d(item_3):19(pre-grasp,grasp 60) coffee:143(no-grasp,grasp None) d(item_6):268(pre-grasp,grasp 272)",0.751,0.115,7,20
s40_on,reset_boundary,0.474,3,unknown 0.911 (item_6 0.083),0.898,49,152,19:d(item_3) 135:coffee 203:d(item_6)! 223:unknown,0.474,0.79,True,0.790->0.083,0.911,0.8,4,1,"d(item_3):19(pre-grasp,grasp 60) coffee:135(no-grasp,grasp None) d(item_6):never(max 0.08)",0.91,0.182,59,160
s00_off,costdif2,,,,,,52,51:d(item_3),,,,,0.995,,1,0,"d(item_3):51(post-grasp,grasp 41) d(item_2):never(max 0.00)",,0.995,0,66
s00_on,costdif2,,,,,,81,22:d(item_3),,,,,0.995,,1,0,"d(item_3):22(pre-grasp,grasp 41) d(item_2):never(max 0.00)",,0.995,0,66
s20_off,costdif2,,,,,,96,34:d(item_3),,,,,0.995,,1,0,"d(item_3):34(post-grasp,grasp 22) d(item_2):never(max 0.03)",,0.995,0,70
s20_on,costdif2,,,,,,121,9:d(item_3),,,,,0.995,,1,0,"d(item_3):9(pre-grasp,grasp 22) d(item_2):never(max 0.03)",,0.995,0,70
s30_off,costdif2,,,,,,88,52:d(item_3),,,,,0.995,,1,0,"d(item_3):52(post-grasp,grasp 39) d(item_7):never(max 0.21)",,0.994,0,49
s30_on,costdif2,,,,,,83,47:d(item_3),,,,,0.995,,1,0,"d(item_3):47(post-grasp,grasp 39) d(item_7):never(max 0.21)",,0.995,0,49
s40_off,costdif2,0.16,0,unknown 0.942 (item_6 0.001),0.945,64,116,58:d(item_3) 120:coffee 297:ac!,0.001,0.001,False,0.001->0.001,0.987,0.16,3,1,"d(item_3):58(pre-grasp,grasp 60) coffee:120(no-grasp,grasp None) d(item_6):never(max 0.00)",0.987,0.519,82,137
s40_on,costdif2,0.16,0,unknown 0.942 (item_6 0.001),0.945,64,116,58:d(item_3) 120:coffee 297:ac!,0.001,0.001,False,0.001->0.001,0.987,0.16,3,1,"d(item_3):58(pre-grasp,grasp 60) coffee:120(no-grasp,grasp None) d(item_6):never(max 0.00)",0.987,0.519,82,137
s00_off,rawlogistic,,,,,,25,78:unknown!,,,,,0.995,,1,1,d(item_3):never(max 0.68) d(item_2):never(max 0.00),,0.995,0,66
s00_on,rawlogistic,,,,,,51,13:d(item_3) 78:unknown!,,,,,0.995,,2,1,"d(item_3):13(pre-grasp,grasp 41) d(item_2):never(max 0.00)",,0.995,0,66
s20_off,rawlogistic,,,,,,76,54:unknown!,,,,,0.995,,1,1,d(item_3):never(max 0.55) d(item_2):never(max 0.00),,0.995,0,70
s20_on,rawlogistic,,,,,,88,8:d(item_3) 54:unknown!,,,,,0.995,,2,1,"d(item_3):8(pre-grasp,grasp 22) d(item_2):never(max 0.00)",,0.995,0,70
s30_off,rawlogistic,,,,,,43,30:d(item_3) 74:unknown!,,,,,0.995,,2,1,"d(item_3):30(pre-grasp,grasp 39) d(item_7):never(max 0.00)",,0.995,0,49
s30_on,rawlogistic,,,,,,49,24:d(item_3) 74:unknown!,,,,,0.995,,2,1,"d(item_3):24(pre-grasp,grasp 39) d(item_7):never(max 0.00)",,0.995,0,49
s40_off,rawlogistic,0.001,0,unknown 0.993 (item_6 0.001),0.001,0,126,22:d(item_3) 115:unknown!,0.001,0.001,True,0.001->0.001,0.993,0.001,2,1,"d(item_3):22(pre-grasp,grasp 60) coffee:never(max 0.00) d(item_6):never(max 0.00)",0.993,0.993,0,174
s40_on,rawlogistic,0.001,0,unknown 0.993 (item_6 0.001),0.001,0,126,22:d(item_3) 115:unknown!,0.001,0.001,True,0.001->0.001,0.993,0.001,2,1,"d(item_3):22(pre-grasp,grasp 60) coffee:never(max 0.00) d(item_6):never(max 0.00)",0.993,0.993,0,174
