t,d_item_4,robot_phase_item_4,d_item_6,robot_phase_item_6,d_item_7,robot_phase_item_7,human_phase
0,438.01657091433907,approach_shelf,438.01657091433907,approach_shelf,438.01657091433907,approach_shelf,approach_shelf
1,436.69070675807797,approach_shelf,437.3134550687233,approach_shelf,436.4707253087196,approach_shelf,approach_shelf
2,435.3649415459482,approach_shelf,436.6103920771374,approach_shelf,434.9262623690318,approach_shelf,approach_shelf
3,434.03927618461915,approach_shelf,435.90738219532193,approach_shelf,433.3831968776414,approach_shelf,approach_shelf
4,432.71371159180205,approach_shelf,435.2044256806502,approach_shelf,431.84154381472575,approach_shelf,approach_shelf
5,431.3882486964177,approach_shelf,434.5015227921418,approach_shelf,430.30131836133086,approach_shelf,approach_shelf
6,430.0628884387669,approach_shelf,433.79867379047516,approach_shelf,428.7625359024803,approach_shelf,approach_shelf
7,428.73763177070435,approach_shelf,433.09587893800074,approach_shelf,427.22521203033483,approach_shelf,approach_shelf
8,427.41247965581545,approach_shelf,432.39313849875447,approach_shelf,425.68936254740487,approach_shelf,approach_shelf
9,426.08743306959616,approach_shelf,431.6904527384711,approach_shelf,424.1550034698163,approach_shelf,approach_shelf
10,424.76249299963644,approach_shelf,430.9878219245975,approach_shelf,422.6221510306296,approach_shelf,approach_shelf
11,423.43766044580724,approach_shelf,430.2852463263066,approach_shelf,421.09082168321515,approach_shelf,approach_shelf
12,422.11293642045035,approach_shelf,429.5827262145111,approach_shelf,419.561032104683,approach_shelf,approach_shelf
13,420.7883219485725,approach_shelf,428.880261861877,approach_shelf,418.03279919937023,approach_shelf,approach_shelf
14,419.46381806804243,approach_shelf,428.17785354283814,approach_shelf,416.5061401023851,approach_shelf,approach_shelf
15,418.13942582979183,approach_shelf,427.4755015336101,approach_shelf,414.98107218321036,approach_shelf,approach_shelf
16,416.81514629802035,approach_shelf,426.77320611220455,approach_shelf,413.4576130493652,approach_shelf,approach_shelf
17,415.4909805504039,approach_shelf,426.0709675584436,approach_shelf,411.9357805501276,approach_shelf,approach_shelf
18,414.1669296783075,approach_shelf,425.3687861539747,approach_shelf,410.415592780318,approach_shelf,approach_shelf
19,412.84299478700126,approach_shelf,424.6666621822847,approach_shelf,408.8970680841441,approach_shelf,approach_shelf
20,411.5191769958816,approach_shelf,423.9645959287155,approach_shelf,407.38022505911005,approach_shelf,approach_shelf
21,410.19547743869555,approach_shelf,423.26258768047836,approach_shelf,405.86508255998774,approach_shelf,approach_shelf
22,408.8718972637701,approach_shelf,422.5606377266695,approach_shelf,404.35165970285414,approach_shelf,approach_shelf
23,407.54843763424554,approach_shelf,421.8587463582852,approach_shelf,402.83997586919344,approach_shelf,approach_shelf
24,406.2250997283132,approach_shelf,421.15691386823727,approach_shelf,401.3300507100664,approach_shelf,approach_shelf
25,404.90188473945807,approach_shelf,420.45514055136846,approach_shelf,399.8219041503469,approach_shelf,approach_shelf
26,403.5787938767058,approach_shelf,419.7534267044684,approach_shelf,398.3155563930267,approach_shelf,approach_shelf
27,402.2558283648751,approach_shelf,419.0517726262895,approach_shelf,396.81102792359013,approach_shelf,approach_shelf
28,400.93298944483337,approach_shelf,418.35017861756285,approach_shelf,395.30833951445874,approach_shelf,approach_shelf
29,399.61027837375997,approach_shelf,417.64864498101446,approach_shelf,393.8075122295072,approach_shelf,approach_shelf
30,398.28769642541164,approach_shelf,416.9471720213815,approach_shelf,392.3085674286517,approach_shelf,approach_shelf
31,396.9652448903956,approach_shelf,416.24576004542917,approach_shelf,390.8115267725108,approach_shelf,approach_shelf
32,395.64292507644626,approach_shelf,415.5444093619667,approach_shelf,389.31641222714137,approach_shelf,approach_shelf
33,394.32073830870877,approach_shelf,414.8431202818651,approach_shelf,387.8232460688484,approach_shelf,approach_shelf
34,392.9986859300267,approach_shelf,414.14189311807314,approach_shelf,386.3320508890715,approach_shelf,approach_shelf
35,391.67676930123685,approach_shelf,413.44072818563546,approach_shelf,384.84284959934797,approach_shelf,approach_shelf
36,390.35498980146866,approach_shelf,412.73962580170917,approach_shelf,383.3556654363531,approach_shelf,approach_shelf
37,389.03334882845076,approach_shelf,412.03858628558146,approach_shelf,381.87052196702007,approach_shelf,approach_shelf
38,387.7118477988224,approach_shelf,411.33760995868795,approach_shelf,380.38744309373857,approach_shelf,approach_shelf
39,386.39048814845256,approach_shelf,410.6366971446295,approach_shelf,378.906453059634,approach_shelf,approach_shelf
40,385.0692713327637,approach_shelf,409.93584816919105,approach_shelf,377.4275764539278,approach_shelf,approach_shelf
41,383.7481988270636,approach_shelf,409.23506336035933,approach_shelf,375.95083821738046,approach_shelf,approach_shelf
42,382.4272721268837,approach_shelf,408.5343430483415,approach_shelf,374.47626364781655,approach_shelf,approach_shelf
43,381.1064927483227,approach_shelf,407.8336875655835,approach_shelf,373.003878405734,approach_shelf,approach_shelf
44,379.7858622283999,approach_shelf,407.133097246789,approach_shelf,371.53370851999784,approach_shelf,approach_shelf
45,378.4653821254129,approach_shelf,406.4325724289382,approach_shelf,370.0657803936192,approach_shelf,approach_shelf
46,377.1450540193049,approach_shelf,405.73211345130704,approach_shelf,368.6001208096202,approach_shelf,approach_shelf
47,375.824879512038,approach_shelf,405.0317206554862,approach_shelf,367.13675693698576,approach_shelf,approach_shelf
48,374.5048602279753,approach_shelf,404.3313943854011,approach_shelf,365.6757163367028,approach_shelf,approach_shelf
49,373.18499781426993,approach_shelf,403.6311349873311,approach_shelf,364.2170269678871,approach_shelf,approach_shelf
50,371.86529394126296,approach_shelf,402.9309428099296,approach_shelf,362.7607171939997,approach_shelf,approach_shelf
51,370.5457503028892,approach_shelf,402.2308182042443,approach_shelf,361.30681578915164,approach_shelf,approach_shelf
52,369.2263686170913,approach_shelf,401.5307615237371,approach_shelf,359.8553519444993,approach_shelf,approach_shelf
53,367.9071506262432,approach_shelf,400.83077312430504,approach_shelf,358.40635527472944,approach_shelf,approach_shelf
54,366.58809809758156,approach_shelf,400.13085336430044,approach_shelf,356.95985582463493,approach_shelf,approach_shelf
55,365.2692128236473,approach_shelf,399.43100260455225,approach_shelf,355.51588407578254,approach_shelf,approach_shelf
56,363.95049662273533,approach_shelf,398.73122120838724,approach_shelf,354.0744709532714,approach_shelf,approach_shelf
57,362.631951339355,approach_shelf,398.03150954165073,approach_shelf,352.63564783258266,approach_shelf,approach_shelf
58,361.3135788446995,approach_shelf,397.3318679727286,approach_shelf,351.199446546523,approach_shelf,approach_shelf
59,359.99538103712587,approach_shelf,396.6322968725694,approach_shelf,349.7658993922584,approach_shelf,approach_shelf
60,358.6773598426444,approach_shelf,395.9327966147052,approach_shelf,348.3350391384411,approach_shelf,approach_shelf
61,357.3595172154201,approach_shelf,395.2333675752749,approach_shelf,346.90689903242884,approach_shelf,approach_shelf
62,356.04185513828344,approach_shelf,394.5340101330462,approach_shelf,345.4815128075955,approach_shelf,approach_shelf
63,354.72437562325285,approach_shelf,393.83472466943823,approach_shelf,344.05891469073475,approach_shelf,approach_shelf
64,353.4070807120687,approach_shelf,393.1355115685446,approach_shelf,342.63913940955496,approach_shelf,approach_shelf
65,352.08997247673875,approach_shelf,392.43637121715625,approach_shelf,341.22222220026504,approach_shelf,approach_shelf
66,350.7730530200953,approach_shelf,391.73730400478513,approach_shelf,339.80819881525264,approach_shelf,approach_shelf
67,349.45632447636484,approach_shelf,391.03831032368754,approach_shelf,338.3971055308511,approach_shelf,approach_shelf
68,348.1397890117505,approach_shelf,390.3393905688883,approach_shelf,336.9889791551977,approach_shelf,approach_shelf
69,346.82344882502656,approach_shelf,389.6405451382043,approach_shelf,335.5838570361797,approach_shelf,approach_shelf
70,345.50730614814705,approach_shelf,388.9417744322694,approach_shelf,334.1817770694694,approach_shelf,approach_shelf
71,344.1913632468672,approach_shelf,388.24307885455863,approach_shelf,332.7827777066452,approach_shelf,approach_shelf
72,342.8756224213793,approach_shelf,387.5444588114131,approach_shelf,331.3868979634001,approach_shelf,approach_shelf
73,341.5600860069625,approach_shelf,386.84591471206534,approach_shelf,329.99417742783277,approach_shelf,approach_shelf
74,340.24475637464695,approach_shelf,386.14744696866427,approach_shelf,328.60465626882336,approach_shelf,approach_shelf
75,338.9296359318937,approach_shelf,385.44905599630096,approach_shelf,327.2183752444897,approach_shelf,approach_shelf
76,337.61472712328924,approach_shelf,384.75074221303475,approach_shelf,325.83537571072355,approach_shelf,approach_shelf
77,336.3000324312564,approach_shelf,384.05250603991914,approach_shelf,324.455699629804,approach_shelf,approach_shelf
78,334.98555437678044,approach_shelf,383.354347901028,approach_shelf,323.0793895790868,approach_shelf,approach_shelf
79,333.6712955201537,approach_shelf,382.656268223483,approach_shelf,321.7064887597664,approach_shelf,approach_shelf
80,332.357258461735,approach_shelf,381.9582674374797,approach_shelf,320.3370410057079,approach_shelf,approach_shelf
81,331.043445842728,approach_shelf,381.2603459763155,approach_shelf,318.9710907923475,approach_shelf,approach_shelf
82,329.72986034597733,approach_shelf,380.5625042764166,approach_shelf,317.6086832456568,approach_shelf,approach_shelf
83,328.4165046967832,approach_shelf,379.8647427773666,approach_shelf,316.24986415116837,approach_shelf,approach_shelf
84,327.1033816637343,approach_shelf,379.16706192193374,approach_shelf,314.89467996305933,approach_shelf,approach_shelf
85,325.7904940595611,approach_shelf,378.4694621560999,approach_shelf,313.543177813288,approach_shelf,approach_shelf
86,324.47784474200876,approach_shelf,377.77194392908916,approach_shelf,312.1954055207817,approach_shelf,approach_shelf
87,323.16543661473037,approach_shelf,377.0745076933969,approach_shelf,310.8514116006682,approach_shelf,approach_shelf
88,321.8532726282014,approach_shelf,376.37715390481907,approach_shelf,309.51124527354943,approach_shelf,approach_shelf
89,320.54135578065643,approach_shelf,375.6798830224815,approach_shelf,308.1749564748101,approach_shelf,approach_shelf
90,319.2296891190467,approach_shelf,374.9826955088705,approach_shelf,306.8425958639567,approach_shelf,approach_shelf
91,317.91827574002264,approach_shelf,374.28559182986265,approach_shelf,305.51421483398184,approach_shelf,approach_shelf
92,316.6071187909375,approach_shelf,373.5885724547557,approach_shelf,304.1898655207465,approach_shelf,approach_shelf
93,315.2962214708772,approach_shelf,372.8916378562991,approach_shelf,302.8696008123758,approach_shelf,approach_shelf
94,313.9855870317139,approach_shelf,372.1947885107256,approach_shelf,301.553474358659,approach_shelf,approach_shelf
95,312.6752187791854,approach_shelf,371.49802489778267,approach_shelf,300.24154058044917,approach_shelf,approach_shelf
96,311.3651200740007,approach_shelf,370.80134750076456,approach_shelf,298.933854679053,approach_shelf,approach_shelf
97,310.05529433297244,approach_shelf,370.1047568065444,approach_shelf,297.63047264560356,approach_shelf,approach_shelf
98,308.74574503017755,approach_shelf,369.40825330560676,approach_shelf,296.33145127040785,approach_shelf,approach_shelf
99,307.4364756981457,approach_shelf,368.7118374920809,approach_shelf,295.03684815225944,approach_shelf,approach_shelf
100,306.1274899290778,approach_shelf,368.0155098637738,approach_shelf,293.7467217077073,approach_shelf,approach_shelf
101,304.8187913760937,approach_shelf,367.31927092220405,approach_shelf,292.4611311802709,approach_shelf,approach_shelf
102,303.5103837545125,approach_shelf,366.6231211726355,approach_shelf,291.1801366495912,approach_shelf,approach_shelf
103,302.20227084316275,approach_shelf,365.9270611241123,approach_shelf,289.903799040506,approach_shelf,approach_shelf
104,300.8944564857269,approach_shelf,365.2310912894931,approach_shelf,288.6321801320395,approach_shelf,approach_shelf
105,299.5869445921194,approach_shelf,364.53521218548656,approach_shelf,287.3653425662926,approach_shelf,approach_shelf
106,298.27973913989894,approach_shelf,363.8394243326865,approach_shelf,286.10334985722176,approach_shelf,approach_shelf
107,296.97284417571694,approach_shelf,363.1437282556083,approach_shelf,284.84626639929394,approach_shelf,approach_shelf
108,295.6662638168024,approach_shelf,362.448124482725,approach_shelf,283.59415747600264,approach_shelf,approach_shelf
109,294.3600022524856,approach_shelf,361.75261354650365,approach_shelf,282.34708926823123,approach_shelf,approach_shelf
110,293.05406374575927,approach_shelf,361.05719598344325,approach_shelf,281.1051288624487,approach_shelf,approach_shelf
111,291.74845263488146,approach_shelf,360.36187233411147,approach_shelf,279.8683442587206,approach_shelf,approach_shelf
112,290.4431733350187,approach_shelf,359.666643143183,approach_shelf,278.636804378521,approach_shelf,approach_shelf
113,289.13823033993214,approach_shelf,358.9715089594778,approach_shelf,277.4105790723259,approach_shelf,approach_shelf
114,287.8336282237077,approach_shelf,358.2764703359997,approach_shelf,276.1897391269717,approach_shelf,approach_shelf
115,286.52937164253046,approach_shelf,357.58152782997604,approach_shelf,274.97435627276,approach_shelf,approach_shelf
116,285.22546533650717,approach_shelf,356.88668200289675,approach_shelf,273.76450319028834,approach_shelf,approach_shelf
117,283.9219141315349,approach_shelf,356.1919334205548,approach_shelf,272.56025351698764,approach_shelf,approach_shelf
118,282.6187229412203,approach_shelf,355.4972826530866,approach_shelf,271.36168185334543,approach_shelf,approach_shelf
119,281.315896768849,approach_shelf,354.80273027501283,approach_shelf,270.16886376879285,approach_shelf,approach_shelf
120,280.01344070940786,approach_shelf,354.10827686528006,approach_shelf,268.98187580723237,approach_shelf,approach_shelf
121,278.71135995166105,approach_shelf,353.4139230073025,approach_shelf,267.80079549218436,approach_shelf,approach_shelf
122,277.4096597802816,approach_shelf,352.71966928900446,approach_shelf,266.625701331527,approach_shelf,approach_shelf
123,276.1083455780406,approach_shelf,352.02551630286285,approach_shelf,265.4566728218055,approach_shelf,approach_shelf
124,274.8074228280556,approach_shelf,351.33146464595086,approach_shelf,264.29379045208407,approach_shelf,approach_shelf
125,273.50689711609965,approach_shelf,350.6375149199815,approach_shelf,263.13713570731454,approach_shelf,approach_shelf
126,272.20677413297335,approach_shelf,349.943667731352,approach_shelf,261.98679107119466,approach_shelf,approach_shelf
127,270.90705967694225,approach_shelf,349.24992369118837,approach_shelf,260.8428400284862,approach_shelf,approach_shelf
128,269.6077596562403,approach_shelf,348.5562834153908,approach_shelf,259.705367066766,approach_shelf,approach_shelf
129,268.30888009164306,approach_shelf,347.86274752467966,approach_shelf,258.57445767757764,approach_shelf,approach_shelf
130,267.01042711911117,approach_shelf,347.1693166446412,approach_shelf,257.4501983569554,approach_shelf,approach_shelf
131,265.7124069925089,approach_shelf,346.47599140577506,approach_shelf,256.33267660528685,approach_shelf,approach_shelf
132,264.4148260863959,approach_shelf,345.782772443541,approach_shelf,255.2219809264828,approach_shelf,approach_shelf
133,263.11769089890043,approach_shelf,345.08966039840703,approach_shelf,254.1182008264223,approach_shelf,approach_shelf
134,261.82100805466985,approach_shelf,344.39665591589824,approach_shelf,253.02142681063674,approach_shelf,approach_shelf
135,260.5247843079073,approach_shelf,343.70375964664487,approach_shelf,251.93175038120035,approach_shelf,approach_shelf
136,259.2290265454925,approach_shelf,343.0109722464328,approach_shelf,250.84926403279135,approach_shelf,approach_shelf
137,257.93374179019236,approach_shelf,342.3182943762528,approach_shelf,249.77406124788695,approach_shelf,approach_shelf
138,256.6389372039626,approach_shelf,341.625726702352,approach_shelf,248.70623649105764,approach_shelf,approach_shelf
139,255.3446200913449,approach_shelf,340.93326989628434,approach_shelf,247.64588520232095,approach_shelf,approach_shelf
140,254.05079790296065,approach_shelf,340.2409246349631,approach_shelf,246.59310378951986,approach_shelf,approach_shelf
141,252.7574782391068,approach_shelf,339.5486916007128,approach_shelf,245.54798961968567,approach_shelf,approach_shelf
142,251.46466885345563,approach_shelf,338.8565714813226,approach_shelf,244.51064100934784,approach_shelf,approach_shelf
143,250.1723776568619,approach_shelf,338.1645649700997,approach_shelf,243.48115721375152,approach_shelf,approach_shelf
144,248.8806127212823,approach_shelf,337.4726727659238,approach_shelf,242.45963841494435,approach_shelf,approach_shelf
145,247.5893822838091,approach_shelf,336.7808955733017,approach_shelf,241.4461857086918,approach_shelf,approach_shelf
146,246.29869475082359,approach_shelf,336.0892341024231,approach_shelf,240.44090109018305,approach_shelf,approach_shelf
147,245.00855870227156,approach_shelf,335.39768906921677,approach_shelf,239.44388743848697,approach_shelf,approach_shelf
148,243.7189828960672,approach_shelf,334.706261195407,approach_shelf,238.4552484997195,approach_shelf,approach_shelf
149,242.42997627262687,approach_shelf,334.0149512085715,approach_shelf,237.47508886888264,approach_shelf,approach_shelf
150,241.1415479595403,approach_shelf,333.32375984219925,approach_shelf,236.50351397033612,approach_shelf,approach_shelf
151,239.85370727638144,approach_shelf,332.63268783574966,approach_shelf,235.54063003686392,approach_shelf,approach_shelf
152,238.5664637396647,approach_shelf,331.94173593471163,approach_shelf,234.58654408729666,approach_shelf,approach_shelf
153,237.27982706795225,approach_shelf,331.25090489066406,approach_shelf,233.64136390265338,approach_shelf,approach_shelf
154,235.9938071871164,approach_shelf,330.5601954613366,approach_shelf,232.70519800076573,approach_shelf,approach_shelf
155,234.70841423576258,approach_shelf,329.8696084106714,approach_shelf,231.77815560934897,approach_shelf,approach_shelf
156,233.42365857081978,approach_shelf,329.1791445088855,approach_shelf,230.8603466374859,approach_shelf,approach_shelf
157,232.13955077330297,approach_shelf,328.4888045325338,approach_shelf,229.95188164548964,approach_shelf,approach_shelf
158,230.85610165425365,approach_shelf,327.7985892645726,approach_shelf,229.05287181311425,approach_shelf,approach_shelf
159,229.57332226086552,approach_shelf,327.1084994944249,approach_shelf,228.16342890608294,approach_shelf,approach_shelf
160,228.2912238828011,approach_shelf,326.418536018045,approach_shelf,227.2836652409053,approach_shelf,approach_shelf
161,227.0098180587068,approach_shelf,325.7286996379851,approach_shelf,226.41369364795764,approach_shelf,approach_shelf
162,225.7291165829322,approach_shelf,325.0389911634619,approach_shelf,225.55362743280162,approach_shelf,approach_shelf
163,224.44913151246269,approach_shelf,324.3494114104244,approach_shelf,224.7035803357203,approach_shelf,approach_shelf
164,223.16987517407102,approach_shelf,323.65996120162265,approach_shelf,223.8636664894517,approach_shelf,approach_shelf
165,221.8913601716976,approach_shelf,322.97064136667643,approach_shelf,223.0340003751041,approach_shelf,approach_shelf
166,220.61359939406628,approach_shelf,322.28145274214614,approach_shelf,222.21469677623935,approach_shelf,approach_shelf
167,219.3366060225447,approach_shelf,321.5923961716033,approach_shelf,221.40587073111368,approach_shelf,approach_shelf
168,218.06039353925854,approach_shelf,320.9034725057024,approach_shelf,220.60763748307028,approach_shelf,approach_shelf
169,216.78497573546832,approach_shelf,320.2146826022536,approach_shelf,219.8201124290802,approach_shelf,approach_shelf
170,215.51036672021783,approach_shelf,319.5260273262969,approach_shelf,219.04341106643153,approach_shelf,approach_shelf
171,214.2365809292658,approach_shelf,318.8375075501755,approach_shelf,218.2776489375733,approach_shelf,approach_shelf
172,212.96363313430973,approach_shelf,318.1491241536119,approach_shelf,217.52294157312198,approach_shelf,approach_shelf
173,211.691538452513,approach_shelf,317.46087802378406,approach_shelf,216.77940443304507,approach_shelf,approach_shelf
174,210.42031235634698,approach_shelf,316.7727700554023,approach_shelf,216.04715284604004,approach_shelf,approach_shelf
175,209.14997068375928,approach_shelf,316.0848011507878,approach_shelf,215.3263019471313,approach_shelf,approach_shelf
176,207.88052964868078,approach_shelf,315.3969722199513,approach_shelf,214.6169666135152,approach_shelf,approach_shelf
177,206.61200585188328,approach_shelf,314.7092841806733,approach_shelf,213.9192613986847,approach_shelf,approach_shelf
178,205.34441629220197,approach_shelf,314.021737958585,approach_shelf,213.23330046487447,approach_shelf,approach_shelf
179,204.07777837813592,approach_shelf,313.3343344872503,approach_shelf,212.55919751387052,approach_shelf,approach_shelf
180,202.81210993984038,approach_shelf,312.64707470824874,approach_shelf,211.89706571623486,approach_shelf,approach_shelf
181,201.54742924152657,approach_shelf,311.9599595712594,approach_shelf,211.24701763900154,approach_shelf,approach_shelf
182,200.28375499428384,approach_shelf,311.27299003414635,approach_shelf,210.60916517190668,approach_shelf,approach_shelf
183,199.02110636934066,approach_shelf,310.586167063044,approach_shelf,209.98361945222027,approach_shelf,approach_shelf
184,197.75950301178045,approach_shelf,309.89949163244495,approach_shelf,209.370490788255,approach_shelf,approach_shelf
185,196.49896505473083,approach_shelf,309.2129647252875,approach_shelf,208.76988858163253,approach_shelf,approach_shelf
186,195.239513134043,approach_shelf,308.5265873330456,approach_shelf,208.18192124839342,approach_shelf,approach_shelf
187,193.98116840348166,approach_shelf,307.8403604558185,approach_shelf,207.60669613904525,approach_shelf,approach_shelf
188,192.72395255044339,approach_shelf,307.1542851024229,approach_shelf,207.04431945764648,approach_shelf,approach_shelf
189,191.46788781222597,approach_shelf,306.4683622904853,approach_shelf,206.4948961800331,approach_shelf,approach_shelf
190,190.21299699286755,approach_shelf,305.78259304653545,approach_shelf,205.95852997129754,approach_shelf,approach_shelf
191,188.95930348058033,approach_shelf,305.096978406102,approach_shelf,205.4353231026389,approach_shelf,approach_shelf
192,187.70683126579968,approach_shelf,304.4115194138081,approach_shelf,204.925376367706,approach_shelf,approach_shelf
193,186.4556049598741,approach_shelf,303.72621712346864,approach_shelf,204.42878899856257,approach_shelf,approach_shelf
194,185.2056498144206,approach_shelf,303.0410725981891,approach_shelf,203.945658581408,approach_shelf,approach_shelf
195,183.95699174137107,approach_shelf,302.35608691046525,approach_shelf,203.47608097219236,approach_shelf,approach_shelf
196,182.70965733373774,approach_shelf,301.67126114228404,approach_shelf,203.02015021227004,approach_shelf,approach_shelf
197,181.46367388712477,approach_shelf,300.98659638522577,approach_shelf,202.57795844423885,approach_shelf,approach_shelf
198,180.21906942201645,approach_shelf,300.30209374056784,approach_shelf,202.14959582811778,approach_shelf,approach_shelf
199,178.97587270687166,approach_shelf,299.61775431938986,approach_shelf,201.73515045801892,approach_shelf,approach_shelf
200,177.73411328205677,approach_shelf,298.93357924267906,approach_shelf,201.33470827947235,approach_shelf,approach_shelf
201,176.49382148465017,approach_shelf,298.2495696414385,approach_shelf,200.9483530075663,approach_shelf,approach_shelf
202,175.25502847415265,approach_shelf,297.56572665679573,approach_shelf,200.57616604606665,approach_shelf,approach_shelf
203,174.01776625913934,approach_shelf,296.8820514401128,approach_shelf,200.21822640768158,approach_shelf,approach_shelf
204,172.78206772489085,approach_shelf,296.1985451530984,approach_shelf,199.8746106356396,approach_shelf,approach_shelf
205,171.54796666204177,approach_shelf,295.51520896792067,approach_shelf,199.54539272674776,approach_shelf,approach_shelf
206,170.31549779628733,approach_shelf,294.83204406732136,approach_shelf,199.23064405609892,approach_shelf,approach_shelf
207,169.0846968191895,approach_shelf,294.1490516447323,approach_shelf,198.9304333035962,approach_shelf,approach_shelf
208,167.85560042012662,approach_shelf,293.4662329043927,approach_shelf,198.64482638245988,approach_shelf,approach_shelf
209,166.62824631943144,approach_shelf,292.7835890614678,approach_shelf,198.37388636988305,approach_shelf,approach_shelf
210,165.57536118350163,approach_shelf,292.4552279262459,approach_shelf,197.91121482547229,approach_shelf,pick_up
211,164.45032576323692,approach_shelf,292.40374347580223,approach_shelf,196.79541740832607,approach_shelf,carry_to_table
212,163.1651927484536,approach_shelf,292.3566929377169,approach_shelf,195.28617729642,approach_shelf,carry_to_table
213,161.89116900986184,approach_shelf,292.3233165786488,approach_shelf,193.7774827510764,approach_shelf,carry_to_table
214,160.62851888706962,approach_shelf,292.3036190827104,approach_shelf,192.26934661511194,approach_shelf,carry_to_table
215,159.37751269881855,approach_shelf,292.29760321529557,approach_shelf,190.76178213264802,approach_shelf,carry_to_table
216,158.13842678490525,approach_shelf,292.3052698211397,approach_shelf,189.25480296470448,approach_shelf,carry_to_table
217,156.91154353865107,approach_shelf,292.32661782372645,approach_shelf,187.7484232055167,approach_shelf,carry_to_table
218,155.6971514289633,approach_shelf,292.3616442260433,approach_shelf,186.24265739961373,approach_shelf,carry_to_table
219,154.495545010979,approach_shelf,292.41034411268504,approach_shelf,184.73752055969965,approach_shelf,carry_to_table
220,153.307024924234,approach_shelf,292.4727106533001,approach_shelf,183.23302818538053,approach_shelf,carry_to_table
221,152.1318978772512,approach_shelf,292.5487351073765,approach_shelf,181.72919628278467,approach_shelf,carry_to_table
222,150.9704766173951,approach_shelf,292.63840683035727,approach_shelf,180.22604138512486,approach_shelf,carry_to_table
223,149.82307988479894,approach_shelf,292.7417132810769,approach_shelf,178.7235805742545,approach_shelf,carry_to_table
224,148.69003234912773,approach_shelf,292.8586400305062,approach_shelf,177.22183150327382,approach_shelf,carry_to_table
225,147.57166452790594,approach_shelf,292.98917077179107,approach_shelf,175.72081242024504,approach_shelf,carry_to_table
226,146.46831268511076,approach_shelf,293.13328733156993,approach_shelf,174.22054219307944,approach_shelf,carry_to_table
227,145.38031870870384,approach_shelf,293.29096968255016,approach_shelf,172.7210403356627,approach_shelf,carry_to_table
228,144.966150571856,pick_up,293.4621959573245,approach_shelf,171.22232703529093,approach_shelf,carry_to_table
229,144.72643351976637,carry_to_table,293.6469424634054,approach_shelf,169.72442318149157,approach_shelf,carry_to_table
230,144.48420701063856,carry_to_table,293.84518369945204,approach_shelf,168.22735039631164,approach_shelf,carry_to_table
231,144.24198545618015,carry_to_table,294.0568923726661,approach_shelf,166.73113106615756,approach_shelf,carry_to_table
232,143.99976888139398,carry_to_table,294.2820394173276,approach_shelf,165.2357883752804,approach_shelf,carry_to_table
233,143.75755731145057,carry_to_table,294.5205940144427,approach_shelf,163.74134634100247,approach_shelf,carry_to_table
234,143.51535077169015,carry_to_table,294.77252361247236,approach_shelf,162.24782985079105,approach_shelf,carry_to_table
235,143.2731492876236,carry_to_table,295.03779394911055,approach_shelf,160.7552647012899,approach_shelf,carry_to_table
236,143.03095288493404,carry_to_table,295.31636907407767,approach_shelf,159.26367763942847,approach_shelf,carry_to_table
237,142.78876158947844,carry_to_table,295.6082113728959,approach_shelf,157.77309640573455,approach_shelf,carry_to_table
238,142.54657542728884,carry_to_table,295.91328159160975,approach_shelf,156.28354977998825,approach_shelf,carry_to_table
239,142.304394424574,carry_to_table,296.23153886241545,approach_shelf,154.79506762936074,approach_shelf,carry_to_table
240,142.0622186077208,carry_to_table,296.5629407301611,approach_shelf,153.30768095919427,approach_shelf,carry_to_table
241,141.82004800329574,carry_to_table,296.90744317967864,approach_shelf,151.82142196658967,approach_shelf,carry_to_table
242,141.5778826380467,carry_to_table,297.26500066390923,approach_shelf,150.33632409697898,approach_shelf,carry_to_table
243,141.33572253890404,carry_to_table,297.6355661327803,approach_shelf,148.85242210387423,approach_shelf,carry_to_table
244,141.09356773298265,carry_to_table,298.01909106279436,approach_shelf,147.36975211199697,approach_shelf,carry_to_table
245,140.85141824758315,carry_to_table,298.4155254872883,approach_shelf,145.8883516840065,approach_shelf,carry_to_table
246,140.6092741101936,carry_to_table,298.824818027321,approach_shelf,144.40825989106273,approach_shelf,carry_to_table
247,140.36713534849136,carry_to_table,299.24691592314764,approach_shelf,142.92951738747502,approach_shelf,carry_to_table
248,140.1250019903441,carry_to_table,299.68176506623837,approach_shelf,141.4521664897069,approach_shelf,carry_to_table
249,139.88287406381224,carry_to_table,300.12931003179887,approach_shelf,139.9762512600278,approach_shelf,carry_to_table
250,139.64075159714983,carry_to_table,300.5894941117503,approach_shelf,138.50181759512233,approach_shelf,carry_to_table
251,139.39863461880674,carry_to_table,301.0622593481273,approach_shelf,137.02891331999277,approach_shelf,carry_to_table
252,139.15652315743026,carry_to_table,301.5475465668507,approach_shelf,135.55758828751374,approach_shelf,carry_to_table
253,138.91441724186652,carry_to_table,302.0452954118335,approach_shelf,134.0878944840268,approach_shelf,carry_to_table
254,138.67231690116273,carry_to_table,302.5554443793786,approach_shelf,132.61988614139045,approach_shelf,carry_to_table
255,138.43022216456842,carry_to_table,303.07793085282805,approach_shelf,131.15361985593336,approach_shelf,carry_to_table
256,138.18813306153737,carry_to_table,303.61269113742065,approach_shelf,129.68915471479258,approach_shelf,carry_to_table
257,137.94604962172968,carry_to_table,304.1596604953207,approach_shelf,128.22655243015615,approach_shelf,carry_to_table
258,137.70397187501302,carry_to_table,304.71877318077645,approach_shelf,126.7658774819675,approach_shelf,carry_to_table
259,137.46189985146506,carry_to_table,305.2899624753705,approach_shelf,125.30719726969494,approach_shelf,carry_to_table
260,137.2198335813748,carry_to_table,305.8731607233224,approach_shelf,123.85058227381384,approach_shelf,carry_to_table
261,136.9777730952445,carry_to_table,306.46829936680996,approach_shelf,122.39610622770094,approach_shelf,carry_to_table
262,136.73571842379206,carry_to_table,307.075308981267,approach_shelf,120.94384630069452,approach_shelf,carry_to_table
263,136.4936695979522,carry_to_table,307.69411931062876,approach_shelf,119.49388329313268,approach_shelf,carry_to_table
264,136.25162664887887,carry_to_table,308.3246593024843,approach_shelf,118.0463018442469,approach_shelf,carry_to_table
265,136.009589607947,carry_to_table,308.9668571431075,approach_shelf,116.60119065385537,approach_shelf,carry_to_table
266,135.76755850675443,carry_to_table,309.6206402923304,approach_shelf,115.15864271887645,approach_shelf,carry_to_table
267,135.525533377124,carry_to_table,310.2859355182292,approach_shelf,113.7187555857625,approach_shelf,carry_to_table
268,135.28351425110546,carry_to_table,310.96266893159293,approach_shelf,112.28163162004003,approach_shelf,carry_to_table
269,135.0415011609776,carry_to_table,311.650766020145,approach_shelf,110.84737829423753,approach_shelf,carry_to_table
270,134.79949413925004,carry_to_table,312.35015168248844,approach_shelf,109.41610849558057,approach_shelf,carry_to_table
271,134.5574932186656,carry_to_table,313.0607502617516,approach_shelf,107.98794085494437,approach_shelf,carry_to_table
272,134.31549843220225,carry_to_table,313.7824855789036,approach_shelf,106.56300009866787,approach_shelf,carry_to_table
273,134.07350981307505,carry_to_table,314.5152809657199,approach_shelf,105.14141742496084,approach_shelf,carry_to_table
274,133.8315273947387,carry_to_table,315.25905929737115,approach_shelf,103.72333090676598,approach_shelf,carry_to_table
275,133.5895512108893,carry_to_table,316.0137430246157,approach_shelf,102.30888592308354,approach_shelf,carry_to_table
276,133.3475812954665,carry_to_table,316.7792542055732,approach_shelf,100.89823562091664,approach_shelf,carry_to_table
277,133.10561768265623,carry_to_table,317.55551453706045,approach_shelf,99.49154141015673,approach_shelf,carry_to_table
278,132.8636604068922,carry_to_table,318.3424453854718,approach_shelf,98.08897349390142,approach_shelf,carry_to_table
279,132.62170950285872,carry_to_table,319.13996781718487,approach_shelf,96.69071143687529,approach_shelf,carry_to_table
280,132.37976500549271,carry_to_table,319.9480026284776,approach_shelf,95.29694477481597,approach_shelf,carry_to_table
281,132.1378269499859,carry_to_table,320.76647037494047,approach_shelf,93.9078736678826,approach_shelf,carry_to_table
282,131.89589537178756,carry_to_table,321.59529140037125,approach_shelf,92.5237096013509,approach_shelf,carry_to_table
283,131.65397030660628,carry_to_table,322.4343858651378,approach_shelf,91.14467613706604,approach_shelf,carry_to_table
284,131.41205179041287,carry_to_table,323.2836737740005,approach_shelf,89.77100971933892,approach_shelf,carry_to_table
285,131.17013985944246,carry_to_table,324.1430750033801,approach_shelf,88.40296053918141,approach_shelf,carry_to_table
286,130.92823455019683,carry_to_table,325.012509328066,approach_shelf,87.04079346098544,approach_shelf,carry_to_table
287,130.68633589944733,carry_to_table,325.8918964473531,approach_shelf,85.68478901594624,approach_shelf,carry_to_table
288,130.44444394423675,carry_to_table,326.7811560106018,approach_shelf,84.3352444667113,approach_shelf,carry_to_table
289,130.20255872188238,carry_to_table,327.6802076422149,approach_shelf,82.99247494788989,approach_shelf,carry_to_table
290,129.9606802699781,carry_to_table,328.58897096602556,approach_shelf,81.65681468717563,approach_shelf,carry_to_table
291,129.71880862639716,carry_to_table,329.50736562909333,approach_shelf,80.3286183118992,approach_shelf,carry_to_table
292,129.47694382929487,carry_to_table,330.43531132490233,approach_shelf,79.00826224582639,approach_shelf,carry_to_table
293,129.23508591711092,carry_to_table,331.3727278159627,approach_shelf,77.69614620092295,approach_shelf,carry_to_table
294,128.99323492857235,carry_to_table,332.31953495581007,approach_shelf,76.39269476860046,approach_shelf,carry_to_table
295,128.75139090269596,carry_to_table,333.27565271040504,approach_shelf,75.09835911459949,approach_shelf,carry_to_table
296,128.50955387879105,carry_to_table,334.24100117893056,approach_shelf,73.81361878112726,approach_shelf,carry_to_table
297,128.26772389646257,carry_to_table,335.21550061399023,approach_shelf,72.53898359909142,approach_shelf,carry_to_table
298,128.02590099561309,carry_to_table,336.199071441206,approach_shelf,71.27499571221567,approach_shelf,carry_to_table
299,127.78408521644647,carry_to_table,337.19163427822,approach_shelf,70.02223171341308,approach_shelf,carry_to_table
300,127.54227659947003,carry_to_table,338.1931099531029,approach_shelf,68.78130489196097,approach_shelf,carry_to_table
301,127.30047518549772,carry_to_table,339.2034195221695,approach_shelf,67.55286758767771,approach_shelf,carry_to_table
302,127.05868101565305,carry_to_table,340.2224842872105,approach_shelf,66.33761364534584,approach_shelf,carry_to_table
303,126.81689413137178,carry_to_table,341.2502258121395,approach_shelf,65.13628095895155,approach_shelf,carry_to_table
304,126.57511457440518,carry_to_table,342.28656593906527,approach_shelf,63.94965409078617,approach_shelf,carry_to_table
305,126.33334238682272,carry_to_table,343.3314268037907,approach_shelf,62.77856694495643,approach_shelf,carry_to_table
306,126.09157761101528,carry_to_table,344.38473085074804,approach_shelf,61.62390546822705,approach_shelf,carry_to_table
307,125.8498202896983,carry_to_table,345.44640084737375,approach_shelf,60.486610343240685,approach_shelf,carry_to_table
308,125.6080704659146,carry_to_table,346.5163598979325,approach_shelf,59.367679629883746,approach_shelf,carry_to_table
309,125.36632818303768,carry_to_table,347.59453145679566,approach_shelf,58.26817129978797,approach_shelf,carry_to_table
310,125.12459348477496,carry_to_table,348.68083934118323,approach_shelf,57.18920559659658,approach_shelf,carry_to_table
311,124.88286641517091,carry_to_table,349.7752077433755,approach_shelf,56.131967140672984,approach_shelf,carry_to_table
312,124.6411470186102,carry_to_table,350.87756124240514,approach_shelf,55.09770668146565,approach_shelf,carry_to_table
313,124.399435339821,carry_to_table,351.9878248152354,approach_shelf,54.087742383977286,approach_shelf,carry_to_table
314,124.1577314238786,carry_to_table,353.1059238474353,approach_shelf,53.10346051810184,approach_shelf,carry_to_table
315,123.91603531620825,carry_to_table,354.2317841433593,approach_shelf,52.146315401600006,approach_shelf,carry_to_table
316,123.674347062589,carry_to_table,355.36533193584177,approach_shelf,51.2178284300704,approach_shelf,carry_to_table
317,123.43266670915688,carry_to_table,356.5064938954146,approach_shelf,50.31958601165703,approach_shelf,carry_to_table
318,123.19099430240847,carry_to_table,357.655197139058,approach_shelf,49.45323621200543,approach_shelf,carry_to_table
319,122.94932988920436,carry_to_table,358.8113692384933,approach_shelf,48.62048390811945,approach_shelf,carry_to_table
320,122.70767351677286,carry_to_table,359.97493822802875,approach_shelf,47.823084250625584,approach_shelf,carry_to_table
321,122.46602523271328,carry_to_table,361.1458326119666,approach_shelf,47.06283424517275,approach_shelf,carry_to_table
322,122.22438508500002,carry_to_table,362.32398137158265,approach_shelf,46.341562288060736,approach_shelf,carry_to_table
323,121.98275312198571,carry_to_table,363.50931397168654,approach_shelf,45.66111553139343,approach_shelf,carry_to_table
324,121.7411293924054,carry_to_table,364.7017603667744,approach_shelf,45.02334501131318,approach_shelf,carry_to_table
325,121.49951394538012,carry_to_table,365.9012510067831,approach_shelf,44.43008855052688,approach_shelf,carry_to_table
326,121.25790683042068,carry_to_table,367.1077168424555,approach_shelf,43.88315154328613,approach_shelf,carry_to_table
327,121.01630809743163,carry_to_table,368.3210893303272,approach_shelf,43.38428584519758,approach_shelf,carry_to_table
328,120.77471779671501,carry_to_table,369.54130043734494,approach_shelf,42.93516711727162,approach_shelf,carry_to_table
329,120.53313597897443,carry_to_table,370.76828264512596,approach_shelf,42.537371106377876,approach_shelf,carry_to_table
330,120.29156269531906,carry_to_table,372.0019689538683,approach_shelf,42.19234947308359,approach_shelf,carry_to_table
331,120.0499979972676,carry_to_table,373.24229288592204,approach_shelf,41.90140589096459,approach_shelf,carry_to_table
332,119.80844193675243,carry_to_table,374.48918848903077,approach_shelf,41.66567322609034,approach_shelf,carry_to_table
333,119.56689456612371,carry_to_table,375.74259033925347,approach_shelf,41.486092649112685,approach_shelf,carry_to_table
334,119.32535593815359,carry_to_table,377.0024335435755,approach_shelf,41.36339552504872,approach_shelf,carry_to_table
335,119.0838261060405,carry_to_table,378.2686537422191,approach_shelf,41.298088861301025,approach_shelf,carry_to_table
336,118.84230512341338,carry_to_table,379.54118711066195,approach_shelf,41.290444972095486,approach_shelf,carry_to_table
337,118.60079304433602,carry_to_table,380.81997036137295,approach_shelf,41.34049584311751,approach_shelf,carry_to_table
338,118.35928992331147,carry_to_table,382.1049407452751,approach_shelf,41.44803246572049,approach_shelf,carry_to_table
339,118.11779581528651,carry_to_table,383.3960360529438,approach_shelf,41.61260917279118,approach_shelf,carry_to_table
340,117.87631077565618,carry_to_table,384.69319461554954,approach_shelf,41.833552768309644,approach_shelf,carry_to_table
341,117.63483486026826,carry_to_table,385.99635530555304,approach_shelf,42.109976020342984,approach_shelf,carry_to_table
342,117.39336812542788,carry_to_table,387.305457537163,approach_shelf,42.4407949008053,approach_shelf,carry_to_table
343,117.15191062790234,carry_to_table,388.6204412665635,approach_shelf,42.82474881834113,approach_shelf,carry_to_table
344,116.91046242492563,carry_to_table,389.9412469919188,approach_shelf,43.2604230106369,approach_shelf,carry_to_table
345,116.66902357420337,carry_to_table,391.267815753166,approach_shelf,43.74627224036252,approach_shelf,carry_to_table
346,116.42759413391755,carry_to_table,392.6000891316012,approach_shelf,44.28064497000942,approach_shelf,carry_to_table
347,116.18617416273158,carry_to_table,393.9380092492671,approach_shelf,44.86180726581978,approach_shelf,carry_to_table
348,115.944763719795,carry_to_table,395.28151876815207,approach_shelf,45.48796578782726,approach_shelf,carry_to_table
349,115.70336286474881,carry_to_table,396.6305608892047,approach_shelf,46.15728934888788,approach_shelf,carry_to_table
350,115.4619716577303,carry_to_table,397.9850793511736,approach_shelf,46.86792865833539,approach_shelf,carry_to_table
351,115.22059015937839,carry_to_table,399.34501842927966,approach_shelf,47.61803399524286,approach_shelf,carry_to_table
352,114.9792184308387,carry_to_table,400.7103229337251,approach_shelf,48.40577067442308,approach_shelf,carry_to_table
353,114.73785653376888,carry_to_table,402.0809382080498,approach_shelf,49.229332270111094,approach_shelf,carry_to_table
354,114.496504530344,carry_to_table,403.45681012733905,approach_shelf,50.086951645120195,approach_shelf,carry_to_table
355,114.25516248326191,carry_to_table,404.8378850962897,approach_shelf,50.976909896576245,approach_shelf,carry_to_table
356,114.01383045574873,carry_to_table,406.2241100471418,approach_shelf,51.89754337413415,approach_shelf,carry_to_table
357,113.77250851156442,carry_to_table,407.6154324374814,approach_shelf,52.84724895488932,approach_shelf,carry_to_table
358,113.53119671500835,carry_to_table,409.0118002479199,approach_shelf,53.82448777362779,approach_shelf,carry_to_table
359,113.28989513092502,carry_to_table,410.41316197965745,approach_shelf,54.82778761039147,approach_shelf,carry_to_table
360,113.04860382470982,carry_to_table,411.8194666519341,approach_shelf,55.85574413227728,approach_shelf,carry_to_table
361,112.80732286231486,carry_to_table,413.2306637993764,approach_shelf,56.907021175370716,approach_shelf,carry_to_table
362,112.56605231025492,carry_to_table,414.6467034692425,approach_shelf,57.98035023782794,approach_shelf,carry_to_table
363,112.32479223561323,carry_to_table,416.0675362185726,approach_shelf,59.07452933804672,approach_shelf,carry_to_table
364,112.0835427060479,carry_to_table,417.4931131112506,approach_shelf,60.18842137392967,approach_shelf,carry_to_table
365,111.84230378979763,carry_to_table,418.9233857149783,approach_shelf,61.3209521014077,approach_shelf,carry_to_table
366,111.60107555568824,carry_to_table,420.3583060981717,approach_shelf,62.471107833333534,approach_shelf,carry_to_table
367,111.35985807313894,carry_to_table,421.5644701751657,pick_up,63.63793294402545,approach_shelf,carry_to_table
368,111.1186514121684,carry_to_table,421.99135262324756,carry_to_table,64.82052725037039,approach_shelf,carry_to_table
369,110.87745564340159,carry_to_table,421.797615448453,carry_to_table,66.01804332761749,approach_shelf,carry_to_table
370,110.63627083807607,carry_to_table,421.6040926379805,carry_to_table,67.22968380679607,approach_shelf,carry_to_table
371,110.39509706804868,carry_to_table,421.41078448715524,carry_to_table,68.45469869103087,approach_shelf,carry_to_table
372,110.15393440580237,carry_to_table,421.21769129151653,carry_to_table,69.69238271978723,approach_shelf,carry_to_table
373,109.91278292445274,carry_to_table,421.02481334681664,carry_to_table,70.94207280314141,approach_shelf,carry_to_table
374,109.67164269775516,carry_to_table,420.8321509490207,carry_to_table,72.20314554238315,approach_shelf,carry_to_table
375,109.43051380011161,carry_to_table,420.63970439430426,carry_to_table,73.47501484849366,approach_shelf,carry_to_table
376,109.18939630657778,carry_to_table,420.44747397905365,carry_to_table,74.75712966615013,approach_shelf,carry_to_table
377,108.9482902928703,carry_to_table,420.25545999986383,carry_to_table,76.04897180777827,approach_shelf,carry_to_table
378,108.70719583537374,carry_to_table,420.06366275353815,carry_to_table,77.35005389967327,approach_shelf,carry_to_table
379,108.46611301114841,carry_to_table,419.8720825370868,carry_to_table,78.6599174402561,approach_shelf,carry_to_table
380,108.22504189793726,carry_to_table,419.680719647726,carry_to_table,79.97813096901476,approach_shelf,carry_to_table
381,107.98398257417381,carry_to_table,419.48957438287664,carry_to_table,81.30428834353879,approach_shelf,carry_to_table
382,107.74293511898968,carry_to_table,419.29864704016353,carry_to_table,82.63800712120994,approach_shelf,carry_to_table
383,107.50189961222219,carry_to_table,419.10793791741446,carry_to_table,83.97892704151703,approach_shelf,carry_to_table
384,107.26087613442249,carry_to_table,418.9174473126583,carry_to_table,85.32670860455805,approach_shelf,carry_to_table
385,107.01986476686325,carry_to_table,418.72717552412485,carry_to_table,86.68103174105238,approach_shelf,carry_to_table
386,106.77886559154673,carry_to_table,418.5371228502433,carry_to_table,88.04159456906115,approach_shelf,carry_to_table
387,106.53787869121324,carry_to_table,418.3472895896409,carry_to_table,89.40811223259311,approach_shelf,carry_to_table
388,106.29690414934883,carry_to_table,418.15767604114245,carry_to_table,90.78031581732051,approach_shelf,carry_to_table
389,106.05594205019439,carry_to_table,417.9682825037686,carry_to_table,92.15795133873343,approach_shelf,carry_to_table
390,105.8149924787536,carry_to_table,417.779109276735,carry_to_table,93.54077879821033,approach_shelf,carry_to_table
391,105.57405552080158,carry_to_table,417.59015665945117,carry_to_table,94.92857130265106,approach_shelf,carry_to_table
392,105.33313126289404,carry_to_table,417.4014249515192,carry_to_table,96.32111424351743,approach_shelf,carry_to_table
393,105.09221979237554,carry_to_table,417.2129144527329,carry_to_table,97.7182045313277,approach_shelf,carry_to_table
394,104.85132119738893,carry_to_table,417.02462546307623,carry_to_table,99.11964988186502,approach_shelf,carry_to_table
395,104.61043556688414,carry_to_table,416.83655828272254,carry_to_table,100.52526815057016,approach_shelf,carry_to_table
396,104.36956299062744,carry_to_table,416.648713212033,carry_to_table,101.93488671180252,approach_shelf,carry_to_table
397,104.12870355921093,carry_to_table,416.4610905515559,carry_to_table,103.34834187985517,approach_shelf,carry_to_table
398,103.88785736406176,carry_to_table,416.2736906020251,carry_to_table,104.76547836881329,approach_shelf,carry_to_table
399,103.64702449745197,carry_to_table,416.0865136643588,carry_to_table,106.18614878853347,approach_shelf,carry_to_table
400,103.40620505250791,carry_to_table,415.8995600396587,carry_to_table,107.61021317420712,approach_shelf,carry_to_table
401,103.16539912322037,carry_to_table,415.7128300292085,carry_to_table,109.03753854714195,approach_shelf,carry_to_table
402,102.92460680445444,carry_to_table,415.52632393447277,carry_to_table,110.46799850456273,approach_shelf,carry_to_table
403,102.6838281919596,carry_to_table,415.3400420570959,carry_to_table,111.90147283638453,approach_shelf,carry_to_table
404,102.44306338238015,carry_to_table,415.1539846989005,carry_to_table,113.33784716705883,approach_shelf,carry_to_table
405,102.20231247326537,carry_to_table,414.9681521618862,carry_to_table,114.77701262072685,approach_shelf,carry_to_table
406,101.96157556308026,carry_to_table,414.7825447482293,carry_to_table,116.21886550804413,approach_shelf,carry_to_table
407,101.72085275121633,carry_to_table,414.5971627602802,carry_to_table,117.66330703315553,approach_shelf,carry_to_table
408,101.48014413800206,carry_to_table,414.4120065005629,carry_to_table,119.11024301941399,approach_shelf,carry_to_table
409,101.2394498247144,carry_to_table,414.2270762717736,carry_to_table,120.55958365253477,approach_shelf,carry_to_table
410,100.9987699135895,carry_to_table,414.0423723767796,carry_to_table,122.01124323997612,approach_shelf,carry_to_table
411,100.7581045078343,carry_to_table,413.85789511861776,carry_to_table,123.46513998542328,approach_shelf,carry_to_table
412,100.51745371163794,carry_to_table,413.6736448004933,carry_to_table,124.92119577733452,approach_shelf,carry_to_table
413,100.27681763018325,carry_to_table,413.4896217257787,carry_to_table,126.37933599058654,approach_shelf,carry_to_table
414,100.03619636965877,carry_to_table,413.3058261980119,carry_to_table,127.83948930032301,approach_shelf,carry_to_table
415,99.79559003727053,carry_to_table,413.1222585208958,carry_to_table,129.30158750717914,approach_shelf,carry_to_table
416,99.55499874125432,carry_to_table,412.93891899829623,carry_to_table,130.76556537311117,approach_shelf,carry_to_table
417,99.31442259088797,carry_to_table,412.7558079342408,carry_to_table,132.2313604671206,approach_shelf,carry_to_table
418,99.0738616965037,carry_to_table,412.572925632918,carry_to_table,133.69891302020812,approach_shelf,carry_to_table
419,98.83331616950105,carry_to_table,412.3902723986751,carry_to_table,135.16816578894685,approach_shelf,carry_to_table
420,98.59278612235943,carry_to_table,412.2078485360179,carry_to_table,136.63906392710206,approach_shelf,carry_to_table
421,98.35227166865135,carry_to_table,412.0256543496081,carry_to_table,138.11155486477085,approach_shelf,carry_to_table
422,98.1117729230557,carry_to_table,411.843690144263,carry_to_table,139.58558819454802,approach_shelf,carry_to_table
423,97.87129000137077,carry_to_table,411.66195622495354,carry_to_table,141.06111556426433,approach_shelf,carry_to_table
424,97.63082302052844,carry_to_table,411.4804528968033,carry_to_table,142.53809057587017,approach_shelf,carry_to_table
425,97.39037209860741,carry_to_table,411.29918046508675,carry_to_table,144.01646869007251,approach_shelf,carry_to_table
426,97.14993735484758,carry_to_table,411.11813923522834,carry_to_table,145.49620713635707,approach_shelf,carry_to_table
427,96.9095189096642,carry_to_table,410.9373295128007,carry_to_table,146.97726482805518,approach_shelf,carry_to_table
428,96.66911688466205,carry_to_table,410.75675160352324,carry_to_table,148.45960228213679,approach_shelf,carry_to_table
429,96.42873140265036,carry_to_table,410.5764058132613,carry_to_table,149.9431815434355,approach_shelf,carry_to_table
430,96.1883625876575,carry_to_table,410.39629244802404,carry_to_table,151.42796611302845,approach_shelf,carry_to_table
431,95.94801056494595,carry_to_table,410.2164118139634,carry_to_table,152.91392088051626,approach_shelf,carry_to_table
432,95.70767546102792,carry_to_table,410.03676421737265,carry_to_table,154.40101205996197,approach_shelf,carry_to_table
433,95.46735740368034,carry_to_table,409.8573499646849,carry_to_table,155.88920712926753,approach_shelf,carry_to_table
434,95.2270565219612,carry_to_table,409.6781693624717,carry_to_table,157.37847477277916,approach_shelf,carry_to_table
435,94.9867729462249,carry_to_table,409.49922271744157,carry_to_table,158.86878482692666,approach_shelf,carry_to_table
436,94.74650680813889,carry_to_table,409.32051033643853,carry_to_table,160.3601082287169,approach_shelf,carry_to_table
437,94.50625824070006,carry_to_table,409.14203252644063,carry_to_table,161.85241696691062,approach_shelf,carry_to_table
438,94.26602737825115,carry_to_table,408.9637895945587,carry_to_table,163.34568403572547,approach_shelf,carry_to_table
439,94.02581435649819,carry_to_table,408.78578184803456,carry_to_table,164.83988339091616,approach_shelf,carry_to_table
440,93.78561931252712,carry_to_table,408.6080095942396,carry_to_table,166.334989908095,approach_shelf,carry_to_table
441,93.54544238482173,carry_to_table,408.4304731406734,carry_to_table,167.83097934316152,approach_shelf,carry_to_table
442,93.30528371328116,carry_to_table,408.2531727949624,carry_to_table,169.32782829472188,approach_shelf,carry_to_table
443,93.06514343923787,carry_to_table,408.07610886485804,carry_to_table,170.82551416838277,approach_shelf,carry_to_table
444,92.82502170547598,carry_to_table,407.89928165823534,carry_to_table,172.32401514281557,approach_shelf,carry_to_table
445,92.58491865624984,carry_to_table,407.72269148309147,carry_to_table,173.8233101374891,approach_shelf,carry_to_table
446,92.34483443730272,carry_to_table,407.54633864754436,carry_to_table,175.32337878197984,approach_shelf,carry_to_table
447,92.10476919588612,carry_to_table,407.37022345983087,carry_to_table,176.82420138676966,approach_shelf,carry_to_table
448,91.86472308077889,carry_to_table,407.1943462283054,carry_to_table,178.32575891545113,approach_shelf,carry_to_table
449,91.62469624230727,carry_to_table,407.01870726143846,carry_to_table,179.82803295826196,approach_shelf,carry_to_table
450,91.38468883236456,carry_to_table,406.84330686781465,carry_to_table,181.3310057068767,approach_shelf,carry_to_table
451,91.14470100443174,carry_to_table,406.668145356132,carry_to_table,182.83465993038732,approach_shelf,carry_to_table
452,90.90473291359793,carry_to_table,406.4932230351993,carry_to_table,184.33897895240946,approach_shelf,carry_to_table
453,90.66478471658125,carry_to_table,406.3185402139353,carry_to_table,185.8439466292534,approach_shelf,carry_to_table
454,90.42485657175033,carry_to_table,406.14409720136683,carry_to_table,187.34954732910384,approach_shelf,carry_to_table
455,90.18494863914573,carry_to_table,405.96989430662734,carry_to_table,188.85576591215562,approach_shelf,carry_to_table
456,89.94506108050197,carry_to_table,405.7959318389552,carry_to_table,190.3625877116539,approach_shelf,carry_to_table
457,89.70519405926981,carry_to_table,405.62221010769207,carry_to_table,191.86999851579398,approach_shelf,carry_to_table
458,89.46534774063878,carry_to_table,405.44872942228136,carry_to_table,193.37798455043398,approach_shelf,carry_to_table
459,89.22552229156028,carry_to_table,405.2754900922665,carry_to_table,194.8865324625805,approach_shelf,carry_to_table
460,88.98571788077102,carry_to_table,405.1024924272896,carry_to_table,196.39562930460647,approach_shelf,carry_to_table
461,88.74593467881645,carry_to_table,404.9297367370894,carry_to_table,197.90526251916552,approach_shelf,carry_to_table
462,88.50617285807526,carry_to_table,404.7572233315,carry_to_table,199.41541992476573,approach_shelf,carry_to_table
463,88.26643259278337,carry_to_table,404.5849525204489,carry_to_table,200.9260897019721,approach_shelf,carry_to_table
464,88.02671405905932,carry_to_table,404.4129246139556,carry_to_table,202.43726038020435,approach_shelf,carry_to_table
465,87.78701743492913,carry_to_table,404.2411399221297,carry_to_table,203.94892082510222,approach_shelf,carry_to_table
466,87.5473429003522,carry_to_table,404.0695987551696,carry_to_table,205.46106022642928,approach_shelf,carry_to_table
467,87.3076906372474,carry_to_table,403.8983014233601,carry_to_table,206.9736680864898,approach_shelf,carry_to_table
468,87.06806082951938,carry_to_table,403.7272482370717,carry_to_table,208.48673420903285,approach_shelf,carry_to_table
469,86.82845366308567,carry_to_table,403.556439506758,carry_to_table,210.00024868862138,approach_shelf,carry_to_table
470,86.58886932590406,carry_to_table,403.3858755429547,carry_to_table,211.51420190044252,approach_shelf,carry_to_table
471,86.34930800800028,carry_to_table,403.2155566562772,carry_to_table,213.02858449053957,approach_shelf,carry_to_table
472,86.10976990149643,carry_to_table,403.04548315741965,carry_to_table,214.54338736644428,approach_shelf,carry_to_table
473,85.87025520063955,carry_to_table,402.87565535715237,carry_to_table,216.05860168819206,approach_shelf,carry_to_table
474,85.63076410183085,carry_to_table,402.706073566321,carry_to_table,217.57421885970064,approach_shelf,carry_to_table
475,85.39129680365552,carry_to_table,402.53673809584404,carry_to_table,219.09023052049687,approach_shelf,carry_to_table
476,85.15185350691263,carry_to_table,402.36764925671156,carry_to_table,220.60662853777407,approach_shelf,carry_to_table
477,84.91243441464614,carry_to_table,402.19880735998316,carry_to_table,222.12340499876603,approach_shelf,carry_to_table
478,84.67303973217562,carry_to_table,402.0302127167865,carry_to_table,223.6405522034224,approach_shelf,carry_to_table
479,84.43366966712836,carry_to_table,401.86186563831507,carry_to_table,225.15806265737177,approach_shelf,carry_to_table
480,84.19432442947115,carry_to_table,401.693766435827,carry_to_table,226.67592906516055,approach_shelf,carry_to_table
481,83.95500423154348,carry_to_table,401.5259154206428,carry_to_table,228.19414432375308,approach_shelf,carry_to_table
482,83.71570928809038,carry_to_table,401.35831290414376,carry_to_table,229.71270151628414,approach_shelf,carry_to_table
483,83.4764398162966,carry_to_table,401.19095919777004,carry_to_table,231.23159390605016,approach_shelf,carry_to_table
484,83.23719603582073,carry_to_table,401.0238546130192,carry_to_table,232.75081493073003,approach_shelf,carry_to_table
485,82.99797816883047,carry_to_table,400.85699946144393,carry_to_table,234.27035819682536,approach_shelf,carry_to_table
486,82.75878644003792,carry_to_table,400.69039405465037,carry_to_table,235.79021747430963,approach_shelf,carry_to_table
487,82.51962107673607,carry_to_table,400.52403870429663,carry_to_table,237.31038669147839,approach_shelf,carry_to_table
488,82.28048230883518,carry_to_table,400.3579337220903,carry_to_table,238.83085992999145,approach_shelf,carry_to_table
489,82.04137036890057,carry_to_table,400.1920794197873,carry_to_table,240.35163142009844,approach_shelf,carry_to_table
490,81.80228549219046,carry_to_table,400.02647610918956,carry_to_table,241.87269553604014,approach_shelf,carry_to_table
491,81.56322791669479,carry_to_table,399.86112410214315,carry_to_table,243.39404679161834,approach_shelf,carry_to_table
492,81.32419788317438,carry_to_table,399.69602371053674,carry_to_table,244.91567983592734,approach_shelf,carry_to_table
493,81.0851956352012,carry_to_table,399.5311752462994,carry_to_table,246.43758944923937,approach_shelf,carry_to_table
494,80.84622141919894,carry_to_table,399.36657902139916,carry_to_table,247.9597705390387,approach_shelf,carry_to_table
495,80.6072754844845,carry_to_table,399.2022353478404,carry_to_table,249.48221813619705,approach_shelf,carry_to_table
496,80.36835808331006,carry_to_table,399.03814453766273,carry_to_table,251.0049273912859,approach_shelf,carry_to_table
497,80.12946947090607,carry_to_table,398.8743069029385,carry_to_table,252.52789357101892,approach_shelf,carry_to_table
498,79.89060990552473,carry_to_table,398.7107227557712,carry_to_table,254.05111205481953,approach_shelf,carry_to_table
499,79.65177964848449,carry_to_table,398.5473924082934,carry_to_table,255.57457833150875,approach_shelf,carry_to_table
500,79.4129789642151,carry_to_table,398.3843161726649,carry_to_table,257.0982879961086,approach_shelf,carry_to_table
501,79.17420812030366,carry_to_table,398.2214943610709,carry_to_table,258.6222367467555,approach_shelf,carry_to_table
502,78.93546738754124,carry_to_table,398.0589272857197,carry_to_table,260.1464203817212,approach_shelf,carry_to_table
503,78.69675703997058,carry_to_table,397.89661525884117,carry_to_table,261.67083479653405,approach_shelf,carry_to_table
504,78.45807735493442,carry_to_table,397.7345585926845,carry_to_table,263.19547598119965,approach_shelf,carry_to_table
505,78.21942861312478,carry_to_table,397.5727575995163,carry_to_table,264.72034001751524,approach_shelf,carry_to_table
506,77.98081109863327,carry_to_table,397.41121259161883,carry_to_table,266.24542307647465,approach_shelf,carry_to_table
507,77.7422250990018,carry_to_table,397.2499238812877,carry_to_table,267.77072141575997,approach_shelf,carry_to_table
508,77.50367090527487,carry_to_table,397.08889178083007,carry_to_table,269.2962313773171,approach_shelf,carry_to_table
509,77.26514881205222,carry_to_table,396.92811660256274,carry_to_table,270.82194938501175,approach_shelf,carry_to_table
510,77.02665911754283,carry_to_table,396.76759865880973,carry_to_table,272.3478719423629,approach_shelf,carry_to_table
511,76.78820212361958,carry_to_table,396.60733826190096,carry_to_table,273.87399563035007,approach_shelf,carry_to_table
512,76.54977813587516,carry_to_table,396.4473357241697,carry_to_table,275.40031710529263,approach_shelf,carry_to_table
513,76.31138746367873,carry_to_table,396.28759135795053,carry_to_table,276.92683309679813,approach_shelf,carry_to_table
514,76.07303042023396,carry_to_table,396.12810547557757,carry_to_table,278.45354040577655,approach_shelf,carry_to_table
515,75.83470732263773,carry_to_table,395.9688783893825,carry_to_table,279.98043590251893,approach_shelf,carry_to_table
516,75.59641849194009,carry_to_table,395.8099104116921,carry_to_table,281.5075165248363,approach_shelf,carry_to_table
517,75.35816425320557,carry_to_table,395.6512018548267,carry_to_table,283.03477927625937,approach_shelf,carry_to_table
518,75.11994493557496,carry_to_table,395.49275303109766,carry_to_table,284.5622212242943,approach_shelf,carry_to_table
519,74.88176087232904,carry_to_table,395.33456425280554,carry_to_table,286.0898394987333,approach_shelf,carry_to_table
520,74.64361240095268,carry_to_table,395.1766358322383,carry_to_table,287.61763129001883,approach_shelf,carry_to_table
521,74.40549986320093,carry_to_table,395.0189680816684,carry_to_table,289.1455938476582,approach_shelf,carry_to_table
522,74.16742360516554,carry_to_table,394.8615613133517,carry_to_table,290.6737244786875,approach_shelf,carry_to_table
523,73.92938397734345,carry_to_table,394.70441583952453,carry_to_table,292.202020546184,approach_shelf,carry_to_table
524,73.69138133470598,carry_to_table,394.54753197240217,carry_to_table,293.7304794678218,approach_shelf,carry_to_table
525,73.45341603676953,carry_to_table,394.3909100241764,carry_to_table,295.25909871447465,approach_shelf,carry_to_table
526,73.21548844766797,carry_to_table,394.2345503070136,carry_to_table,296.787875808859,approach_shelf,carry_to_table
527,72.97759893622555,carry_to_table,394.07845313305245,carry_to_table,298.3168083242193,approach_shelf,carry_to_table
528,72.73974787603213,carry_to_table,393.9226188144017,carry_to_table,299.84589388305244,approach_shelf,carry_to_table
529,72.5019356455191,carry_to_table,393.7670476631385,carry_to_table,301.3751301558706,approach_shelf,carry_to_table
530,72.2641626280372,carry_to_table,393.6117399913056,carry_to_table,302.9045148600008,approach_shelf,carry_to_table
531,72.02642921193559,carry_to_table,393.45669611091006,carry_to_table,304.4340457584212,approach_shelf,carry_to_table
532,71.78873579064246,carry_to_table,393.3019163339198,carry_to_table,305.96372065862965,approach_shelf,carry_to_table
533,71.55108276274728,carry_to_table,393.1474009722628,carry_to_table,307.49353741154766,approach_shelf,carry_to_table
534,71.31347053208461,carry_to_table,392.99315033782415,carry_to_table,309.0234939104553,approach_shelf,carry_to_table
535,71.07589950781929,carry_to_table,392.839164742444,carry_to_table,310.5535880899575,approach_shelf,carry_to_table
536,70.83837010453374,carry_to_table,392.68544449791534,carry_to_table,312.08381792498017,approach_shelf,carry_to_table
537,70.60088274231637,carry_to_table,392.531989915982,carry_to_table,313.6141814297958,approach_shelf,carry_to_table
538,70.36343784685242,carry_to_table,392.378801308336,carry_to_table,315.1446766570759,approach_shelf,carry_to_table
539,70.12603584951573,carry_to_table,392.2258789866162,carry_to_table,316.6753016969723,approach_shelf,carry_to_table
540,69.88867718746295,carry_to_table,392.07322326240484,carry_to_table,318.206054676223,approach_shelf,carry_to_table
541,69.65136230372944,carry_to_table,391.9208344472266,carry_to_table,319.736933757284,approach_shelf,carry_to_table
542,69.41409164732701,carry_to_table,391.7687128525453,carry_to_table,321.267937137486,approach_shelf,carry_to_table
543,69.17686567334326,carry_to_table,391.6168587897625,carry_to_table,322.7990630482142,approach_shelf,carry_to_table
544,68.93968484304366,carry_to_table,391.4652725702145,carry_to_table,324.33030975411117,approach_shelf,carry_to_table
545,68.70254962397492,carry_to_table,391.31395450517067,carry_to_table,325.8616755523021,approach_shelf,carry_to_table
546,68.46546049007071,carry_to_table,391.16290490583094,carry_to_table,327.39315877164177,approach_shelf,carry_to_table
547,68.22841792175949,carry_to_table,391.01212408332344,carry_to_table,328.92475777198104,approach_shelf,carry_to_table
548,67.99142240607448,carry_to_table,390.8616123487027,carry_to_table,330.4564709434556,approach_shelf,carry_to_table
549,67.75447443676596,carry_to_table,390.71137001294653,carry_to_table,331.98829670579175,approach_shelf,carry_to_table
550,67.51757451441539,carry_to_table,390.56139738695447,carry_to_table,333.52023350763324,approach_shelf,carry_to_table
551,67.28072314655248,carry_to_table,390.41169478154524,carry_to_table,335.0522798258846,approach_shelf,carry_to_table
552,67.04392084777402,carry_to_table,390.26226250745447,carry_to_table,336.5844341650742,approach_shelf,carry_to_table
553,66.80716813986565,carry_to_table,390.11310087533195,carry_to_table,338.11669505673154,approach_shelf,carry_to_table
554,66.57046555192562,carry_to_table,389.9642101957403,carry_to_table,339.6490610587845,approach_shelf,carry_to_table
555,66.33381362049141,carry_to_table,389.8155907791517,carry_to_table,341.18153075496974,approach_shelf,carry_to_table
556,66.09721288966885,carry_to_table,389.66724293594586,carry_to_table,342.7141027542613,approach_shelf,carry_to_table
557,65.86066391126397,carry_to_table,389.519166976408,carry_to_table,344.24677569031167,approach_shelf,carry_to_table
558,65.62416724491727,carry_to_table,389.3713632107259,carry_to_table,345.77954822091004,approach_shelf,carry_to_table
559,65.38772345824115,carry_to_table,389.22383194898816,carry_to_table,347.3124190274527,approach_shelf,carry_to_table
560,65.15133312695991,carry_to_table,389.07657350118143,carry_to_table,348.845386814429,approach_shelf,carry_to_table
561,64.91499683505295,carry_to_table,388.92958817718824,carry_to_table,350.37845030891924,approach_shelf,carry_to_table
562,64.67871517490052,carry_to_table,388.78287628678436,carry_to_table,351.91160826010616,approach_shelf,carry_to_table
563,64.44248874743293,carry_to_table,388.6364381396369,carry_to_table,353.44485943879897,approach_shelf,carry_to_table
564,64.20631816228274,carry_to_table,388.49027404530153,carry_to_table,354.9782026369702,approach_shelf,carry_to_table
565,63.97020403794003,carry_to_table,388.34438431322013,carry_to_table,356.5116366673026,approach_shelf,carry_to_table
566,63.73414700191117,carry_to_table,388.1987692527187,carry_to_table,358.04516036274964,approach_shelf,carry_to_table
567,63.49814769088074,carry_to_table,388.0534291730044,carry_to_table,359.57877257610596,approach_shelf,carry_to_table
568,63.26220675087718,carry_to_table,387.9083643831636,carry_to_table,361.11247217958845,approach_shelf,carry_to_table
569,63.02632483744157,carry_to_table,387.76357519215935,carry_to_table,362.6462580644294,approach_shelf,carry_to_table
570,62.79050261580022,carry_to_table,387.6190619088289,carry_to_table,364.18012914047745,approach_shelf,carry_to_table
571,62.554740761041174,carry_to_table,387.47482484188123,carry_to_table,365.7140843358106,approach_shelf,carry_to_table
572,62.31903995829416,carry_to_table,387.3308642998947,carry_to_table,367.24812259635763,approach_shelf,carry_to_table
573,62.083400902914505,carry_to_table,387.1871805913147,carry_to_table,368.78224288552957,approach_shelf,carry_to_table
574,61.84782430067116,carry_to_table,387.0437740244506,carry_to_table,370.3164441838596,approach_shelf,carry_to_table
575,61.612310867938625,carry_to_table,386.90064490747443,carry_to_table,371.8507254886521,approach_shelf,carry_to_table
576,61.37686133189344,carry_to_table,386.7577935484173,carry_to_table,373.3850858136403,approach_shelf,carry_to_table
577,61.14147643071426,carry_to_table,386.6152202551674,carry_to_table,374.91952418865264,approach_shelf,carry_to_table
578,60.906156913786944,carry_to_table,386.4729253354676,carry_to_table,376.454039659286,approach_shelf,carry_to_table
579,60.67090354191398,carry_to_table,386.330909096913,carry_to_table,377.98863128658826,approach_shelf,carry_to_table
580,60.43571708752834,carry_to_table,386.18917184694783,carry_to_table,379.5232981467472,approach_shelf,carry_to_table
581,60.2005983349123,carry_to_table,386.04771389286395,carry_to_table,381.05803933078835,approach_shelf,carry_to_table
582,59.965548080420845,carry_to_table,385.9065355417973,carry_to_table,382.59285394427854,approach_shelf,carry_to_table
583,59.73056713271041,carry_to_table,385.7656371007265,carry_to_table,384.1277411070369,approach_shelf,carry_to_table
584,59.49565631297241,carry_to_table,385.62501887646914,carry_to_table,385.66269995285387,approach_shelf,carry_to_table
585,59.26081645517197,carry_to_table,385.48468117568024,carry_to_table,387.1977296292149,approach_shelf,carry_to_table
586,59.02604840629237,carry_to_table,385.3446243048493,carry_to_table,388.7328292970325,approach_shelf,carry_to_table
587,58.79135302658465,carry_to_table,385.20484857029766,carry_to_table,390.2679981303825,approach_shelf,carry_to_table
588,58.55673118982291,carry_to_table,385.06535427817624,carry_to_table,391.8032353162493,approach_shelf,carry_to_table
589,58.32218378356558,carry_to_table,384.92614173446276,carry_to_table,393.33854005427384,approach_shelf,carry_to_table
590,58.08771170942228,carry_to_table,384.78721124495934,carry_to_table,394.87391155651,approach_shelf,carry_to_table
591,57.85331588332737,carry_to_table,384.6485631152898,carry_to_table,396.4093490471847,approach_shelf,carry_to_table
592,57.61899723581889,carry_to_table,384.51019765089734,carry_to_table,397.9448517624653,approach_shelf,carry_to_table
593,57.384756712324666,carry_to_table,384.37211515704166,carry_to_table,399.48041895023033,approach_shelf,carry_to_table
594,57.15059527345467,carry_to_table,384.23431593879656,carry_to_table,401.01604986984773,approach_shelf,carry_to_table
595,56.916513895300135,carry_to_table,384.0968003010473,carry_to_table,402.5517437919555,approach_shelf,carry_to_table
596,56.682513569739534,carry_to_table,383.9595685484884,carry_to_table,404.08749999825005,approach_shelf,carry_to_table
597,56.448595304751954,carry_to_table,383.82262098562,carry_to_table,405.6233177812767,approach_shelf,carry_to_table
598,56.21476012473733,carry_to_table,383.68595791674653,carry_to_table,407.1591964442274,approach_shelf,carry_to_table
599,55.98100907084479,carry_to_table,383.54957964597327,carry_to_table,408.6951353007406,approach_shelf,carry_to_table
600,55.74734320130768,carry_to_table,383.413486477204,carry_to_table,410.2311336747078,approach_shelf,carry_to_table
601,55.51376359178786,carry_to_table,383.27767871413846,carry_to_table,411.76719090008197,approach_shelf,carry_to_table
602,55.280271335726816,carry_to_table,383.14215666026934,carry_to_table,413.3033063206931,approach_shelf,carry_to_table
603,55.04686754470585,carry_to_table,383.0069206188805,carry_to_table,414.8394792900649,approach_shelf,carry_to_table
604,54.81355334881463,carry_to_table,382.8719708930433,carry_to_table,416.37570917123776,approach_shelf,carry_to_table
605,54.58032989702827,carry_to_table,382.73730778561446,carry_to_table,417.9119953365942,approach_shelf,carry_to_table
606,54.3471983575941,carry_to_table,382.60293159923367,carry_to_table,419.44833716768903,approach_shelf,carry_to_table
607,54.11415991842672,carry_to_table,382.4688426363206,carry_to_table,420.98473405508264,approach_shelf,carry_to_table
608,53.8812157875134,carry_to_table,382.335041199072,carry_to_table,422.52118539817786,approach_shelf,carry_to_table
609,53.64836719332888,carry_to_table,382.2015275894597,carry_to_table,424.05769060506077,approach_shelf,carry_to_table
610,53.41561538526027,carry_to_table,382.0683021092275,carry_to_table,425.5942490923451,approach_shelf,carry_to_table
611,53.18296163404222,carry_to_table,381.9353650598883,carry_to_table,427.1308602850186,approach_shelf,carry_to_table
612,52.950407232202664,carry_to_table,381.8027167427221,carry_to_table,428.6675236162947,approach_shelf,carry_to_table
613,52.71795349451959,carry_to_table,381.67035745877274,carry_to_table,430.2042385274656,approach_shelf,carry_to_table
614,52.4856017584891,carry_to_table,381.53828750884537,carry_to_table,431.7410044677593,approach_shelf,carry_to_table
615,52.25335338480421,carry_to_table,381.4065071935037,carry_to_table,433.2778208942001,approach_shelf,carry_to_table
616,52.02120975784679,carry_to_table,381.2750168130677,carry_to_table,434.8146872714706,approach_shelf,carry_to_table
617,51.789172286190244,carry_to_table,381.14381666761005,carry_to_table,436.35160307177796,approach_shelf,carry_to_table
618,51.557242403115836,carry_to_table,381.01290705695436,carry_to_table,437.88856777472216,approach_shelf,carry_to_table
619,51.325421567140914,carry_to_table,380.88228828067196,carry_to_table,439.42558086716804,approach_shelf,carry_to_table
620,51.09371126256112,carry_to_table,380.751960638079,carry_to_table,440.962641843118,approach_shelf,carry_to_table
621,50.8621130000056,carry_to_table,380.6219244282345,carry_to_table,442.4997502035898,approach_shelf,carry_to_table
622,50.6306283170065,carry_to_table,380.4921799499365,carry_to_table,444.0369054564949,approach_shelf,carry_to_table
623,50.399258778582364,carry_to_table,380.3627275017204,carry_to_table,445.57410711652057,approach_shelf,carry_to_table
624,50.168005977837225,carry_to_table,380.23356738185555,carry_to_table,447.1113547050134,approach_shelf,carry_to_table
625,49.9368715365736,carry_to_table,380.1046998883426,carry_to_table,448.6486477498661,approach_shelf,carry_to_table
626,49.705857105922064,carry_to_table,379.97612531891116,carry_to_table,450.1859857854062,approach_shelf,carry_to_table
627,49.474964366986384,carry_to_table,379.84784397101646,carry_to_table,451.723368352287,approach_shelf,carry_to_table
628,49.24419503150538,carry_to_table,379.71985614183694,carry_to_table,453.26079499738063,approach_shelf,carry_to_table
629,49.01355084253186,carry_to_table,379.5921621282714,carry_to_table,454.79826527367317,approach_shelf,carry_to_table
630,48.78303357512848,carry_to_table,379.4647622269365,carry_to_table,456.33577874016265,approach_shelf,carry_to_table
631,48.552645037082286,carry_to_table,379.3376567341631,carry_to_table,457.8733349617582,approach_shelf,carry_to_table
632,48.32238706963729,carry_to_table,379.2108459459949,carry_to_table,459.41093350918163,approach_shelf,carry_to_table
633,48.09226154824635,carry_to_table,379.0843301581843,carry_to_table,460.9485739588705,approach_shelf,carry_to_table
634,47.86227038334223,carry_to_table,378.95810966619035,carry_to_table,462.4862558928843,approach_shelf,carry_to_table
635,47.63241552112938,carry_to_table,378.83218476517595,carry_to_table,464.02397889881064,approach_shelf,carry_to_table
636,47.40269894439593,carry_to_table,378.7065557500046,carry_to_table,465.5617425696756,approach_shelf,carry_to_table
637,47.17312267334746,carry_to_table,378.5812229152381,carry_to_table,467.09954650385316,approach_shelf,carry_to_table
638,46.94368876646233,carry_to_table,378.45618655513334,carry_to_table,468.63739030497896,approach_shelf,carry_to_table
639,46.714399321370045,carry_to_table,378.33144696364,carry_to_table,470.1752735818637,approach_shelf,carry_to_table
640,46.4852564757526,carry_to_table,378.2070044343971,carry_to_table,471.71319594841003,approach_shelf,carry_to_table
641,46.25626240826988,carry_to_table,378.08285926073074,carry_to_table,473.25115702352934,approach_shelf,carry_to_table
642,46.02741933950986,carry_to_table,377.95901173565085,carry_to_table,474.7891564310614,approach_shelf,carry_to_table
643,45.798729532964,carry_to_table,377.8354621518488,carry_to_table,476.3271937996946,approach_shelf,carry_to_table
644,45.57019529602919,carry_to_table,377.71221080169397,carry_to_table,477.8652687628892,approach_shelf,carry_to_table
645,45.34181898103596,carry_to_table,377.5892579772317,carry_to_table,479.4033809587999,approach_shelf,carry_to_table
646,45.11360298630524,carry_to_table,377.4666039701796,carry_to_table,480.9415300302019,approach_shelf,carry_to_table
647,44.885549757233036,carry_to_table,377.3442490719254,carry_to_table,482.479715624417,approach_shelf,carry_to_table
648,44.657661787405125,carry_to_table,377.2221935735238,carry_to_table,484.01793739324216,approach_shelf,carry_to_table
649,44.42994161974135,carry_to_table,377.1004377656935,carry_to_table,485.55619499287843,approach_shelf,carry_to_table
650,44.20239184767186,carry_to_table,376.97898193881497,carry_to_table,487.0944880838617,approach_shelf,carry_to_table
651,43.975015116345,carry_to_table,376.85782638292636,carry_to_table,488.63281633099484,approach_shelf,carry_to_table
652,43.74781412386868,carry_to_table,376.73697138772206,carry_to_table,490.1711794032812,approach_shelf,carry_to_table
653,43.520791622585314,carry_to_table,376.61641724254883,carry_to_table,491.70957697385876,approach_shelf,carry_to_table
654,43.29395042038284,carry_to_table,376.49616423640344,carry_to_table,493.2480087199359,approach_shelf,carry_to_table
655,43.06729338204086,carry_to_table,376.37621265792956,carry_to_table,494.78647432272857,approach_shelf,carry_to_table
656,42.84082343061514,carry_to_table,376.256562795415,carry_to_table,496.32497346739854,approach_shelf,carry_to_table
657,42.61454354885947,carry_to_table,376.1372149367887,carry_to_table,497.86350584299214,approach_shelf,carry_to_table
658,42.38845678068835,carry_to_table,376.0181693696182,carry_to_table,499.40207114238086,approach_shelf,carry_to_table
659,42.16256623267928,carry_to_table,375.89942638110614,carry_to_table,500.9406690622031,approach_shelf,carry_to_table
660,41.936875075618055,carry_to_table,375.780986258088,carry_to_table,502.4792993028062,approach_shelf,carry_to_table
661,41.71138654608674,carry_to_table,375.6628492870288,carry_to_table,504.0179615681905,approach_shelf,carry_to_table
662,41.48610394809659,carry_to_table,375.54501575402037,carry_to_table,505.55665556595375,approach_shelf,carry_to_table
663,41.26103065476711,carry_to_table,375.42748594477837,carry_to_table,507.09538100723626,approach_shelf,carry_to_table
664,41.03617011005205,carry_to_table,375.31026014463964,carry_to_table,508.63413760666845,approach_shelf,carry_to_table
665,40.81152583051471,carry_to_table,375.1933386385589,carry_to_table,510.1729250823175,approach_shelf,carry_to_table
666,40.58710140715334,carry_to_table,375.0767217111059,carry_to_table,511.71174315563644,approach_shelf,carry_to_table
667,40.362900507278674,carry_to_table,374.96040964646306,carry_to_table,513.2505915514132,approach_shelf,carry_to_table
668,40.13892687644429,carry_to_table,374.84440272842187,carry_to_table,514.7894699977211,approach_shelf,carry_to_table
669,39.91518434043304,carry_to_table,374.7287012403802,carry_to_table,516.3283782258699,approach_shelf,carry_to_table
670,39.69167680729929,carry_to_table,374.61330546533964,carry_to_table,517.8673159703583,approach_shelf,carry_to_table
671,39.46840826947039,carry_to_table,374.4982156859022,carry_to_table,519.4062829688258,approach_shelf,carry_to_table
672,39.24538280590765,carry_to_table,374.3834321842675,carry_to_table,520.9452789620084,approach_shelf,carry_to_table
673,39.022604584330495,carry_to_table,374.2689552422303,carry_to_table,522.4843036936907,approach_shelf,carry_to_table
674,38.80007786350345,carry_to_table,374.15478514117643,carry_to_table,524.0233569106633,approach_shelf,carry_to_table
675,38.577806995590066,carry_to_table,374.0409221620813,carry_to_table,525.5624383626778,approach_shelf,carry_to_table
676,38.35579642857388,carry_to_table,373.9273665855059,carry_to_table,527.101547802404,approach_shelf,carry_to_table
677,38.13405070875044,carry_to_table,373.81411869159433,carry_to_table,528.6406849853876,approach_shelf,carry_to_table
678,37.91257448329035,carry_to_table,373.7011787600708,carry_to_table,530.1798496700088,approach_shelf,carry_to_table
679,37.69137250287757,carry_to_table,373.58854707023636,carry_to_table,531.719041617441,approach_shelf,carry_to_table
680,37.47044962442335,carry_to_table,373.4762239009667,carry_to_table,533.2582605916107,approach_shelf,carry_to_table
681,37.24981081386004,carry_to_table,373.36420953070854,carry_to_table,534.7975063591581,approach_shelf,carry_to_table
682,37.029461149015184,carry_to_table,373.2525042374765,carry_to_table,536.3367786893986,approach_shelf,carry_to_table
683,36.80940582256971,carry_to_table,373.14110829885107,carry_to_table,537.8760773542837,approach_shelf,carry_to_table
684,36.58965014510213,carry_to_table,373.030021991975,carry_to_table,539.4154021283647,approach_shelf,carry_to_table
685,36.37019954822158,carry_to_table,372.91924559355033,carry_to_table,540.9547527887547,approach_shelf,carry_to_table
686,36.15105958779205,carry_to_table,372.8087793798356,carry_to_table,542.4941291150933,approach_shelf,carry_to_table
687,35.93223594725022,carry_to_table,372.698623626643,carry_to_table,544.0335308895104,approach_shelf,carry_to_table
688,35.713734441021096,carry_to_table,372.58877860933507,carry_to_table,545.5729578965911,approach_shelf,carry_to_table
689,35.49556101803197,carry_to_table,372.47924460282223,carry_to_table,547.1124099233417,approach_shelf,carry_to_table
690,35.27772176532994,carry_to_table,372.37002188155935,carry_to_table,548.6518867591556,approach_shelf,carry_to_table
691,35.06022291180382,carry_to_table,372.26111071954284,carry_to_table,550.1913881957798,approach_shelf,carry_to_table
692,34.843070832015634,carry_to_table,372.15251139030806,carry_to_table,551.7309140272827,approach_shelf,carry_to_table
693,34.62627205014255,carry_to_table,372.0442241669262,carry_to_table,553.270464050021,approach_shelf,carry_to_table
694,34.40983324403441,carry_to_table,371.93624932200066,carry_to_table,554.8100380626094,approach_shelf,carry_to_table
695,34.19376124938825,carry_to_table,371.82858712766534,carry_to_table,556.3496358658876,approach_shelf,carry_to_table
696,33.978063064044974,carry_to_table,371.7212378555807,carry_to_table,557.8892572628918,approach_shelf,carry_to_table
697,33.762745852409786,carry_to_table,371.61420177693066,carry_to_table,559.4289020588224,approach_shelf,carry_to_table
698,33.547816950000694,carry_to_table,371.50747916242074,carry_to_table,560.9685700610165,approach_shelf,carry_to_table
699,33.3332838681285,carry_to_table,371.40107028227385,carry_to_table,562.508261078917,approach_shelf,carry_to_table
700,33.119154298711436,carry_to_table,371.294975406228,carry_to_table,564.0479749240451,approach_shelf,carry_to_table
701,32.90543611922843,carry_to_table,371.1891948035331,carry_to_table,565.5877114099708,approach_shelf,carry_to_table
702,32.69213739781374,carry_to_table,371.08372874294827,carry_to_table,567.1274703522871,approach_shelf,carry_to_table
703,32.47926639849773,carry_to_table,370.9785774927383,carry_to_table,568.6672515685808,approach_shelf,carry_to_table
704,32.26683158659638,carry_to_table,370.8737413206713,carry_to_table,570.2070548784068,approach_shelf,carry_to_table
705,32.05484163425414,carry_to_table,370.76922049401514,carry_to_table,571.7468801032609,approach_shelf,carry_to_table
706,31.843305426142376,carry_to_table,370.6650152795351,carry_to_table,573.2867270665545,approach_shelf,carry_to_table
707,31.63223206531921,carry_to_table,370.5611259434903,carry_to_table,574.8265955935885,approach_shelf,carry_to_table
708,31.421630879252113,carry_to_table,370.45755275163094,carry_to_table,576.3664855115289,approach_shelf,carry_to_table
709,31.211511426008805,carry_to_table,370.3542959691955,carry_to_table,577.9063966493808,approach_shelf,carry_to_table
710,31.00188350061852,carry_to_table,370.2513558609077,carry_to_table,579.4463288379648,approach_shelf,carry_to_table
711,30.79275714160903,carry_to_table,370.14873269097296,carry_to_table,580.9862819098929,approach_shelf,carry_to_table
712,30.58414263772067,carry_to_table,370.0464267230764,carry_to_table,582.5262556995451,approach_shelf,carry_to_table
713,30.37605053480327,carry_to_table,369.94443822037914,carry_to_table,584.0662500430456,approach_shelf,carry_to_table
714,30.168491642896836,carry_to_table,369.8427674455153,carry_to_table,585.6062647782402,approach_shelf,carry_to_table
715,29.96147704350198,carry_to_table,369.74141466058956,carry_to_table,587.1462997446744,approach_shelf,carry_to_table
716,29.755018097040306,carry_to_table,369.64038012717367,carry_to_table,588.6863547835698,approach_shelf,carry_to_table
717,29.549126450510183,carry_to_table,369.5396641063038,carry_to_table,590.2264297378035,approach_shelf,carry_to_table
718,29.343814045338895,carry_to_table,369.4392668584771,carry_to_table,591.7665244518864,approach_shelf,carry_to_table
719,29.139093125434684,carry_to_table,369.3391886436493,carry_to_table,593.3066387719418,approach_shelf,carry_to_table
720,28.934976245440897,carry_to_table,369.23942972123143,carry_to_table,594.8467725456843,approach_shelf,carry_to_table
721,28.731476279193195,carry_to_table,369.13999035008686,carry_to_table,596.3869256224001,approach_shelf,carry_to_table
722,28.528606428383384,carry_to_table,369.040870788528,carry_to_table,597.9270978529262,approach_shelf,carry_to_table
723,28.326380231429052,carry_to_table,368.94207129431413,carry_to_table,599.4672890896306,approach_shelf,carry_to_table
724,28.124811572551707,carry_to_table,368.8435921246477,carry_to_table,601.007499186393,approach_shelf,carry_to_table
725,27.923914691062198,carry_to_table,368.7454335361715,carry_to_table,602.5477279985854,approach_shelf,carry_to_table
726,27.723704190855273,carry_to_table,368.6475957849658,carry_to_table,604.0879753830525,approach_shelf,carry_to_table
727,27.524195050110233,carry_to_table,368.55007912654554,carry_to_table,605.6282411980943,approach_shelf,carry_to_table
728,27.325402631198816,carry_to_table,368.4528838158568,carry_to_table,607.1685253034469,approach_shelf,carry_to_table
729,27.127342690795896,carry_to_table,368.3560101072744,carry_to_table,608.7088275602639,approach_shelf,carry_to_table
730,26.930031390192884,carry_to_table,368.25945825459877,carry_to_table,610.2491478310994,approach_shelf,carry_to_table
731,26.733485305807196,carry_to_table,368.16322851105275,carry_to_table,611.7894859798905,approach_shelf,carry_to_table
732,26.53772143988613,carry_to_table,368.06732112927864,carry_to_table,613.3298418719388,approach_shelf,carry_to_table
733,26.34275723139689,carry_to_table,367.9717363613357,carry_to_table,614.870215373895,approach_shelf,carry_to_table
734,26.148610567098554,carry_to_table,367.87647445869663,carry_to_table,616.4106063537404,approach_shelf,carry_to_table
735,25.955299792785752,carry_to_table,367.7815356722449,carry_to_table,617.9510146807716,approach_shelf,carry_to_table
736,25.762843724696552,carry_to_table,367.6869202522715,carry_to_table,619.4914402255835,approach_shelf,carry_to_table
737,25.5712616610723,carry_to_table,367.5926284484725,carry_to_table,621.031882860054,approach_shelf,carry_to_table
738,25.38057339385892,carry_to_table,367.49866050994547,carry_to_table,622.5723424573273,approach_shelf,carry_to_table
739,25.190799220533652,carry_to_table,367.4050166851868,carry_to_table,624.1128188917983,approach_shelf,carry_to_table
740,25.001959956042583,carry_to_table,367.311697222089,carry_to_table,625.653312039098,approach_shelf,carry_to_table
741,24.81407694483151,carry_to_table,367.21870236793717,carry_to_table,627.1938217760782,approach_shelf,carry_to_table
742,24.627172072948614,carry_to_table,367.1260323694067,carry_to_table,628.7343479807956,approach_shelf,carry_to_table
743,24.441267780198523,carry_to_table,367.0336874725595,carry_to_table,630.2748905324984,approach_shelf,carry_to_table
744,24.256387072320905,carry_to_table,366.9416679228421,carry_to_table,631.8154493116111,approach_shelf,carry_to_table
745,24.072553533169042,carry_to_table,366.8499739650816,carry_to_table,633.3560241997204,approach_shelf,carry_to_table
746,23.889791336854767,carry_to_table,366.75860584348345,carry_to_table,634.8966150795607,approach_shelf,carry_to_table
747,23.70812525982969,carry_to_table,366.66756380162843,carry_to_table,636.4372218350011,approach_shelf,carry_to_table
748,23.52758069286416,carry_to_table,366.5768480824691,carry_to_table,637.977844351031,approach_shelf,carry_to_table
749,23.348183652884764,carry_to_table,366.4864589283278,carry_to_table,639.518482513747,approach_shelf,carry_to_table
750,23.1699607946276,carry_to_table,366.3963965808932,carry_to_table,641.0591362103394,approach_shelf,carry_to_table
751,22.992939422058743,carry_to_table,366.3066612812172,carry_to_table,642.5998053290796,approach_shelf,carry_to_table
752,22.817147499512096,carry_to_table,366.21725326971205,carry_to_table,644.140489759306,approach_shelf,carry_to_table
753,22.642613662487438,carry_to_table,366.1281727861479,carry_to_table,645.6811893914129,approach_shelf,carry_to_table
754,22.469367228050075,carry_to_table,366.03942006964945,carry_to_table,647.2219041168371,approach_shelf,carry_to_table
755,22.2974382047676,carry_to_table,365.9509953586928,carry_to_table,648.7626338280453,approach_shelf,carry_to_table
756,22.126857302112004,carry_to_table,365.8628988911033,carry_to_table,650.3033784185222,approach_shelf,carry_to_table
757,21.957655939256522,carry_to_table,365.7751309040518,carry_to_table,651.844137782759,approach_shelf,carry_to_table
758,21.78986625318404,carry_to_table,365.6876916340524,carry_to_table,653.3849118162409,approach_shelf,carry_to_table
759,21.623521106024185,carry_to_table,365.60058131695877,carry_to_table,654.9257004154356,approach_shelf,carry_to_table
760,21.458654091527784,carry_to_table,365.513800187962,carry_to_table,656.4665034777812,approach_shelf,carry_to_table
761,21.295299540582928,carry_to_table,365.42734848158756,carry_to_table,658.007320901677,approach_shelf,carry_to_table
762,21.133492525671215,carry_to_table,365.34122643169195,carry_to_table,659.5481525864694,approach_shelf,carry_to_table
763,20.97326886415651,carry_to_table,365.25543427145993,carry_to_table,661.0889984324428,approach_shelf,carry_to_table
764,20.814665120292798,carry_to_table,365.1699722334022,carry_to_table,662.6298583408078,approach_shelf,carry_to_table
765,20.657718605833853,carry_to_table,365.08484054935167,carry_to_table,664.1707322136917,approach_shelf,carry_to_table
766,20.50246737911887,carry_to_table,365.0000394504613,carry_to_table,665.7116199541265,approach_shelf,carry_to_table
767,20.348950242506298,carry_to_table,364.9155691672006,carry_to_table,667.2525214660388,approach_shelf,carry_to_table
768,20.197206738019617,carry_to_table,364.8314299293531,carry_to_table,668.7934366542403,approach_shelf,carry_to_table
769,20.04727714106716,carry_to_table,364.7476219660136,carry_to_table,670.3343654244165,approach_shelf,carry_to_table
770,19.899202452092,carry_to_table,364.6641455055849,carry_to_table,671.8753076831183,approach_shelf,carry_to_table
771,19.753024386004224,carry_to_table,364.5810007757749,carry_to_table,673.41626333775,approach_shelf,carry_to_table
772,19.608785359245314,carry_to_table,364.4981880035946,carry_to_table,674.9572322965615,approach_shelf,carry_to_table
773,19.46652847433186,carry_to_table,364.41570741535395,carry_to_table,676.4982144686371,approach_shelf,carry_to_table
774,19.326297501723694,carry_to_table,364.33355923666005,carry_to_table,678.0392097638878,approach_shelf,carry_to_table
775,19.18813685886246,carry_to_table,364.2517436924136,carry_to_table,679.5802180930405,approach_shelf,carry_to_table
776,19.052091586224368,carry_to_table,364.17026100680647,carry_to_table,681.1212393676287,approach_shelf,carry_to_table
777,18.91820732023695,carry_to_table,364.0891114033188,carry_to_table,682.662273499985,approach_shelf,carry_to_table
778,18.786530262909082,carry_to_table,364.0082951047159,carry_to_table,684.2033204032302,approach_shelf,carry_to_table
779,18.657107148029976,carry_to_table,363.9278123330455,carry_to_table,685.7443799912661,approach_shelf,carry_to_table
780,18.529985203801104,carry_to_table,363.84766330963544,carry_to_table,687.2854521787651,approach_shelf,carry_to_table
781,18.40521211176994,carry_to_table,363.76784825509,carry_to_table,688.8265368811636,approach_shelf,carry_to_table
782,18.28283596194919,carry_to_table,363.68836738928763,carry_to_table,690.3676340146517,approach_shelf,carry_to_table
783,18.162905204013658,carry_to_table,363.6092209313779,carry_to_table,691.9087434961654,approach_shelf,carry_to_table
784,18.04546859448573,carry_to_table,363.53040909977886,carry_to_table,693.4498652433787,approach_shelf,carry_to_table
785,17.930575139835796,carry_to_table,363.45193211217435,carry_to_table,694.9909991746952,approach_shelf,carry_to_table
786,17.818274035443686,carry_to_table,363.37379018551053,carry_to_table,696.5321452092398,approach_shelf,carry_to_table
787,17.70861460039091,carry_to_table,363.2959835359939,carry_to_table,698.0733032668514,approach_shelf,carry_to_table
788,17.60164620807764,carry_to_table,363.2185123790883,carry_to_table,699.6144732680743,approach_shelf,carry_to_table
789,17.497418212685787,carry_to_table,363.14137692951147,carry_to_table,701.1556551341507,approach_shelf,carry_to_table
790,17.395979871541268,carry_to_table,363.06457740123307,carry_to_table,702.696848787013,approach_shelf,carry_to_table
791,17.29738026345753,carry_to_table,362.98811400747184,carry_to_table,704.238054149277,approach_shelf,carry_to_table
792,17.201668203182372,carry_to_table,362.91198696069216,carry_to_table,705.7792711442333,approach_shelf,carry_to_table
793,17.108892152101475,carry_to_table,362.8361964726023,carry_to_table,707.3204996958409,approach_shelf,carry_to_table
794,17.019100125395813,carry_to_table,362.76074275415056,carry_to_table,708.8617397287188,approach_shelf,carry_to_table
795,16.93233959588575,carry_to_table,362.68562601552327,carry_to_table,710.4029911681407,approach_shelf,carry_to_table
796,16.84865739483985,carry_to_table,362.61084646614194,carry_to_table,711.9442539400262,approach_shelf,carry_to_table
797,16.768099610066937,carry_to_table,362.5364043146602,carry_to_table,713.4855279709343,approach_shelf,carry_to_table
798,16.690711481650712,carry_to_table,362.46229976896143,carry_to_table,715.0268131880571,approach_shelf,carry_to_table
799,16.616537295731234,carry_to_table,362.38853303615605,carry_to_table,716.5681095192123,approach_shelf,carry_to_table
800,16.545620276776866,carry_to_table,362.3151043225783,carry_to_table,718.1094168928372,approach_shelf,carry_to_table
801,16.478002478829,carry_to_table,362.2420138337838,carry_to_table,719.650735237981,approach_shelf,carry_to_table
802,16.413724676240978,carry_to_table,362.16926177454724,carry_to_table,721.1920644842996,approach_shelf,carry_to_table
803,16.35282625446543,carry_to_table,362.0968483488593,carry_to_table,722.7334045620481,approach_shelf,carry_to_table
804,16.295345101474968,carry_to_table,362.0247737599238,carry_to_table,724.2747554020751,approach_shelf,carry_to_table
805,16.241317500428988,carry_to_table,361.9530382101553,carry_to_table,725.8161169358158,approach_shelf,carry_to_table
806,16.190778024216684,carry_to_table,361.8816419011762,carry_to_table,727.3574890952858,approach_shelf,carry_to_table
807,16.143759432527336,carry_to_table,361.8105850338144,carry_to_table,728.8988718130765,approach_shelf,carry_to_table
808,16.100292572103132,carry_to_table,361.7398678081002,carry_to_table,730.4402650223466,approach_shelf,carry_to_table
809,16.060406280834346,carry_to_table,361.66949042326405,carry_to_table,731.981668656818,approach_shelf,carry_to_table
810,16.024127296353715,carry_to_table,361.5994530777337,carry_to_table,733.5230826507689,approach_shelf,carry_to_table
811,15.991480169770991,carry_to_table,361.52975596913143,carry_to_table,735.0645069390285,approach_shelf,carry_to_table
812,15.290921616530111,placement,361.4603992942714,carry_to_table,736.6059414569714,approach_shelf,carry_to_table
813,,,361.39138324915757,carry_to_table,738.147386140511,approach_shelf,
814,,,361.3227080289803,carry_to_table,739.6888409260946,approach_shelf,
815,,,361.2543738281141,carry_to_table,741.2303057506982,approach_shelf,
816,,,361.1863808401154,carry_to_table,742.7717805518201,approach_shelf,
817,,,361.1187292577192,carry_to_table,744.3132652674764,approach_shelf,
818,,,361.05141927283677,carry_to_table,745.8547598361943,approach_shelf,
819,,,360.9844510765533,carry_to_table,747.3962641970088,approach_shelf,
820,,,360.9178248591252,carry_to_table,748.937778289456,approach_shelf,
821,,,360.8515408099774,carry_to_table,750.4793020535686,approach_shelf,
822,,,360.78559911770077,carry_to_table,752.02083542987,approach_shelf,
823,,,360.71999997004974,carry_to_table,753.5623783593707,approach_shelf,
824,,,360.6547435539396,carry_to_table,755.1039307835621,approach_shelf,
825,,,360.5898300554443,carry_to_table,756.6454926444122,approach_shelf,
826,,,360.52525965979316,carry_to_table,758.1870638843606,approach_shelf,
827,,,360.46103255136927,carry_to_table,759.7286444463133,approach_shelf,
828,,,359.7333336019924,carry_to_table,760.7482765265916,approach_shelf,
